Job_ID,Job_Title,Company,Location,Country,Experience_Level,Employment_Type,Work_Mode,Salary_Min,Salary_Max,Salary_Currency,Posted_Date,Industry,Company_Size,Python,SQL,Power_BI,Excel,Tableau,Machine_Learning,Deep_Learning,TensorFlow,PyTorch,AWS,Azure,GCP,Statistics,NLP,Generative_AI,Years_Experience,Education,Job_Description,Average_Salary,Skill_Count
JOB11909,Data Scientist,Siemens,Pune,India,Mid Level,Full Time,On-site,890000,1250000,INR,2025-07-13,Technology,1000+,Yes,No,No,No,No,Yes,No,No,No,Yes,No,No,Yes,No,No,2,Master's,"Seeking a Data Scientist to support Technology projects. Key skills include Python, Machine Learning, AWS, Statistics. On-site role with mid level experience requirements.",1070000,4
JOB11640,Ai/Ml Intern,Infosys,Delhi,Australia,Senior,Full Time,Remote,350000,490000,AUD,2026-07-14,Finance,1000+,Yes,Yes,Yes,No,No,Yes,Yes,No,No,Yes,No,No,Yes,No,No,7,Bachelor's,"Seeking a AI/ML Intern to support Finance projects. Key skills include Python, SQL, Power BI, Machine Learning, Deep Learning, AWS, Statistics. Remote role with senior experience requirements.",420000,7
JOB11057,Bi Analyst,Amazon,Bangalore,India,Senior,Full Time,Remote,680000,890000,INR,2026-06-22,IT Services,1000+,No,Yes,Yes,No,No,No,No,No,No,No,No,Yes,No,No,Yes,9,Bachelor's,"Seeking a BI Analyst to support IT Services projects. Key skills include SQL, Power BI, GCP, Generative AI. Remote role with senior experience requirements.",785000,4
JOB10488,Data Scientist,Bosch,Noida,India,Entry Level,Full Time,Hybrid,760000,1030000,INR,2026-04-01,Finance,1-50,Yes,No,No,Yes,No,No,No,Yes,No,No,Yes,No,Yes,No,No,1,Bachelor's,"Seeking a Data Scientist to support Finance projects. Key skills include Python, Excel, TensorFlow, Azure, Statistics. Hybrid role with entry level experience requirements.",895000,5
JOB11229,Nlp Engineer,Deloitte,Delhi,India,Mid Level,Full Time,Remote,1000000,1390000,INR,2026-04-21,E-commerce,201-500,Yes,Yes,No,Yes,No,Yes,No,No,No,No,No,No,Yes,No,No,5,Master's,"Seeking a NLP Engineer to support E-commerce projects. Key skills include Python, SQL, Excel, Machine Learning, Statistics. Remote role with mid level experience requirements.",1195000,5
JOB10147,Data Engineer,LTIMindtree,Hyderabad,India,Entry Level,Full Time,Hybrid,700000,1050000,INR,2025-08-26,Manufacturing,501-1000,Yes,Yes,No,No,No,Yes,No,No,No,Yes,No,No,Yes,No,No,1,Bachelor's,"Seeking a Data Engineer to support Manufacturing projects. Key skills include Python, SQL, Machine Learning, AWS, Statistics. Hybrid role with entry level experience requirements.",875000,5
JOB10570,Data Scientist,Infosys,Bangalore,India,Mid Level,Part Time,Hybrid,710000,1030000,INR,2026-05-28,Finance,1000+,Yes,Yes,No,Yes,No,No,No,No,No,No,Yes,No,Yes,No,No,4,Bachelor's,"Seeking a Data Scientist to support Finance projects. Key skills include Python, SQL, Excel, Azure, Statistics. Hybrid role with mid level experience requirements.",870000,5
JOB10282,Data Scientist,NVIDIA,Mumbai,India,Mid Level,Full Time,Hybrid,770000,1030000,INR,2025-09-10,Technology,1-50,Yes,Yes,No,No,No,Yes,No,Yes,No,No,No,No,Yes,No,No,2,Master's,"Seeking a Data Scientist to support Technology projects. Key skills include Python, SQL, Machine Learning, TensorFlow, Statistics. Hybrid role with mid level experience requirements.",900000,5
JOB10958,Data Analyst,Deloitte,Hyderabad,India,Mid Level,Full Time,On-site,540000,640000,AUD,2025-04-13,Technology,1000+,Yes,Yes,No,Yes,No,No,Yes,No,No,No,No,No,Yes,No,No,5,Bachelor's,"Seeking a Data Analyst to support Technology projects. Key skills include Python, SQL, Excel, Deep Learning, Statistics. On-site role with mid level experience requirements.",590000,5
JOB10305,Bi Analyst,Deloitte,Hyderabad,India,Mid Level,Full Time,Hybrid,520000,690000,INR,2026-03-20,IT Services,501-1000,Yes,Yes,Yes,No,No,Yes,Yes,No,Yes,Yes,No,No,No,No,No,5,Bachelor's,"Seeking a BI Analyst to support IT Services projects. Key skills include Python, SQL, Power BI, Machine Learning, Deep Learning, PyTorch, AWS. Hybrid role with mid level experience requirements.",605000,7
JOB10503,Data Scientist,Microsoft,Gurgaon,India,Mid Level,Full Time,Remote,790000,1110000,INR,2026-05-04,Manufacturing,1000+,Yes,Yes,No,Yes,No,Yes,No,Yes,No,No,No,No,Yes,No,No,2,Diploma,"Seeking a Data Scientist to support Manufacturing projects. Key skills include Python, SQL, Excel, Machine Learning, TensorFlow, Statistics. Remote role with mid level experience requirements.",950000,6
JOB10320,Data Scientist,NVIDIA,Bangalore,India,Senior,Full Time,Remote,1280000,1570000,INR,2025-06-10,IT Services,501-1000,Yes,No,No,No,Yes,Yes,Yes,No,No,No,No,No,No,No,No,8,Master's,"Seeking a Data Scientist to support IT Services projects. Key skills include Python, Tableau, Machine Learning, Deep Learning. Remote role with senior experience requirements.",1425000,4
JOB10797,Ai/Ml Intern,Genpact,Gurgaon,India,Mid Level,Full Time,Remote,320000,430000,INR,2025-11-01,Consulting,1-50,Yes,No,Yes,No,No,Yes,Yes,No,No,No,No,Yes,Yes,No,No,3,Master's,"Seeking a AI/ML Intern to support Consulting projects. Key skills include Python, Power BI, Machine Learning, Deep Learning, GCP, Statistics. Remote role with mid level experience requirements.",375000,6
JOB10383,Data Engineer,Walmart Global Tech,Bangalore,India,Senior,Full Time,Remote,1080000,1350000,INR,2025-03-14,Healthcare,1000+,Yes,Yes,Yes,Yes,No,Yes,No,No,Yes,Yes,Yes,No,Yes,No,No,5,Bachelor's,"Seeking a Data Engineer to support Healthcare projects. Key skills include Python, SQL, Power BI, Excel, Machine Learning, PyTorch, AWS. Remote role with senior experience requirements.",1215000,9
JOB11105,Nlp Engineer,Deloitte,Pune,USA,Entry Level,Full Time,On-site,730000,1000000,INR,2025-04-26,Consulting,51-200,Yes,Yes,No,Yes,No,Yes,No,No,Yes,No,No,Yes,Yes,Yes,No,1,MBA,"Seeking a NLP Engineer to support Consulting projects. Key skills include Python, SQL, Excel, Machine Learning, PyTorch, GCP, Statistics. On-site role with entry level experience requirements.",865000,8
JOB11926,Data Analyst,JPMorgan Chase,Bangalore,USA,Lead,Full Time,Hybrid,780000,950000,USD,2026-05-19,Telecommunications,501-1000,No,Yes,No,Yes,No,No,No,Yes,No,Yes,No,No,No,Yes,No,12,Bachelor's,"Seeking a Data Analyst to support Telecommunications projects. Key skills include SQL, Excel, TensorFlow, AWS, NLP. Hybrid role with lead experience requirements.",865000,5
JOB11700,Ai Engineer,Walmart Global Tech,Kolkata,India,Mid Level,Internship,Remote,1030000,1290000,INR,2026-05-23,Finance,1000+,Yes,No,No,Yes,No,Yes,No,No,No,No,No,No,No,Yes,Yes,2,Bachelor's,"Seeking a AI Engineer to support Finance projects. Key skills include Python, Excel, Machine Learning, NLP, Generative AI. Remote role with mid level experience requirements.",1160000,5
JOB10402,Business Analyst,Oracle,Bangalore,India,Mid Level,Full Time,Remote,480000,660000,INR,2025-03-07,IT Services,1000+,Yes,Yes,No,Yes,Yes,No,No,No,No,Yes,No,No,Yes,No,No,4,Bachelor's,"Seeking a Business Analyst to support IT Services projects. Key skills include Python, SQL, Excel, Tableau, AWS, Statistics. Remote role with mid level experience requirements.",570000,6
JOB10727,Data Analyst,NVIDIA,Mumbai,India,Senior,Full Time,Remote,610000,760000,INR,2025-07-23,IT Services,1000+,Yes,Yes,No,Yes,No,No,Yes,No,No,No,No,Yes,Yes,No,No,10,Master's,"Seeking a Data Analyst to support IT Services projects. Key skills include Python, SQL, Excel, Deep Learning, GCP, Statistics. Remote role with senior experience requirements.",685000,6
JOB11518,Business Analyst,Persistent Systems,Pune,India,Mid Level,Full Time,On-site,620000,840000,CAD,2025-02-13,Telecommunications,1000+,Yes,Yes,No,Yes,No,Yes,No,No,No,No,No,No,Yes,No,No,4,Bachelor's,"Seeking a Business Analyst to support Telecommunications projects. Key skills include Python, SQL, Excel, Machine Learning, Statistics. On-site role with mid level experience requirements.",730000,5
JOB10437,Data Analyst,Wipro,Hyderabad,India,Mid Level,Full Time,On-site,590000,760000,INR,2026-07-10,Education,501-1000,No,Yes,No,Yes,Yes,No,Yes,No,No,No,Yes,No,No,No,No,5,MBA,"Seeking a Data Analyst to support Education projects. Key skills include SQL, Excel, Tableau, Deep Learning, Azure. On-site role with mid level experience requirements.",675000,5
JOB10260,Data Analyst,Capgemini,Noida,India,Entry Level,Internship,On-site,430000,590000,INR,2026-01-15,IT Services,1000+,Yes,Yes,No,No,Yes,No,No,No,No,Yes,No,No,Yes,No,No,2,Bachelor's,"Seeking a Data Analyst to support IT Services projects. Key skills include Python, SQL, Tableau, AWS, Statistics. On-site role with entry level experience requirements.",510000,5
JOB10836,Machine Learning Engineer,TCS,Bangalore,India,Mid Level,Full Time,On-site,1080000,1390000,GBP,2025-04-11,Technology,Unknown,No,Yes,Yes,No,No,Yes,No,Yes,No,No,No,Yes,Yes,No,No,5,Bachelor's,"Seeking a Machine Learning Engineer to support Technology projects. Key skills include SQL, Power BI, Machine Learning, TensorFlow, GCP, Statistics. On-site role with mid level experience requirements.",1235000,6
JOB10010,Bi Analyst,Tech Mahindra,Hyderabad,India,Entry Level,Internship,On-site,470000,660000,SGD,2026-08-10,Technology,1000+,No,Yes,Yes,Yes,Yes,No,No,No,No,Yes,No,No,Yes,No,Yes,0,Bachelor's,"Seeking a BI Analyst to support Technology projects. Key skills include SQL, Power BI, Excel, Tableau, AWS, Statistics, Generative AI. On-site role with entry level experience requirements.",565000,7
JOB11936,Ml Engineer,LTIMindtree,Pune,India,Mid Level,Full Time,Remote,1120000,1390000,USD,2025-11-11,Consulting,501-1000,Yes,Yes,Yes,Yes,No,Yes,Yes,Yes,No,No,No,No,No,Yes,Yes,2,Diploma,"Seeking a ML Engineer to support Consulting projects. Key skills include Python, SQL, Power BI, Excel, Machine Learning, Deep Learning, TensorFlow. Remote role with mid level experience requirements.",1255000,9
JOB10133,Data Analyst,Cognizant,Chennai,India,Mid Level,Full Time,Remote,600000,720000,USD,2025-12-10,IT Services,1000+,Yes,Yes,Yes,Yes,No,No,No,No,No,Yes,Yes,No,Yes,No,No,5,Master's,"Seeking a Data Analyst to support IT Services projects. Key skills include Python, SQL, Power BI, Excel, AWS, Azure, Statistics. Remote role with mid level experience requirements.",660000,7
JOB10837,Ai/Ml Intern,Amazon,Kolkata,India,Senior,Full Time,Hybrid,290000,430000,INR,2026-07-26,Consulting,1-50,Yes,No,Yes,No,No,Yes,No,No,Yes,Yes,No,No,No,No,No,6,Bachelor's,"Seeking a AI/ML Intern to support Consulting projects. Key skills include Python, Power BI, Machine Learning, PyTorch, AWS. Hybrid role with senior experience requirements.",360000,5
JOB11715,Data Analyst,IBM,Chennai,India,Mid Level,Full Time,Remote,480000,680000,GBP,2025-01-27,Consulting,201-500,Yes,Yes,Yes,Yes,No,No,No,No,No,Yes,No,No,Yes,Yes,No,3,MBA,"Seeking a Data Analyst to support Consulting projects. Key skills include Python, SQL, Power BI, Excel, AWS, Statistics, NLP. Remote role with mid level experience requirements.",580000,7
JOB11684,Ml Engineer,Amazon,Chennai,India,Mid Level,Contract,Hybrid,920000,1180000,AUD,2025-11-15,E-commerce,501-1000,Yes,No,No,Yes,No,Yes,Yes,No,No,Yes,No,No,Yes,No,Yes,3,PhD,"Seeking a ML Engineer to support E-commerce projects. Key skills include Python, Excel, Machine Learning, Deep Learning, AWS, Statistics, Generative AI. Hybrid role with mid level experience requirements.",1050000,7
JOB11149,Business Analyst,Oracle,Bangalore,Australia,Mid Level,Full Time,Remote,600000,760000,INR,2026-04-09,Telecommunications,1000+,Yes,Yes,No,Yes,Yes,No,No,Yes,No,Yes,No,No,Yes,No,Yes,3,Bachelor's,"Seeking a Business Analyst to support Telecommunications projects. Key skills include Python, SQL, Excel, Tableau, TensorFlow, AWS, Statistics. Remote role with mid level experience requirements.",680000,8
JOB10293,Ml Engineer,SAP,Mumbai,Germany,Mid Level,Full Time,Remote,820000,1020000,INR,2025-12-09,IT Services,201-500,Yes,No,No,No,No,Yes,No,No,No,No,No,No,No,No,Yes,4,Master's,"Seeking a ML Engineer to support IT Services projects. Key skills include Python, Machine Learning, Generative AI. Remote role with mid level experience requirements.",920000,3
JOB10397,Business Analyst,Genpact,Bangalore,India,Senior,Full Time,Hybrid,650000,810000,INR,2025-06-03,Manufacturing,501-1000,No,Yes,Yes,Yes,No,Yes,No,Yes,No,No,No,No,Yes,No,No,10,Bachelor's,"Seeking a Business Analyst to support Manufacturing projects. Key skills include SQL, Power BI, Excel, Machine Learning, TensorFlow, Statistics. Hybrid role with senior experience requirements.",730000,6
JOB10330,Data Scientist,SAP,Delhi,India,Entry Level,Full Time,Remote,760000,990000,INR,2026-01-28,Technology,1000+,Yes,Yes,No,No,No,No,Yes,No,No,Yes,No,Yes,No,No,No,0,Master's,"Seeking a Data Scientist to support Technology projects. Key skills include Python, SQL, Deep Learning, AWS, GCP. Remote role with entry level experience requirements.",875000,5
JOB10799,Bi Analyst,Genpact,Pune,Singapore,Mid Level,Internship,Hybrid,630000,740000,INR,2026-02-04,Finance,201-500,Yes,Yes,Yes,Yes,No,Yes,No,Yes,No,No,Yes,No,No,No,Yes,4,MBA,"Seeking a BI Analyst to support Finance projects. Key skills include Python, SQL, Power BI, Excel, Machine Learning, TensorFlow, Azure. Hybrid role with mid level experience requirements.",685000,8
JOB11957,Data Engineer,LTIMindtree,Bangalore,Singapore,Mid Level,Full Time,On-site,880000,1170000,INR,2026-07-03,Consulting,501-1000,Yes,Yes,Yes,Yes,No,No,No,No,No,No,Yes,No,Yes,No,No,5,Bachelor's,"Seeking a Data Engineer to support Consulting projects. Key skills include Python, SQL, Power BI, Excel, Azure, Statistics. On-site role with mid level experience requirements.",1025000,6
JOB11722,Data Analyst,Tech Mahindra,Gurgaon,India,Mid Level,Full Time,On-site,590000,790000,INR,2025-03-15,IT Services,1-50,No,Yes,No,Yes,No,No,Yes,Yes,No,Yes,Yes,No,Yes,No,No,5,Bachelor's,"Seeking a Data Analyst to support IT Services projects. Key skills include SQL, Excel, Deep Learning, TensorFlow, AWS, Azure, Statistics. On-site role with mid level experience requirements.",690000,7
JOB10233,Ai Engineer,Wipro,Kolkata,India,Mid Level,Full Time,Hybrid,1260000,1560000,INR,2025-03-23,Technology,1000+,Yes,Yes,No,No,No,Yes,Yes,No,No,No,No,No,Yes,No,Yes,4,Master's,"Seeking a AI Engineer to support Technology projects. Key skills include Python, SQL, Machine Learning, Deep Learning, Statistics, Generative AI. Hybrid role with mid level experience requirements.",1410000,6
JOB11893,Ml Engineer,JPMorgan Chase,Bangalore,India,Lead,Full Time,On-site,1230000,1430000,INR,2025-06-08,IT Services,1000+,Yes,Yes,No,No,No,Yes,Yes,Yes,No,Yes,Yes,Yes,No,Yes,No,8,Master's,"Seeking a ML Engineer to support IT Services projects. Key skills include Python, SQL, Machine Learning, Deep Learning, TensorFlow, AWS, Azure. On-site role with lead experience requirements.",1330000,9
JOB10712,Data Engineer,LTIMindtree,Hyderabad,India,Entry Level,Internship,On-site,720000,1020000,INR,2025-09-17,IT Services,1000+,Yes,Yes,Yes,Yes,Yes,No,No,Yes,No,Yes,No,No,Yes,No,No,1,Bachelor's,"Seeking a Data Engineer to support IT Services projects. Key skills include Python, SQL, Power BI, Excel, Tableau, TensorFlow, AWS. On-site role with entry level experience requirements.",870000,8
JOB10545,Data Engineer,Wipro,Pune,India,Entry Level,Full Time,Hybrid,700000,920000,USD,2026-01-27,IT Services,1000+,Yes,Yes,Yes,Yes,Yes,No,No,No,No,Yes,Yes,No,Yes,No,No,2,Bachelor's,"Seeking a Data Engineer to support IT Services projects. Key skills include Python, SQL, Power BI, Excel, Tableau, AWS, Azure. Hybrid role with entry level experience requirements.",810000,8
JOB10386,Ml Engineer,Adobe,Mumbai,Canada,Mid Level,Full Time,Remote,840000,1210000,CAD,2025-09-16,IT Services,1000+,No,No,No,Yes,Yes,Yes,No,No,Yes,Yes,No,No,Yes,No,No,2,PhD,"Seeking a ML Engineer to support IT Services projects. Key skills include Excel, Tableau, Machine Learning, PyTorch, AWS, Statistics. Remote role with mid level experience requirements.",1025000,6
JOB10027,Data Analyst,Microsoft,Pune,India,Mid Level,Internship,Hybrid,480000,670000,INR,2026-02-07,IT Services,501-1000,Yes,Yes,No,Yes,No,Yes,No,No,No,Yes,Yes,No,No,No,Yes,5,Master's,"Seeking a Data Analyst to support IT Services projects. Key skills include Python, SQL, Excel, Machine Learning, AWS, Azure, Generative AI. Hybrid role with mid level experience requirements.",575000,7
JOB10681,Ml Engineer,Persistent Systems,Remote,USA,Mid Level,Full Time,On-site,800000,1180000,INR,2025-06-30,Education,201-500,Yes,Yes,No,Yes,No,Yes,No,No,No,No,No,No,Yes,Yes,Yes,2,Bachelor's,"Seeking a ML Engineer to support Education projects. Key skills include Python, SQL, Excel, Machine Learning, Statistics, NLP, Generative AI. On-site role with mid level experience requirements.",990000,7
JOB10501,Bi Analyst,SAP,Pune,India,Entry Level,Full Time,On-site,470000,630000,INR,2025-02-08,Consulting,51-200,Yes,Yes,Yes,Yes,No,No,No,No,Yes,No,No,No,Yes,No,No,0,Bachelor's,"Seeking a BI Analyst to support Consulting projects. Key skills include Python, SQL, Power BI, Excel, PyTorch, Statistics. On-site role with entry level experience requirements.",550000,6
JOB11194,Data Engineer,Persistent Systems,Pune,India,Entry Level,Full Time,On-site,590000,770000,INR,2026-08-05,IT Services,1-50,Yes,Yes,Yes,No,Yes,No,No,Yes,Yes,No,Yes,No,No,No,No,0,Master's,"Seeking a Data Engineer to support IT Services projects. Key skills include Python, SQL, Power BI, Tableau, TensorFlow, PyTorch, Azure. On-site role with entry level experience requirements.",680000,7
JOB11956,Ai/Ml Intern,Microsoft,Kolkata,India,Senior,Internship,Hybrid,350000,470000,INR,2026-03-18,IT Services,1000+,Yes,Yes,Yes,No,No,No,No,No,No,No,No,No,Yes,Yes,No,6,Bachelor's,"Seeking a AI/ML Intern to support IT Services projects. Key skills include Python, SQL, Power BI, Statistics, NLP. Hybrid role with senior experience requirements.",410000,5
JOB10713,Machine Learning Engineer,Microsoft,Noida,India,Mid Level,Contract,On-site,1070000,1390000,INR,2025-09-25,Telecommunications,501-1000,Yes,No,No,No,No,Yes,Yes,No,No,No,Yes,No,Yes,Yes,No,3,Master's,"Seeking a Machine Learning Engineer to support Telecommunications projects. Key skills include Python, Machine Learning, Deep Learning, Azure, Statistics, NLP. On-site role with mid level experience requirements.",1230000,6
JOB11125,Data Engineer,Microsoft,Hyderabad,India,Mid Level,Full Time,Hybrid,750000,950000,INR,2025-05-23,Telecommunications,501-1000,Yes,Yes,No,No,No,No,No,No,Yes,Yes,No,No,No,No,No,2,Bachelor's,"Seeking a Data Engineer to support Telecommunications projects. Key skills include Python, SQL, PyTorch, AWS. Hybrid role with mid level experience requirements.",850000,4
JOB10978,Data Analyst,Deloitte,Remote,India,Senior,Full Time,Remote,750000,900000,INR,2026-05-06,Education,1-50,Yes,No,No,Yes,No,Yes,Yes,No,No,No,Yes,No,No,No,No,9,Bachelor's,"Seeking a Data Analyst to support Education projects. Key skills include Python, Excel, Machine Learning, Deep Learning, Azure. Remote role with senior experience requirements.",825000,5
JOB10003,Bi Analyst,Siemens,Noida,India,Mid Level,Full Time,On-site,500000,710000,INR,2026-04-06,E-commerce,201-500,Yes,Yes,No,Yes,Yes,Yes,Yes,Yes,No,No,No,No,No,No,No,4,Bachelor's,"Seeking a BI Analyst to support E-commerce projects. Key skills include Python, SQL, Excel, Tableau, Machine Learning, Deep Learning, TensorFlow. On-site role with mid level experience requirements.",605000,7
JOB10863,Ai Engineer,Amazon,Delhi,India,Mid Level,Full Time,On-site,1260000,1690000,INR,2026-04-21,E-commerce,51-200,Yes,No,Yes,Yes,No,Yes,No,No,No,Yes,No,No,No,Yes,No,5,Bachelor's,"Seeking a AI Engineer to support E-commerce projects. Key skills include Python, Power BI, Excel, Machine Learning, AWS, NLP. On-site role with mid level experience requirements.",1475000,6
JOB11695,Machine Learning Engineer,IBM,Remote,UK,Mid Level,Full Time,Hybrid,1070000,1300000,INR,2025-06-16,IT Services,501-1000,Yes,Yes,No,Yes,Yes,Yes,Yes,Yes,No,No,No,Yes,Yes,No,Yes,2,Bachelor's,"Seeking a Machine Learning Engineer to support IT Services projects. Key skills include Python, SQL, Excel, Tableau, Machine Learning, Deep Learning, TensorFlow. Hybrid role with mid level experience requirements.",1185000,10
JOB10479,Nlp Engineer,Capgemini,Kolkata,India,Entry Level,Full Time,Hybrid,760000,1090000,SGD,2025-06-24,Technology,501-1000,Yes,Yes,Yes,No,No,No,Yes,No,Yes,No,No,No,No,Yes,No,1,Master's,"Seeking a NLP Engineer to support Technology projects. Key skills include Python, SQL, Power BI, Deep Learning, PyTorch, NLP. Hybrid role with entry level experience requirements.",925000,6
JOB11598,Data Analyst,Walmart Global Tech,Noida,Singapore,Mid Level,Full Time,Hybrid,460000,580000,INR,2026-07-30,IT Services,Unknown,No,Yes,No,Yes,No,Yes,No,No,No,No,No,No,No,No,Yes,3,Bachelor's,"Seeking a Data Analyst to support IT Services projects. Key skills include SQL, Excel, Machine Learning, Generative AI. Hybrid role with mid level experience requirements.",520000,4
JOB10489,Ai/Ml Intern,Walmart Global Tech,Bangalore,USA,Mid Level,Internship,Hybrid,220000,330000,INR,2025-09-26,Technology,Unknown,Yes,Yes,No,No,No,Yes,No,No,No,No,No,No,No,No,Yes,3,Master's,"Seeking a AI/ML Intern to support Technology projects. Key skills include Python, SQL, Machine Learning, Generative AI. Hybrid role with mid level experience requirements.",275000,4
JOB11048,Data Analyst,Oracle,Mumbai,India,Mid Level,Full Time,Remote,630000,750000,AUD,2025-11-22,Technology,501-1000,No,Yes,Yes,No,Yes,Yes,No,Yes,No,No,Yes,No,No,No,No,2,Bachelor's,"Seeking a Data Analyst to support Technology projects. Key skills include SQL, Power BI, Tableau, Machine Learning, TensorFlow, Azure. Remote role with mid level experience requirements.",690000,6
JOB11160,Data Analyst,Cognizant,Delhi,Singapore,Mid Level,Full Time,On-site,620000,790000,INR,2026-03-09,Manufacturing,1000+,Yes,Yes,Yes,Yes,No,Yes,No,No,No,No,Yes,No,No,No,No,4,Master's,"Seeking a Data Analyst to support Manufacturing projects. Key skills include Python, SQL, Power BI, Excel, Machine Learning, Azure. On-site role with mid level experience requirements.",705000,6
JOB10631,Bi Analyst,Amazon,Ahmedabad,India,Entry Level,Full Time,Hybrid,400000,580000,INR,2025-06-11,Healthcare,201-500,No,Yes,No,No,Yes,No,No,No,Yes,No,No,No,No,No,No,0,PhD,"Seeking a BI Analyst to support Healthcare projects. Key skills include SQL, Tableau, PyTorch. Hybrid role with entry level experience requirements.",490000,3
JOB10406,Business Analyst,COGNIZANT,Pune,India,Lead,Full Time,Hybrid,980000,1120000,INR,2026-02-11,Manufacturing,501-1000,Yes,No,Yes,Yes,No,No,No,No,Yes,No,Yes,Yes,Yes,No,No,8,Bachelor's,"Seeking a Business Analyst to support Manufacturing projects. Key skills include Python, Power BI, Excel, PyTorch, Azure, GCP, Statistics. Hybrid role with lead experience requirements.",1050000,7
JOB11117,Data Analyst,Cisco,Bangalore,India,Mid Level,Contract,Remote,500000,670000,EUR,2026-03-07,IT Services,201-500,No,Yes,Yes,No,Yes,Yes,No,No,No,No,Yes,No,No,No,No,2,Master's,"Seeking a Data Analyst to support IT Services projects. Key skills include SQL, Power BI, Tableau, Machine Learning, Azure. Remote role with mid level experience requirements.",585000,5
JOB11840,Data Scientist,HCLTech,Kolkata,Germany,Mid Level,Full Time,Hybrid,850000,1170000,INR,2026-01-20,E-commerce,501-1000,Yes,Yes,No,No,Yes,No,No,No,No,No,Yes,Yes,Yes,No,No,5,Bachelor's,"Seeking a Data Scientist to support E-commerce projects. Key skills include Python, SQL, Tableau, Azure, GCP, Statistics. Hybrid role with mid level experience requirements.",1010000,6
JOB10821,Ml Engineer,Cognizant,Mumbai,India,Mid Level,Full Time,On-site,890000,1140000,USD,2025-12-31,IT Services,1000+,Yes,No,No,Yes,Yes,Yes,No,No,No,No,No,No,Yes,No,No,3,Bachelor's,"Seeking a ML Engineer to support IT Services projects. Key skills include Python, Excel, Tableau, Machine Learning, Statistics. On-site role with mid level experience requirements.",1015000,5
JOB10234,Ai Engineer,Walmart Global Tech,Delhi,India,Lead,Full Time,Remote,1740000,2140000,INR,2025-01-01,Telecommunications,1000+,Yes,No,Yes,No,Yes,Yes,No,No,Yes,No,No,No,No,No,No,14,Master's,"Seeking a AI Engineer to support Telecommunications projects. Key skills include Python, Power BI, Tableau, Machine Learning, PyTorch. Remote role with lead experience requirements.",1940000,5
JOB11429,Data Engineer,Accenture,Hyderabad,India,Senior,Full Time,Hybrid,1010000,1180000,CAD,2026-04-04,Education,1000+,Yes,Yes,Yes,No,Yes,Yes,No,No,Yes,No,Yes,Yes,No,No,Yes,6,Bachelor's,"Seeking a Data Engineer to support Education projects. Key skills include Python, SQL, Power BI, Tableau, Machine Learning, PyTorch, Azure. Hybrid role with senior experience requirements.",1095000,9
JOB10374,Bi Analyst,Siemens,Bangalore,India,Mid Level,Full Time,On-site,640000,760000,SGD,2026-02-26,Healthcare,1000+,No,Yes,Yes,Yes,No,No,No,Yes,No,Yes,No,No,Yes,No,Yes,3,MBA,"Seeking a BI Analyst to support Healthcare projects. Key skills include SQL, Power BI, Excel, TensorFlow, AWS, Statistics, Generative AI. On-site role with mid level experience requirements.",700000,7
JOB11376,Business Analyst,Infosys,Hyderabad,Canada,Entry Level,Contract,On-site,420000,620000,INR,2026-06-17,Healthcare,201-500,Yes,Yes,Yes,Yes,No,No,No,No,No,No,No,No,No,No,No,1,Bachelor's,"Seeking a Business Analyst to support Healthcare projects. Key skills include Python, SQL, Power BI, Excel. On-site role with entry level experience requirements.",520000,4
JOB10584,Data Scientist,NVIDIA,Bangalore,USA,Mid Level,Full Time,On-site,810000,1050000,USD,2025-05-29,Manufacturing,201-500,Yes,Yes,No,Yes,No,Yes,No,No,No,No,No,No,Yes,No,No,5,Diploma,"Seeking a Data Scientist to support Manufacturing projects. Key skills include Python, SQL, Excel, Machine Learning, Statistics. On-site role with mid level experience requirements.",930000,5
JOB11907,Ai/Ml Intern,Cisco,Mumbai,India,Mid Level,Full Time,On-site,220000,320000,INR,2025-06-04,Finance,1000+,Yes,Yes,No,Yes,Yes,Yes,No,No,No,Yes,No,Yes,Yes,Yes,Yes,4,Master's,"Seeking a AI/ML Intern to support Finance projects. Key skills include Python, SQL, Excel, Tableau, Machine Learning, AWS, GCP. On-site role with mid level experience requirements.",270000,10
JOB10212,Bi Analyst,Amazon,Ahmedabad,USA,Mid Level,Contract,Hybrid,640000,760000,AUD,2025-12-11,Technology,1000+,Yes,Yes,Yes,No,No,No,No,No,Yes,No,No,No,No,No,No,5,Bachelor's,"Seeking a BI Analyst to support Technology projects. Key skills include Python, SQL, Power BI, PyTorch. Hybrid role with mid level experience requirements.",700000,4
JOB11466,Data Analyst,JPMorgan Chase,Pune,India,Entry Level,Full Time,Hybrid,390000,570000,INR,2025-05-01,Manufacturing,501-1000,No,Yes,Yes,Yes,Yes,No,No,No,Yes,No,No,No,No,No,Yes,0,Bachelor's,"Seeking a Data Analyst to support Manufacturing projects. Key skills include SQL, Power BI, Excel, Tableau, PyTorch, Generative AI. Hybrid role with entry level experience requirements.",480000,6
JOB11422,Ai Engineer,Accenture,Mumbai,UK,Entry Level,Full Time,Remote,970000,1400000,AUD,2025-10-15,Healthcare,51-200,Yes,No,No,Yes,No,No,No,No,No,No,No,Yes,Yes,No,No,0,Bachelor's,"Seeking a AI Engineer to support Healthcare projects. Key skills include Python, Excel, GCP, Statistics. Remote role with entry level experience requirements.",1185000,4
JOB10017,Data Scientist,IBM,Kolkata,India,Lead,Full Time,Hybrid,1070000,1270000,CAD,2026-01-11,IT Services,1000+,Yes,No,No,Yes,No,Yes,Yes,Yes,No,No,No,No,Yes,Yes,No,8,Master's,"Seeking a Data Scientist to support IT Services projects. Key skills include Python, Excel, Machine Learning, Deep Learning, TensorFlow, Statistics, NLP. Hybrid role with lead experience requirements.",1170000,7
JOB11287,Data Analyst,HCLTech,Ahmedabad,USA,Senior,Full Time,Remote,570000,670000,INR,2025-07-14,Healthcare,1000+,Yes,Yes,Yes,Yes,Yes,No,No,No,No,No,No,No,No,No,No,9,Master's,"Seeking a Data Analyst to support Healthcare projects. Key skills include Python, SQL, Power BI, Excel, Tableau. Remote role with senior experience requirements.",620000,5
JOB10392,Machine Learning Engineer,Walmart Global Tech,Bangalore,India,Mid Level,Full Time,Hybrid,860000,1070000,INR,2025-09-23,E-commerce,201-500,Yes,Yes,No,Yes,No,No,No,No,No,No,Yes,No,Yes,No,No,4,Diploma,"Seeking a Machine Learning Engineer to support E-commerce projects. Key skills include Python, SQL, Excel, Azure, Statistics. Hybrid role with mid level experience requirements.",965000,5
JOB10087,Bi Analyst,Walmart Global Tech,Noida,Canada,Entry Level,Contract,Hybrid,560000,750000,INR,2026-03-11,Manufacturing,201-500,Yes,Yes,Yes,Yes,No,No,No,No,Yes,No,Yes,No,Yes,No,No,1,Master's,"Seeking a BI Analyst to support Manufacturing projects. Key skills include Python, SQL, Power BI, Excel, PyTorch, Azure, Statistics. Hybrid role with entry level experience requirements.",655000,7
JOB10112,Data Analyst,Persistent Systems,Hyderabad,India,Mid Level,Full Time,Hybrid,470000,620000,INR,2025-10-07,IT Services,1000+,No,Yes,Yes,Yes,No,No,No,No,No,Yes,No,No,No,Yes,No,4,Bachelor's,"Seeking a Data Analyst to support IT Services projects. Key skills include SQL, Power BI, Excel, AWS, NLP. Hybrid role with mid level experience requirements.",545000,5
JOB10984,Data Analyst,Genpact,Gurgaon,India,Senior,Full Time,Hybrid,660000,860000,INR,2025-01-08,Telecommunications,1000+,Yes,Yes,No,Yes,No,Yes,No,No,No,No,No,No,Yes,No,Yes,5,Bachelor's,"Seeking a Data Analyst to support Telecommunications projects. Key skills include Python, SQL, Excel, Machine Learning, Statistics, Generative AI. Hybrid role with senior experience requirements.",760000,6
JOB11644,Data Engineer,Deloitte,Ahmedabad,India,Mid Level,Full Time,Hybrid,750000,1050000,INR,2025-11-09,Technology,501-1000,Yes,Yes,Yes,No,No,Yes,Yes,No,Yes,Yes,No,Yes,Yes,No,Yes,5,Bachelor's,"Seeking a Data Engineer to support Technology projects. Key skills include Python, SQL, Power BI, Machine Learning, Deep Learning, PyTorch, AWS. Hybrid role with mid level experience requirements.",900000,10
JOB11755,Nlp Engineer,TCS,Hyderabad,India,Mid Level,Full Time,On-site,860000,1220000,INR,2026-07-27,IT Services,1000+,Yes,Yes,No,Yes,Yes,Yes,No,Yes,No,No,No,No,No,No,No,4,Bachelor's,"Seeking a NLP Engineer to support IT Services projects. Key skills include Python, SQL, Excel, Tableau, Machine Learning, TensorFlow. On-site role with mid level experience requirements.",1040000,6
JOB11217,Data Analyst,Walmart Global Tech,Chennai,India,Entry Level,Full Time,On-site,390000,540000,USD,2026-04-04,Technology,1000+,Yes,Yes,Yes,No,No,No,No,No,Yes,Yes,No,No,No,No,No,0,Master's,"Seeking a Data Analyst to support Technology projects. Key skills include Python, SQL, Power BI, PyTorch, AWS. On-site role with entry level experience requirements.",465000,5
JOB11660,Machine Learning Engineer,Adobe,Pune,India,Entry Level,Full Time,Remote,720000,990000,INR,2025-06-09,Finance,201-500,Yes,No,No,Yes,Yes,Yes,Yes,No,Yes,Yes,No,No,Yes,Yes,No,2,PhD,"Seeking a Machine Learning Engineer to support Finance projects. Key skills include Python, Excel, Tableau, Machine Learning, Deep Learning, PyTorch, AWS. Remote role with entry level experience requirements.",855000,9
JOB11643,Ai Engineer,Google,Bangalore,India,Entry Level,Contract,Remote,880000,1270000,INR,2026-08-03,IT Services,1-50,Yes,Yes,No,Yes,No,No,Yes,No,No,No,No,No,No,No,No,0,Master's,"Seeking a AI Engineer to support IT Services projects. Key skills include Python, SQL, Excel, Deep Learning. Remote role with entry level experience requirements.",1075000,4
JOB10737,Machine Learning Engineer,IBM,Gurgaon,India,Mid Level,Full Time,Hybrid,990000,1270000,INR,2025-09-05,Finance,501-1000,Yes,No,Yes,No,No,Yes,Yes,No,No,No,No,No,Yes,No,No,5,Bachelor's,"Seeking a Machine Learning Engineer to support Finance projects. Key skills include Python, Power BI, Machine Learning, Deep Learning, Statistics. Hybrid role with mid level experience requirements.",1130000,5
JOB10952,Data Engineer,Genpact,Noida,India,Senior,Full Time,Hybrid,1050000,1280000,GBP,2025-02-20,Finance,501-1000,Yes,No,Yes,No,No,No,No,No,No,Yes,Yes,Yes,Yes,No,No,6,MBA,"Seeking a Data Engineer to support Finance projects. Key skills include Python, Power BI, AWS, Azure, GCP, Statistics. Hybrid role with senior experience requirements.",1165000,6
JOB10811,Nlp Engineer,HCLTech,Delhi,India,Entry Level,Full Time,On-site,810000,1130000,INR,2026-05-02,Education,51-200,Yes,No,Yes,No,Yes,No,No,No,Yes,No,No,No,No,Yes,No,2,Master's,"Seeking a NLP Engineer to support Education projects. Key skills include Python, Power BI, Tableau, PyTorch, NLP. On-site role with entry level experience requirements.",970000,5
JOB10352,Business Analyst,Genpact,Kolkata,USA,Mid Level,Full Time,On-site,490000,680000,GBP,2025-10-15,Healthcare,1000+,Yes,No,Yes,Yes,Yes,No,No,No,Yes,No,No,Yes,Yes,No,No,2,Diploma,"Seeking a Business Analyst to support Healthcare projects. Key skills include Python, Power BI, Excel, Tableau, PyTorch, GCP, Statistics. On-site role with mid level experience requirements.",585000,7
JOB11545,Nlp Engineer,Siemens,Kolkata,India,Mid Level,Contract,Hybrid,1100000,1310000,INR,2025-04-21,IT Services,201-500,Yes,No,No,Yes,No,No,No,No,Yes,No,No,No,No,No,No,4,Bachelor's,"Seeking a NLP Engineer to support IT Services projects. Key skills include Python, Excel, PyTorch. Hybrid role with mid level experience requirements.",1205000,3
JOB10807,Ai/Ml Intern,Cisco,Chennai,India,Mid Level,Full Time,On-site,260000,370000,USD,2025-08-06,IT Services,1000+,Yes,Yes,No,Yes,No,Yes,Yes,No,No,Yes,No,Yes,No,No,No,4,Bachelor's,"Seeking a AI/ML Intern to support IT Services projects. Key skills include Python, SQL, Excel, Machine Learning, Deep Learning, AWS, GCP. On-site role with mid level experience requirements.",315000,7
JOB11452,Data Engineer,HCLTech,Pune,India,Mid Level,Contract,Remote,900000,1080000,INR,2026-02-01,IT Services,1000+,No,Yes,No,Yes,No,No,Yes,No,No,No,No,No,No,No,No,5,Master's,"Seeking a Data Engineer to support IT Services projects. Key skills include SQL, Excel, Deep Learning. Remote role with mid level experience requirements.",990000,3
JOB11156,Bi Analyst,Google,Bangalore,USA,Lead,Contract,Hybrid,800000,1010000,INR,2025-01-30,Technology,501-1000,Yes,Yes,No,No,Yes,Yes,No,No,Yes,No,No,Yes,No,No,Yes,11,Bachelor's,"Seeking a BI Analyst to support Technology projects. Key skills include Python, SQL, Tableau, Machine Learning, PyTorch, GCP, Generative AI. Hybrid role with lead experience requirements.",905000,7
JOB11202,Data Analyst,HCLTech,Pune,Singapore,Entry Level,Full Time,On-site,380000,520000,INR,2025-04-13,Manufacturing,201-500,Yes,Yes,Yes,Yes,No,Yes,No,No,No,No,No,Yes,No,No,No,0,Bachelor's,"Seeking a Data Analyst to support Manufacturing projects. Key skills include Python, SQL, Power BI, Excel, Machine Learning, GCP. On-site role with entry level experience requirements.",450000,6
JOB11292,Data Analyst,Accenture,Bangalore,India,Senior,Full Time,Remote,640000,800000,USD,2026-08-05,Consulting,501-1000,Yes,Yes,Yes,Yes,No,No,No,No,No,No,Yes,Yes,Yes,No,No,10,Bachelor's,"Seeking a Data Analyst to support Consulting projects. Key skills include Python, SQL, Power BI, Excel, Azure, GCP, Statistics. Remote role with senior experience requirements.",720000,7
JOB11097,Data Scientist,Genpact,Bangalore,India,Mid Level,Full Time,On-site,830000,1120000,INR,2025-06-06,Education,201-500,Yes,No,No,Yes,Yes,No,No,No,No,No,No,No,No,No,No,2,Bachelor's,"Seeking a Data Scientist to support Education projects. Key skills include Python, Excel, Tableau. On-site role with mid level experience requirements.",975000,3
JOB10908,Data Scientist,NVIDIA,Pune,India,Entry Level,Full Time,On-site,580000,920000,INR,2025-02-26,IT Services,51-200,Yes,Yes,Yes,No,No,Yes,No,No,No,No,Yes,No,Yes,No,No,2,Bachelor's,"Seeking a Data Scientist to support IT Services projects. Key skills include Python, SQL, Power BI, Machine Learning, Azure, Statistics. On-site role with entry level experience requirements.",750000,6
JOB10351,Ai Engineer,Infosys,Hyderabad,UK,Entry Level,Full Time,On-site,880000,1310000,INR,2025-10-31,Consulting,1000+,Yes,Yes,Yes,Yes,No,Yes,No,No,No,No,No,No,No,No,No,2,Diploma,"Seeking a AI Engineer to support Consulting projects. Key skills include Python, SQL, Power BI, Excel, Machine Learning. On-site role with entry level experience requirements.",1095000,5
JOB11197,Nlp Engineer,JPMORGAN CHASE,Ahmedabad,Germany,Entry Level,Full Time,Hybrid,800000,1020000,INR,2025-03-21,Healthcare,1000+,No,No,No,Yes,No,No,No,No,No,No,No,Yes,No,Yes,Yes,1,Bachelor's,"Seeking a NLP Engineer to support Healthcare projects. Key skills include Excel, GCP, NLP, Generative AI. Hybrid role with entry level experience requirements.",910000,4
JOB10465,Nlp Engineer,Oracle,Gurgaon,India,Senior,Full Time,Hybrid,1110000,1460000,INR,2026-01-19,Manufacturing,51-200,No,Yes,No,No,Yes,Yes,No,Yes,Yes,Yes,No,No,Yes,Yes,Yes,6,Master's,"Seeking a NLP Engineer to support Manufacturing projects. Key skills include SQL, Tableau, Machine Learning, TensorFlow, PyTorch, AWS, Statistics. Hybrid role with senior experience requirements.",1285000,9
JOB10317,Machine Learning Engineer,SAP,Bangalore,Germany,Mid Level,Full Time,Hybrid,980000,1410000,INR,2025-06-05,Technology,51-200,Yes,No,Yes,No,Yes,Yes,Yes,No,No,Yes,No,No,No,No,No,2,Bachelor's,"Seeking a Machine Learning Engineer to support Technology projects. Key skills include Python, Power BI, Tableau, Machine Learning, Deep Learning, AWS. Hybrid role with mid level experience requirements.",1195000,6
JOB11079,Data Analyst,Walmart Global Tech,Chennai,India,Senior,Full Time,Hybrid,750000,920000,INR,2026-01-22,Technology,1-50,Yes,Yes,No,No,No,Yes,No,No,No,Yes,No,No,Yes,Yes,No,8,Bachelor's,"Seeking a Data Analyst to support Technology projects. Key skills include Python, SQL, Machine Learning, AWS, Statistics, NLP. Hybrid role with senior experience requirements.",835000,6
JOB11504,Data Scientist,Deloitte,Noida,India,Entry Level,Full Time,On-site,640000,850000,AUD,2025-04-13,E-commerce,201-500,Yes,Yes,Yes,Yes,No,Yes,No,No,No,No,No,No,Yes,No,No,2,Master's,"Seeking a Data Scientist to support E-commerce projects. Key skills include Python, SQL, Power BI, Excel, Machine Learning, Statistics. On-site role with entry level experience requirements.",745000,6
JOB10016,Data Analyst,Oracle,Noida,India,Entry Level,Contract,On-site,460000,570000,INR,2025-08-06,IT Services,1000+,Yes,Yes,No,Yes,No,No,No,No,No,No,No,No,Yes,No,No,0,Bachelor's,"Seeking a Data Analyst to support IT Services projects. Key skills include Python, SQL, Excel, Statistics. On-site role with entry level experience requirements.",515000,4
JOB10587,Data Analyst,NVIDIA,Pune,India,Entry Level,Full Time,Hybrid,460000,630000,SGD,2025-12-29,Finance,1-50,Yes,Yes,Yes,Yes,No,No,No,No,No,Yes,Yes,No,Yes,No,No,1,Bachelor's,"Seeking a Data Analyst to support Finance projects. Key skills include Python, SQL, Power BI, Excel, AWS, Azure, Statistics. Hybrid role with entry level experience requirements.",545000,7
JOB11527,Data Scientist,Siemens,Bangalore,India,Entry Level,Full Time,Hybrid,790000,1020000,INR,2025-03-18,IT Services,1-50,Yes,Yes,No,No,Yes,Yes,No,No,No,Yes,Yes,No,Yes,Yes,No,1,MBA,"Seeking a Data Scientist to support IT Services projects. Key skills include Python, SQL, Tableau, Machine Learning, AWS, Azure, Statistics. Hybrid role with entry level experience requirements.",905000,8
JOB11249,Ai/Ml Intern,Bosch,Kolkata,India,Mid Level,Full Time,On-site,250000,320000,INR,2025-11-26,Consulting,51-200,Yes,No,No,Yes,No,Yes,No,No,No,No,No,Yes,Yes,No,No,2,Bachelor's,"Seeking a AI/ML Intern to support Consulting projects. Key skills include Python, Excel, Machine Learning, GCP, Statistics. On-site role with mid level experience requirements.",285000,5
JOB11073,Data Analyst,JPMorgan Chase,Delhi,India,Lead,Internship,Hybrid,740000,880000,CAD,2025-01-13,Education,201-500,No,Yes,No,No,No,No,No,No,No,No,No,No,Yes,No,No,12,Unknown,"Seeking a Data Analyst to support Education projects. Key skills include SQL, Statistics. Hybrid role with lead experience requirements.",810000,2
JOB10947,Data Analyst,NVIDIA,Gurgaon,India,Entry Level,Full Time,On-site,430000,550000,USD,2025-12-28,Technology,1000+,Yes,No,No,No,No,No,No,No,No,No,No,No,Yes,Yes,No,1,Bachelor's,"Seeking a Data Analyst to support Technology projects. Key skills include Python, Statistics, NLP. On-site role with entry level experience requirements.",490000,3
JOB10705,Data Analyst,SAP,Pune,India,Senior,Full Time,Hybrid,630000,840000,INR,2025-02-06,Healthcare,501-1000,No,Yes,Yes,No,No,Yes,No,Yes,Yes,Yes,No,No,Yes,No,Yes,8,Bachelor's,"Seeking a Data Analyst to support Healthcare projects. Key skills include SQL, Power BI, Machine Learning, TensorFlow, PyTorch, AWS, Statistics. Hybrid role with senior experience requirements.",735000,8
JOB11804,Data Scientist,Genpact,Mumbai,India,Senior,Full Time,Hybrid,1250000,1580000,INR,2026-01-03,Finance,51-200,Yes,Yes,No,No,Yes,Yes,No,No,No,Yes,No,No,Yes,No,No,8,Master's,"Seeking a Data Scientist to support Finance projects. Key skills include Python, SQL, Tableau, Machine Learning, AWS, Statistics. Hybrid role with senior experience requirements.",1415000,6
JOB10619,Ml Engineer,Accenture,Chennai,India,Entry Level,Full Time,Hybrid,630000,950000,INR,2026-06-26,Consulting,1-50,Yes,Yes,No,No,No,Yes,No,No,No,No,No,No,Yes,No,No,2,Bachelor's,"Seeking a ML Engineer to support Consulting projects. Key skills include Python, SQL, Machine Learning, Statistics. Hybrid role with entry level experience requirements.",790000,4
JOB10116,Business Analyst,JPMorgan Chase,Delhi,Singapore,Lead,Full Time,Remote,830000,1060000,INR,2025-10-24,Technology,51-200,No,No,Yes,Yes,No,No,No,No,Yes,Yes,No,Yes,No,No,No,10,Bachelor's,"Seeking a Business Analyst to support Technology projects. Key skills include Power BI, Excel, PyTorch, AWS, GCP. Remote role with lead experience requirements.",945000,5
JOB11879,Data Scientist,Tech Mahindra,Pune,USA,Mid Level,Full Time,On-site,870000,1180000,INR,2025-11-18,E-commerce,501-1000,Yes,No,Yes,No,Yes,Yes,No,No,Yes,No,No,No,No,Yes,No,2,Bachelor's,"Seeking a Data Scientist to support E-commerce projects. Key skills include Python, Power BI, Tableau, Machine Learning, PyTorch, NLP. On-site role with mid level experience requirements.",1025000,6
JOB11912,Business Analyst,Persistent Systems,Ahmedabad,USA,Mid Level,Full Time,On-site,550000,770000,INR,2025-10-07,Finance,201-500,Yes,Yes,Yes,Yes,No,Yes,No,No,No,Yes,No,No,Yes,No,No,4,Diploma,"Seeking a Business Analyst to support Finance projects. Key skills include Python, SQL, Power BI, Excel, Machine Learning, AWS, Statistics. On-site role with mid level experience requirements.",660000,7
JOB10168,Data Analyst,Persistent Systems,Ahmedabad,UK,Entry Level,Full Time,Hybrid,430000,540000,CAD,2026-05-18,IT Services,1-50,No,Yes,No,No,No,No,No,Yes,No,No,Yes,No,Yes,No,No,1,PhD,"Seeking a Data Analyst to support IT Services projects. Key skills include SQL, TensorFlow, Azure, Statistics. Hybrid role with entry level experience requirements.",485000,4
JOB11014,Data Analyst,Genpact,Delhi,India,Senior,Full Time,Hybrid,700000,890000,CAD,2026-04-25,E-commerce,1000+,No,Yes,Yes,Yes,No,No,No,No,Yes,Yes,No,No,Yes,Yes,No,7,Bachelor's,"Seeking a Data Analyst to support E-commerce projects. Key skills include SQL, Power BI, Excel, PyTorch, AWS, Statistics, NLP. Hybrid role with senior experience requirements.",795000,7
JOB11829,Ml Engineer,TCS,Mumbai,India,Mid Level,Full Time,On-site,790000,1220000,INR,2025-03-29,Finance,1000+,Yes,Yes,No,Yes,No,Yes,No,Yes,Yes,Yes,Yes,No,Yes,Yes,Yes,3,PhD,"Seeking a ML Engineer to support Finance projects. Key skills include Python, SQL, Excel, Machine Learning, TensorFlow, PyTorch, AWS. On-site role with mid level experience requirements.",1005000,11
JOB10779,Bi Analyst,HCLTech,Ahmedabad,India,Entry Level,Contract,On-site,550000,720000,INR,2025-07-20,Healthcare,1000+,Yes,Yes,Yes,Yes,No,No,No,No,No,Yes,No,Yes,No,Yes,Yes,0,Bachelor's,"Seeking a BI Analyst to support Healthcare projects. Key skills include Python, SQL, Power BI, Excel, AWS, GCP, NLP. On-site role with entry level experience requirements.",635000,8
JOB11009,Data Scientist,LTIMindtree,Bangalore,UK,Mid Level,Full Time,Hybrid,810000,990000,INR,2026-05-30,Manufacturing,201-500,Yes,Yes,No,Yes,No,Yes,No,No,No,No,No,No,Yes,No,Yes,2,Diploma,"Seeking a Data Scientist to support Manufacturing projects. Key skills include Python, SQL, Excel, Machine Learning, Statistics, Generative AI. Hybrid role with mid level experience requirements.",900000,6
JOB10525,Ml Engineer,Genpact,Mumbai,India,Senior,Internship,On-site,1300000,1710000,USD,2026-03-04,Education,201-500,Yes,No,No,Yes,No,Yes,No,No,Yes,No,Yes,No,No,No,No,5,Bachelor's,"Seeking a ML Engineer to support Education projects. Key skills include Python, Excel, Machine Learning, PyTorch, Azure. On-site role with senior experience requirements.",1505000,5
JOB10759,Business Analyst,Deloitte,Gurgaon,India,Mid Level,Full Time,Hybrid,520000,690000,USD,2025-04-19,IT Services,501-1000,Yes,Yes,Yes,No,No,Yes,No,No,No,No,Yes,No,Yes,Yes,No,4,Bachelor's,"Seeking a Business Analyst to support IT Services projects. Key skills include Python, SQL, Power BI, Machine Learning, Azure, Statistics, NLP. Hybrid role with mid level experience requirements.",605000,7
JOB11574,Business Analyst,Google,Pune,India,Senior,Contract,On-site,580000,790000,SGD,2025-07-24,Consulting,1000+,Yes,Yes,Yes,No,No,No,No,No,No,No,No,No,Yes,No,No,9,MBA,"Seeking a Business Analyst to support Consulting projects. Key skills include Python, SQL, Power BI, Statistics. On-site role with senior experience requirements.",685000,4
JOB10169,Data Analyst,Deloitte,Pune,India,Mid Level,Full Time,On-site,630000,850000,INR,2026-04-25,IT Services,1000+,Yes,Yes,Yes,Yes,No,No,No,Yes,No,No,Yes,Yes,Yes,No,No,5,Bachelor's,"Seeking a Data Analyst to support IT Services projects. Key skills include Python, SQL, Power BI, Excel, TensorFlow, Azure, GCP. On-site role with mid level experience requirements.",740000,8
JOB10203,Data Analyst,Walmart Global Tech,Noida,India,Mid Level,Internship,Hybrid,610000,730000,INR,2025-10-14,Finance,501-1000,Yes,Yes,Yes,No,No,No,No,No,No,Yes,Yes,No,Yes,Yes,No,5,Bachelor's,"Seeking a Data Analyst to support Finance projects. Key skills include Python, SQL, Power BI, AWS, Azure, Statistics, NLP. Hybrid role with mid level experience requirements.",670000,7
JOB11844,Data Engineer,Deloitte,Gurgaon,Germany,Mid Level,Contract,Hybrid,820000,1040000,INR,2026-04-27,Consulting,201-500,No,Yes,Yes,No,Yes,Yes,No,Yes,No,Yes,No,Yes,Yes,No,No,5,Bachelor's,"Seeking a Data Engineer to support Consulting projects. Key skills include SQL, Power BI, Tableau, Machine Learning, TensorFlow, AWS, GCP. Hybrid role with mid level experience requirements.",930000,8
JOB11650,Bi Analyst,Wipro,Chennai,India,Entry Level,Full Time,On-site,440000,650000,INR,2025-10-19,Manufacturing,51-200,No,Yes,Yes,Yes,No,Yes,No,No,No,Yes,No,No,No,No,Yes,0,Bachelor's,"Seeking a BI Analyst to support Manufacturing projects. Key skills include SQL, Power BI, Excel, Machine Learning, AWS, Generative AI. On-site role with entry level experience requirements.",545000,6
JOB11711,Data Analyst,Oracle,Gurgaon,Germany,Mid Level,Contract,On-site,630000,790000,INR,2025-03-26,Education,1000+,Yes,Yes,Yes,Yes,No,Yes,Yes,No,No,No,Yes,Yes,No,Yes,No,5,Unknown,"Seeking a Data Analyst to support Education projects. Key skills include Python, SQL, Power BI, Excel, Machine Learning, Deep Learning, Azure. On-site role with mid level experience requirements.",710000,9
JOB10153,Data Analyst,Bosch,Noida,India,Mid Level,Internship,Remote,570000,680000,INR,2025-03-18,Manufacturing,1000+,Yes,Yes,No,Yes,Yes,No,Yes,No,No,No,No,No,Yes,No,No,3,Bachelor's,"Seeking a Data Analyst to support Manufacturing projects. Key skills include Python, SQL, Excel, Tableau, Deep Learning, Statistics. Remote role with mid level experience requirements.",625000,6
JOB11405,Data Engineer,Infosys,Bangalore,India,Entry Level,Contract,On-site,580000,780000,INR,2026-06-01,Technology,501-1000,Yes,Yes,No,No,No,Yes,No,No,No,Yes,Yes,No,Yes,No,No,0,Diploma,"Seeking a Data Engineer to support Technology projects. Key skills include Python, SQL, Machine Learning, AWS, Azure, Statistics. On-site role with entry level experience requirements.",680000,6
JOB10663,Data Engineer,HCLTech,Pune,India,Entry Level,Full Time,On-site,700000,950000,USD,2026-04-16,Healthcare,201-500,No,Yes,No,Yes,No,No,No,No,No,Yes,No,No,No,No,No,1,MBA,"Seeking a Data Engineer to support Healthcare projects. Key skills include SQL, Power BI, Excel, AWS. On-site role with entry level experience requirements.",825000,3
JOB11839,Ai/Ml Intern,Deloitte,Remote,USA,Lead,Full Time,On-site,380000,450000,EUR,2025-10-06,Consulting,1000+,Yes,Yes,No,No,No,No,No,Yes,No,No,No,Yes,No,Yes,No,10,Bachelor's,"Seeking a AI/ML Intern to support Consulting projects. Key skills include Python, SQL, TensorFlow, GCP, NLP. On-site role with lead experience requirements.",415000,5
JOB11052,Ai Engineer,Bosch,Mumbai,India,Mid Level,Full Time,Hybrid,870000,1140000,CAD,2026-04-20,Healthcare,1000+,Yes,No,No,No,No,No,No,Yes,No,Yes,No,No,Yes,No,No,4,Bachelor's,"Seeking a AI Engineer to support Healthcare projects. Key skills include Python, TensorFlow, AWS, Statistics. Hybrid role with mid level experience requirements.",1005000,4
JOB11177,Ml Engineer,NVIDIA,Pune,India,Entry Level,Full Time,Hybrid,910000,1110000,INR,2026-03-06,Finance,1000+,Yes,No,Yes,No,No,No,Yes,No,No,No,No,No,Yes,No,No,1,Bachelor's,"Seeking a ML Engineer to support Finance projects. Key skills include Python, Power BI, Deep Learning, Statistics. Hybrid role with entry level experience requirements.",1010000,4
JOB10007,Data Analyst,Adobe,Pune,Germany,Senior,Full Time,Remote,680000,890000,INR,2025-08-13,IT Services,201-500,Yes,No,No,Yes,No,No,No,Yes,No,Yes,No,No,No,Yes,No,10,Bachelor's,"Seeking a Data Analyst to support IT Services projects. Key skills include Python, Excel, TensorFlow, AWS, NLP. Remote role with senior experience requirements.",785000,5
JOB11821,Data Analyst,HCLTech,Noida,India,Mid Level,Full Time,On-site,450000,640000,INR,2025-09-15,Finance,1000+,Yes,Yes,Yes,Yes,Yes,No,No,No,No,Yes,No,Yes,Yes,No,No,3,Bachelor's,"Seeking a Data Analyst to support Finance projects. Key skills include Python, SQL, Power BI, Excel, Tableau, AWS, GCP. On-site role with mid level experience requirements.",545000,8
JOB10655,Machine Learning Engineer,Capgemini,Delhi,USA,Senior,Full Time,On-site,1340000,1620000,SGD,2026-02-03,Technology,51-200,Yes,Yes,Yes,No,No,Yes,No,Yes,No,No,No,No,Yes,No,No,5,Bachelor's,"Seeking a Machine Learning Engineer to support Technology projects. Key skills include Python, SQL, Power BI, Machine Learning, TensorFlow, Statistics. On-site role with senior experience requirements.",1480000,6
JOB11458,Data Engineer,NVIDIA,Bangalore,UK,Entry Level,Full Time,On-site,640000,870000,INR,2025-11-16,Telecommunications,501-1000,Yes,Yes,No,Yes,No,No,No,No,No,No,No,No,Yes,No,No,1,Bachelor's,"Seeking a Data Engineer to support Telecommunications projects. Key skills include Python, SQL, Excel, Statistics. On-site role with entry level experience requirements.",755000,4
JOB10262,Nlp Engineer,Amazon,Hyderabad,USA,Mid Level,Contract,On-site,890000,1270000,CAD,2025-06-26,IT Services,1-50,Yes,Yes,Yes,Yes,No,Yes,No,No,No,No,No,Yes,No,No,Yes,2,PhD,"Seeking a NLP Engineer to support IT Services projects. Key skills include Python, SQL, Power BI, Excel, Machine Learning, GCP, Generative AI. On-site role with mid level experience requirements.",1080000,7
JOB11743,Bi Analyst,Wipro,Hyderabad,India,Entry Level,Contract,Remote,430000,630000,INR,2026-04-01,Manufacturing,201-500,Yes,Yes,Yes,Yes,Yes,Yes,No,No,No,No,Yes,Yes,No,No,No,0,Bachelor's,"Seeking a BI Analyst to support Manufacturing projects. Key skills include Python, SQL, Power BI, Excel, Tableau, Machine Learning, Azure. Remote role with entry level experience requirements.",530000,8
JOB11833,Data Engineer,IBM,Pune,India,Entry Level,Full Time,Hybrid,640000,960000,INR,2026-06-17,Manufacturing,1-50,Yes,No,No,No,No,Yes,No,Yes,No,No,Yes,Yes,No,Yes,No,0,Bachelor's,"Seeking a Data Engineer to support Manufacturing projects. Key skills include Python, Machine Learning, TensorFlow, Azure, GCP, NLP. Hybrid role with entry level experience requirements.",800000,6
JOB10408,Data Analyst,Cognizant,Pune,India,Entry Level,Full Time,On-site,490000,680000,SGD,2025-10-04,IT Services,201-500,No,Yes,Yes,Yes,No,Yes,No,No,No,No,Yes,No,No,No,No,0,Bachelor's,"Seeking a Data Analyst to support IT Services projects. Key skills include SQL, Power BI, Excel, Machine Learning, Azure. On-site role with entry level experience requirements.",585000,5
JOB11627,Data Analyst,Cisco,Bangalore,India,Entry Level,Full Time,Remote,500000,650000,INR,2025-03-04,Technology,1000+,No,Yes,No,No,No,No,Yes,No,Yes,No,No,No,No,No,No,1,Bachelor's,"Seeking a Data Analyst to support Technology projects. Key skills include SQL, Deep Learning, PyTorch. Remote role with entry level experience requirements.",575000,3
JOB11346,Machine Learning Engineer,Persistent Systems,Kolkata,India,Entry Level,Contract,On-site,840000,1070000,AUD,2025-05-28,IT Services,201-500,Yes,No,No,No,No,Yes,No,No,Yes,No,No,Yes,No,No,No,0,PhD,"Seeking a Machine Learning Engineer to support IT Services projects. Key skills include Python, Machine Learning, PyTorch, GCP. On-site role with entry level experience requirements.",955000,4
JOB10138,Bi Analyst,Deloitte,Bangalore,India,Mid Level,Full Time,On-site,610000,810000,INR,2025-03-20,Consulting,201-500,No,No,Yes,Yes,No,No,No,No,No,Yes,No,No,No,No,No,3,Bachelor's,"Seeking a BI Analyst to support Consulting projects. Key skills include Power BI, Excel, AWS. On-site role with mid level experience requirements.",710000,3
JOB11430,Business Analyst,NVIDIA,Bangalore,USA,Senior,Full Time,On-site,750000,910000,INR,2025-06-16,Technology,1-50,Yes,Yes,Yes,Yes,Yes,No,No,No,No,No,No,No,No,No,No,8,MBA,"Seeking a Business Analyst to support Technology projects. Key skills include Python, SQL, Power BI, Excel, Tableau. On-site role with senior experience requirements.",830000,5
JOB10334,Data Analyst,LTIMindtree,Hyderabad,India,Mid Level,Full Time,Hybrid,500000,700000,INR,2025-11-19,Technology,51-200,No,Yes,No,Yes,No,No,No,No,Yes,No,No,No,Yes,No,Yes,3,Bachelor's,"Seeking a Data Analyst to support Technology projects. Key skills include SQL, Excel, PyTorch, Statistics, Generative AI. Hybrid role with mid level experience requirements.",600000,5
JOB11440,Data Engineer,JPMorgan Chase,Mumbai,India,Entry Level,Full Time,On-site,550000,760000,INR,2026-01-17,Technology,201-500,Yes,Yes,No,No,No,No,No,No,No,No,No,Yes,Yes,No,No,1,Master's,"Seeking a Data Engineer to support Technology projects. Key skills include Python, SQL, GCP, Statistics. On-site role with entry level experience requirements.",655000,4
JOB10825,Ai Engineer,Amazon,Bangalore,India,Entry Level,Full Time,On-site,810000,1240000,INR,2025-11-14,Finance,501-1000,Yes,Yes,Yes,Yes,No,Yes,Yes,No,No,Yes,Yes,No,No,No,No,1,Bachelor's,"Seeking a AI Engineer to support Finance projects. Key skills include Python, SQL, Power BI, Excel, Machine Learning, Deep Learning, AWS. On-site role with entry level experience requirements.",1025000,8
JOB10079,Data Scientist,Genpact,Hyderabad,USA,Mid Level,Full Time,On-site,920000,1250000,INR,2025-12-17,Manufacturing,1-50,Yes,No,No,No,No,Yes,No,No,No,Yes,No,No,Yes,No,No,3,Master's,"Seeking a Data Scientist to support Manufacturing projects. Key skills include Python, Machine Learning, AWS, Statistics. On-site role with mid level experience requirements.",1085000,4
JOB11502,Machine Learning Engineer,Cisco,Noida,India,Mid Level,Full Time,On-site,1180000,1400000,INR,2026-01-08,Finance,1000+,Yes,Yes,Yes,Yes,No,Yes,Yes,No,No,No,No,No,Yes,Yes,No,2,Bachelor's,"Seeking a Machine Learning Engineer to support Finance projects. Key skills include Python, SQL, Power BI, Excel, Machine Learning, Deep Learning, Statistics. On-site role with mid level experience requirements.",1290000,8
JOB10931,Data Analyst,Oracle,Bangalore,Germany,Senior,Full Time,On-site,640000,760000,INR,2025-03-20,Consulting,51-200,Yes,Yes,Yes,Yes,Yes,No,No,No,No,No,Yes,No,No,Yes,No,5,Diploma,"Seeking a Data Analyst to support Consulting projects. Key skills include Python, SQL, Power BI, Excel, Tableau, Azure, NLP. On-site role with senior experience requirements.",700000,7
JOB10175,Data Engineer,Oracle,Noida,India,Mid Level,Part Time,Remote,890000,1240000,EUR,2025-07-12,IT Services,501-1000,Yes,Yes,No,Yes,No,No,No,Yes,No,Yes,No,No,Yes,No,No,2,Bachelor's,"Seeking a Data Engineer to support IT Services projects. Key skills include Python, SQL, Excel, TensorFlow, AWS, Statistics. Remote role with mid level experience requirements.",1065000,6
JOB10685,Ai/Ml Intern,JPMorgan Chase,Ahmedabad,India,Mid Level,Full Time,Hybrid,220000,360000,USD,2025-09-29,Technology,1000+,Yes,Yes,No,No,Yes,Yes,No,Yes,No,Yes,No,No,Yes,No,No,2,Bachelor's,"Seeking a AI/ML Intern to support Technology projects. Key skills include Python, SQL, Tableau, Machine Learning, TensorFlow, AWS, Statistics. Hybrid role with mid level experience requirements.",290000,7
JOB11213,Data Analyst,HCLTECH,Hyderabad,India,Senior,Full Time,Hybrid,710000,860000,GBP,2025-02-06,Technology,201-500,Yes,Yes,No,Yes,No,Yes,Yes,No,No,No,Yes,No,No,Yes,No,6,Bachelor's,"Seeking a Data Analyst to support Technology projects. Key skills include Python, SQL, Excel, Machine Learning, Deep Learning, Azure, NLP. Hybrid role with senior experience requirements.",785000,7
JOB11395,Data Scientist,SAP,Bangalore,India,Senior,Full Time,Remote,930000,1240000,CAD,2025-09-03,Technology,501-1000,Yes,No,No,Yes,No,Yes,No,No,No,No,No,No,Yes,No,No,7,Master's,"Seeking a Data Scientist to support Technology projects. Key skills include Python, Excel, Machine Learning, Statistics. Remote role with senior experience requirements.",1085000,4
JOB10944,Ml Engineer,Cognizant,Noida,UK,Mid Level,Full Time,Hybrid,1020000,1380000,INR,2025-07-23,Technology,1000+,Yes,No,Yes,No,No,Yes,No,No,No,No,Yes,No,No,No,No,3,Bachelor's,"Seeking a ML Engineer to support Technology projects. Key skills include Python, Power BI, Machine Learning, Azure. Hybrid role with mid level experience requirements.",1200000,4
JOB11765,Data Analyst,Accenture,Delhi,India,Entry Level,Full Time,Hybrid,470000,620000,INR,2026-03-03,IT Services,51-200,No,Yes,Yes,No,No,No,No,No,No,No,No,No,Yes,No,Yes,1,Master's,"Seeking a Data Analyst to support IT Services projects. Key skills include SQL, Power BI, Statistics, Generative AI. Hybrid role with entry level experience requirements.",545000,4
JOB11299,Data Engineer,Bosch,Mumbai,India,Mid Level,Full Time,Remote,960000,1220000,INR,2026-03-26,Technology,201-500,Yes,Yes,No,Yes,No,No,No,No,No,Yes,No,No,No,No,No,4,Bachelor's,"Seeking a Data Engineer to support Technology projects. Key skills include Python, SQL, Excel, AWS. Remote role with mid level experience requirements.",1090000,4
JOB11883,Data Engineer,Adobe,Gurgaon,India,Entry Level,Contract,On-site,770000,970000,INR,2025-02-11,Finance,1000+,Yes,No,No,No,No,No,No,No,No,No,No,Yes,No,No,No,2,Diploma,"Seeking a Data Engineer to support Finance projects. Key skills include Python, GCP. On-site role with entry level experience requirements.",870000,2
JOB11871,Ml Engineer,NVIDIA,Delhi,USA,Lead,Full Time,On-site,1200000,1560000,INR,2025-12-25,E-commerce,501-1000,Yes,No,No,No,No,Yes,No,No,No,No,No,No,No,No,No,12,Master's,"Seeking a ML Engineer to support E-commerce projects. Key skills include Python, Machine Learning. On-site role with lead experience requirements.",1380000,2
JOB11647,Data Analyst,ACCENTURE,Chennai,India,Mid Level,Full Time,On-site,570000,710000,INR,2025-07-01,E-commerce,1000+,No,Yes,Yes,No,No,No,No,No,No,Yes,Yes,No,No,No,No,5,Bachelor's,"Seeking a Data Analyst to support E-commerce projects. Key skills include SQL, Power BI, AWS, Azure. On-site role with mid level experience requirements.",640000,4
JOB10521,Data Engineer,Siemens,Delhi,Singapore,Mid Level,Full Time,Remote,850000,1150000,INR,2025-10-08,Healthcare,51-200,Yes,Yes,No,Yes,Yes,Yes,Yes,No,No,No,Yes,No,Yes,No,No,3,Bachelor's,"Seeking a Data Engineer to support Healthcare projects. Key skills include Python, SQL, Excel, Tableau, Machine Learning, Deep Learning, Azure. Remote role with mid level experience requirements.",1000000,8
JOB11940,Data Analyst,Tech Mahindra,Hyderabad,India,Lead,Full Time,On-site,900000,1060000,INR,2026-03-05,Finance,51-200,No,No,Yes,No,No,No,Yes,No,Yes,No,No,No,No,No,Yes,11,Master's,"Seeking a Data Analyst to support Finance projects. Key skills include Power BI, Deep Learning, PyTorch, Generative AI. On-site role with lead experience requirements.",980000,4
JOB11774,Ai/Ml Intern,Capgemini,Delhi,India,Entry Level,Full Time,Hybrid,210000,300000,USD,2026-01-12,Healthcare,501-1000,Yes,Yes,No,Yes,No,No,No,No,No,No,No,No,No,No,No,1,Bachelor's,"Seeking a AI/ML Intern to support Healthcare projects. Key skills include Python, SQL, Excel. Hybrid role with entry level experience requirements.",255000,3
JOB10913,Data Engineer,Siemens,Bangalore,India,Entry Level,Full Time,On-site,760000,1060000,INR,2026-01-30,Finance,51-200,Yes,Yes,No,Yes,No,Yes,Yes,Yes,No,Yes,Yes,No,Yes,No,No,1,Bachelor's,"Seeking a Data Engineer to support Finance projects. Key skills include Python, SQL, Excel, Machine Learning, Deep Learning, TensorFlow, AWS. On-site role with entry level experience requirements.",910000,9
JOB10070,Nlp Engineer,Microsoft,Delhi,Singapore,Mid Level,Full Time,On-site,840000,1200000,INR,2025-03-12,Technology,201-500,Yes,Yes,No,No,No,Yes,No,No,Yes,No,No,Yes,Yes,Yes,Yes,2,Master's,"Seeking a NLP Engineer to support Technology projects. Key skills include Python, SQL, Machine Learning, PyTorch, GCP, Statistics, NLP. On-site role with mid level experience requirements.",1020000,8
JOB10361,Machine Learning Engineer,Amazon,Mumbai,India,Mid Level,Full Time,Hybrid,1160000,1580000,EUR,2025-12-04,Technology,1000+,Yes,Yes,Yes,No,No,Yes,No,Yes,No,No,No,No,Yes,No,Yes,5,Bachelor's,"Seeking a Machine Learning Engineer to support Technology projects. Key skills include Python, SQL, Power BI, Machine Learning, TensorFlow, Statistics, Generative AI. Hybrid role with mid level experience requirements.",1370000,7
JOB10033,Data Analyst,Capgemini,Hyderabad,India,Entry Level,Full Time,On-site,430000,630000,USD,2025-04-22,Healthcare,1000+,Yes,No,No,No,Yes,No,No,Yes,No,Yes,No,Yes,No,No,No,2,Master's,"Seeking a Data Analyst to support Healthcare projects. Key skills include Python, Tableau, TensorFlow, AWS, GCP. On-site role with entry level experience requirements.",530000,5
JOB11258,Ai Engineer,Siemens,Hyderabad,UK,Mid Level,Full Time,On-site,1140000,1520000,INR,2025-12-08,Finance,1000+,Yes,Yes,No,Yes,No,Yes,Yes,No,No,Yes,Yes,No,Yes,No,Yes,2,Master's,"Seeking a AI Engineer to support Finance projects. Key skills include Python, SQL, Excel, Machine Learning, Deep Learning, AWS, Azure. On-site role with mid level experience requirements.",1330000,9
JOB11216,Data Scientist,Cisco,Pune,India,Mid Level,Internship,On-site,850000,1210000,USD,2025-07-02,Consulting,501-1000,Yes,Yes,Yes,Yes,No,No,No,Yes,No,No,No,No,No,No,No,2,Bachelor's,"Seeking a Data Scientist to support Consulting projects. Key skills include Python, SQL, Power BI, Excel, TensorFlow. On-site role with mid level experience requirements.",1030000,5
JOB10971,Data Engineer,IBM,Chennai,India,Entry Level,Full Time,Remote,730000,930000,EUR,2025-06-06,Manufacturing,201-500,Yes,Yes,Yes,Yes,No,Yes,Yes,Yes,No,No,Yes,Yes,Yes,No,No,0,Bachelor's,"Seeking a Data Engineer to support Manufacturing projects. Key skills include Python, SQL, Power BI, Excel, Machine Learning, Deep Learning, TensorFlow. Remote role with entry level experience requirements.",830000,10
JOB10393,Machine Learning Engineer,Wipro,Delhi,India,Mid Level,Full Time,Hybrid,1160000,1540000,INR,2025-03-16,Finance,1000+,Yes,No,Yes,Yes,No,Yes,Yes,Yes,No,Yes,No,Yes,Yes,No,No,4,Master's,"Seeking a Machine Learning Engineer to support Finance projects. Key skills include Python, Power BI, Excel, Machine Learning, Deep Learning, TensorFlow, AWS. Hybrid role with mid level experience requirements.",1350000,9
JOB11385,Data Engineer,HCLTech,Noida,India,Mid Level,Full Time,Hybrid,910000,1140000,INR,2025-10-12,E-commerce,501-1000,Yes,Yes,No,No,Yes,No,No,Yes,No,No,No,No,No,No,No,5,MBA,"Seeking a Data Engineer to support E-commerce projects. Key skills include Python, SQL, Tableau, TensorFlow. Hybrid role with mid level experience requirements.",1025000,4
JOB11950,Machine Learning Engineer,Bosch,Mumbai,India,Mid Level,Full Time,Remote,1030000,1310000,USD,2026-01-23,Telecommunications,501-1000,Yes,Yes,Yes,Yes,No,Yes,Yes,No,No,No,No,Yes,No,Yes,Yes,5,Diploma,"Seeking a Machine Learning Engineer to support Telecommunications projects. Key skills include Python, SQL, Power BI, Excel, Machine Learning, Deep Learning, GCP. Remote role with mid level experience requirements.",1170000,9
JOB10172,Data Analyst,TCS,Remote,Singapore,Mid Level,Full Time,Hybrid,490000,640000,INR,2025-06-12,Consulting,501-1000,Yes,Yes,No,Yes,No,Yes,Yes,No,No,Yes,No,No,Yes,Yes,No,4,Bachelor's,"Seeking a Data Analyst to support Consulting projects. Key skills include Python, SQL, Excel, Machine Learning, Deep Learning, AWS, Statistics. Hybrid role with mid level experience requirements.",565000,8
JOB11081,Ml Engineer,SAP,Pune,India,Senior,Full Time,On-site,1060000,1390000,INR,2025-09-29,IT Services,1-50,Yes,Yes,No,Yes,No,Yes,Yes,Yes,Yes,Yes,Yes,Yes,Yes,No,Yes,6,Master's,"Seeking a ML Engineer to support IT Services projects. Key skills include Python, SQL, Excel, Machine Learning, Deep Learning, TensorFlow, PyTorch. On-site role with senior experience requirements.",1225000,12
JOB10708,Ml Engineer,Cognizant,Pune,India,Senior,Full Time,On-site,1110000,1390000,INR,2026-05-24,Technology,51-200,Yes,Yes,No,Yes,No,No,No,No,Yes,No,No,Yes,Yes,No,Yes,10,Master's,"Seeking a ML Engineer to support Technology projects. Key skills include Python, SQL, Excel, PyTorch, GCP, Statistics, Generative AI. On-site role with senior experience requirements.",1250000,7
JOB11163,Data Scientist,Wipro,Bangalore,USA,Lead,Internship,On-site,1290000,1640000,INR,2026-04-11,Telecommunications,201-500,Yes,No,No,No,No,Yes,No,No,Yes,No,Yes,No,No,No,No,11,Master's,"Seeking a Data Scientist to support Telecommunications projects. Key skills include Python, Machine Learning, PyTorch, Azure. On-site role with lead experience requirements.",1465000,4
JOB10638,Data Scientist,Accenture,Pune,India,Mid Level,Full Time,On-site,890000,1120000,USD,2025-05-31,Technology,51-200,Yes,Yes,No,Yes,Yes,Yes,No,No,Yes,No,No,No,Yes,No,No,5,Bachelor's,"Seeking a Data Scientist to support Technology projects. Key skills include Python, SQL, Excel, Tableau, Machine Learning, PyTorch, Statistics. On-site role with mid level experience requirements.",1005000,7
JOB11608,Ml Engineer,Accenture,Noida,India,Entry Level,Internship,On-site,750000,1070000,INR,2025-05-13,Technology,Unknown,Yes,Yes,No,Yes,No,Yes,Yes,No,No,No,Yes,No,No,No,No,1,Bachelor's,"Seeking a ML Engineer to support Technology projects. Key skills include Python, SQL, Excel, Machine Learning, Deep Learning, Azure. On-site role with entry level experience requirements.",910000,6
JOB11015,Bi Analyst,Accenture,Kolkata,Canada,Mid Level,Full Time,Hybrid,680000,920000,CAD,2025-04-21,Technology,1000+,Yes,Yes,Yes,Yes,No,No,No,No,No,No,No,No,Yes,Yes,No,5,Bachelor's,"Seeking a BI Analyst to support Technology projects. Key skills include Python, SQL, Power BI, Excel, Statistics, NLP. Hybrid role with mid level experience requirements.",800000,6
JOB10420,Bi Analyst,Persistent Systems,Mumbai,India,Senior,Full Time,Hybrid,700000,860000,INR,2025-04-13,Technology,1000+,Yes,Yes,No,Yes,Yes,Yes,No,Yes,No,Yes,No,Yes,Yes,No,No,8,Bachelor's,"Seeking a BI Analyst to support Technology projects. Key skills include Python, SQL, Excel, Tableau, Machine Learning, TensorFlow, AWS. Hybrid role with senior experience requirements.",780000,9
JOB11919,Machine Learning Engineer,Infosys,Pune,India,Senior,Full Time,Remote,1430000,1710000,INR,2026-02-28,Education,51-200,Yes,Yes,No,Yes,No,Yes,No,Yes,No,No,No,No,No,No,No,8,Master's,"Seeking a Machine Learning Engineer to support Education projects. Key skills include Python, SQL, Excel, Machine Learning, TensorFlow. Remote role with senior experience requirements.",1570000,5
JOB10249,Nlp Engineer,LTIMindtree,Hyderabad,UK,Mid Level,Full Time,Hybrid,810000,1030000,CAD,2025-03-02,IT Services,1-50,No,Yes,No,No,No,Yes,No,No,No,No,No,No,No,Yes,No,2,Bachelor's,"Seeking a NLP Engineer to support IT Services projects. Key skills include SQL, Machine Learning, NLP. Hybrid role with mid level experience requirements.",920000,3
JOB11511,Ml Engineer,Google,Delhi,India,Mid Level,Internship,On-site,850000,1140000,INR,2026-02-03,Manufacturing,1-50,Yes,Yes,No,Yes,No,Yes,No,Yes,Yes,No,No,No,Yes,No,No,2,Bachelor's,"Seeking a ML Engineer to support Manufacturing projects. Key skills include Python, SQL, Excel, Machine Learning, TensorFlow, PyTorch, Statistics. On-site role with mid level experience requirements.",995000,7
JOB10164,Ai Engineer,SAP,Pune,USA,Senior,Full Time,Hybrid,1350000,1610000,USD,2025-06-30,Telecommunications,1-50,No,Yes,No,No,No,Yes,Yes,No,No,Yes,No,No,No,No,Yes,8,Bachelor's,"Seeking a AI Engineer to support Telecommunications projects. Key skills include SQL, Machine Learning, Deep Learning, AWS, Generative AI. Hybrid role with senior experience requirements.",1480000,5
JOB11751,Ai Engineer,HCLTech,Remote,Singapore,Mid Level,Internship,Remote,930000,1190000,INR,2025-01-16,Technology,501-1000,Yes,Yes,Yes,Yes,Yes,Yes,Yes,No,Yes,Yes,Yes,No,No,No,Yes,2,Master's,"Seeking a AI Engineer to support Technology projects. Key skills include Python, SQL, Power BI, Excel, Tableau, Machine Learning, Deep Learning. Remote role with mid level experience requirements.",1060000,11
JOB11586,Data Analyst,HCLTech,Ahmedabad,India,Entry Level,Full Time,Hybrid,420000,620000,INR,2025-08-07,E-commerce,1-50,No,No,Yes,Yes,Yes,Yes,No,No,No,Yes,No,No,Yes,No,No,0,Diploma,"Seeking a Data Analyst to support E-commerce projects. Key skills include Power BI, Excel, Tableau, Machine Learning, AWS, Statistics. Hybrid role with entry level experience requirements.",520000,6
JOB10218,Bi Analyst,Accenture,Pune,Germany,Senior,Full Time,Hybrid,800000,980000,INR,2026-08-10,IT Services,1000+,Yes,Yes,Yes,No,No,Yes,No,No,Yes,No,No,No,No,No,No,9,PhD,"Seeking a BI Analyst to support IT Services projects. Key skills include Python, SQL, Power BI, Machine Learning, PyTorch. Hybrid role with senior experience requirements.",890000,5
JOB11867,Data Analyst,NVIDIA,Gurgaon,India,Mid Level,Full Time,Remote,580000,780000,INR,2026-01-05,IT Services,1000+,Yes,No,Yes,No,No,No,No,Yes,No,Yes,No,No,Yes,No,No,5,PhD,"Seeking a Data Analyst to support IT Services projects. Key skills include Python, Power BI, TensorFlow, AWS, Statistics. Remote role with mid level experience requirements.",680000,5
JOB11495,Data Engineer,LTIMindtree,Noida,Australia,Senior,Full Time,Hybrid,1120000,1460000,EUR,2026-08-02,Finance,501-1000,No,Yes,No,No,Yes,No,No,No,No,Yes,No,Yes,Yes,No,No,6,Master's,"Seeking a Data Engineer to support Finance projects. Key skills include SQL, Tableau, AWS, GCP, Statistics. Hybrid role with senior experience requirements.",1290000,5
JOB10209,Data Analyst,Siemens,Bangalore,UK,Mid Level,Full Time,Hybrid,590000,780000,INR,2026-02-16,E-commerce,501-1000,No,No,No,Yes,No,No,No,No,No,No,No,No,No,No,No,2,Master's,Seeking a Data Analyst to support E-commerce projects. Key skills include Excel. Hybrid role with mid level experience requirements.,685000,1
JOB11581,Data Scientist,TCS,Chennai,Germany,Entry Level,Full Time,Remote,820000,1110000,INR,2025-08-11,E-commerce,1000+,Yes,No,Yes,No,No,Yes,No,No,No,No,Yes,No,Yes,No,No,1,Bachelor's,"Seeking a Data Scientist to support E-commerce projects. Key skills include Python, Power BI, Machine Learning, Azure, Statistics. Remote role with entry level experience requirements.",965000,5
JOB11847,Data Analyst,Accenture,Chennai,India,Senior,Full Time,Remote,640000,820000,INR,2026-06-15,Technology,501-1000,Yes,Yes,No,No,No,No,No,No,No,Yes,No,No,Yes,No,No,8,Bachelor's,"Seeking a Data Analyst to support Technology projects. Key skills include Python, SQL, AWS, Statistics. Remote role with senior experience requirements.",730000,4
JOB10064,Data Scientist,IBM,Chennai,Singapore,Entry Level,Full Time,Hybrid,830000,1080000,AUD,2026-05-11,E-commerce,1000+,Yes,Yes,No,Yes,No,Yes,No,Yes,No,No,Yes,No,Yes,No,No,1,Diploma,"Seeking a Data Scientist to support E-commerce projects. Key skills include Python, SQL, Excel, Machine Learning, TensorFlow, Azure, Statistics. Hybrid role with entry level experience requirements.",955000,7
JOB10157,Data Engineer,Walmart Global Tech,Kolkata,India,Mid Level,Full Time,On-site,920000,1150000,INR,2026-02-17,IT Services,1000+,Yes,Yes,No,Yes,No,No,Yes,No,No,Yes,Yes,No,No,No,No,3,Diploma,"Seeking a Data Engineer to support IT Services projects. Key skills include Python, SQL, Excel, Deep Learning, AWS, Azure. On-site role with mid level experience requirements.",1035000,6
JOB10866,Ai Engineer,SAP,Pune,Germany,Lead,Full Time,Hybrid,1680000,2130000,INR,2026-02-27,Technology,1000+,Yes,Yes,No,No,No,No,No,No,No,No,Yes,No,Yes,No,Yes,14,MBA,"Seeking a AI Engineer to support Technology projects. Key skills include Python, SQL, Azure, Statistics, Generative AI. Hybrid role with lead experience requirements.",1905000,5
JOB10790,Ai/Ml Intern,Oracle,Hyderabad,India,Entry Level,Full Time,Hybrid,230000,330000,INR,2025-09-30,Education,51-200,Yes,Yes,No,No,Yes,No,No,No,Yes,No,No,No,No,No,Yes,2,MBA,"Seeking a AI/ML Intern to support Education projects. Key skills include Python, SQL, Tableau, PyTorch, Generative AI. Hybrid role with entry level experience requirements.",280000,5
JOB11324,Data Analyst,Genpact,Gurgaon,India,Mid Level,Full Time,On-site,490000,630000,INR,2026-02-19,Consulting,1-50,Yes,Yes,Yes,No,Yes,Yes,Yes,No,No,No,No,No,Yes,No,No,4,PhD,"Seeking a Data Analyst to support Consulting projects. Key skills include Python, SQL, Power BI, Tableau, Machine Learning, Deep Learning, Statistics. On-site role with mid level experience requirements.",560000,7
JOB11533,Bi Analyst,IBM,Noida,India,Mid Level,Part Time,Remote,700000,940000,INR,2026-06-30,Technology,1000+,No,Yes,No,Yes,No,No,No,No,No,No,Yes,Yes,Yes,No,No,4,Bachelor's,"Seeking a BI Analyst to support Technology projects. Key skills include SQL, Excel, Azure, GCP, Statistics. Remote role with mid level experience requirements.",820000,5
JOB11379,Data Scientist,SAP,Bangalore,India,Entry Level,Internship,On-site,700000,1050000,INR,2025-02-20,Technology,1-50,Yes,Yes,No,Yes,No,Yes,No,No,No,Yes,No,Yes,Yes,Yes,No,0,Bachelor's,"Seeking a Data Scientist to support Technology projects. Key skills include Python, SQL, Excel, Machine Learning, AWS, GCP, Statistics. On-site role with entry level experience requirements.",875000,8
JOB10810,Data Analyst,Adobe,Hyderabad,Singapore,Entry Level,Full Time,Hybrid,470000,620000,INR,2025-08-19,Consulting,51-200,Yes,Yes,No,Yes,No,No,No,No,No,No,No,Yes,Yes,No,No,1,Bachelor's,"Seeking a Data Analyst to support Consulting projects. Key skills include Python, SQL, Excel, GCP, Statistics. Hybrid role with entry level experience requirements.",545000,5
JOB11699,Nlp Engineer,Tech Mahindra,Mumbai,India,Entry Level,Full Time,Hybrid,810000,1100000,SGD,2025-07-10,Education,201-500,No,Yes,No,Yes,No,Yes,Yes,No,No,Yes,No,Yes,Yes,Yes,No,2,Bachelor's,"Seeking a NLP Engineer to support Education projects. Key skills include SQL, Excel, Machine Learning, Deep Learning, AWS, GCP, Statistics. Hybrid role with entry level experience requirements.",955000,8
JOB11803,Data Scientist,TCS,Remote,India,Mid Level,Full Time,Remote,910000,1230000,INR,2025-04-28,Telecommunications,501-1000,Yes,Yes,No,Yes,No,Yes,No,No,No,No,No,No,No,Yes,No,3,Bachelor's,"Seeking a Data Scientist to support Telecommunications projects. Key skills include Python, SQL, Excel, Machine Learning, NLP. Remote role with mid level experience requirements.",1070000,5
JOB11781,Data Analyst,Deloitte,Hyderabad,Germany,Entry Level,Full Time,Remote,460000,670000,INR,2025-05-17,Technology,51-200,Yes,Yes,No,Yes,No,Yes,Yes,No,No,Yes,No,Yes,Yes,No,No,0,Diploma,"Seeking a Data Analyst to support Technology projects. Key skills include Python, SQL, Excel, Machine Learning, Deep Learning, AWS, GCP. Remote role with entry level experience requirements.",565000,8
JOB10045,Data Scientist,Accenture,Mumbai,India,Entry Level,Contract,Hybrid,800000,1070000,INR,2025-02-01,Technology,1-50,Yes,Yes,No,No,No,Yes,No,No,No,No,No,No,No,Yes,Yes,1,Bachelor's,"Seeking a Data Scientist to support Technology projects. Key skills include Python, SQL, Machine Learning, NLP, Generative AI. Hybrid role with entry level experience requirements.",935000,5
JOB10053,Ai/Ml Intern,Genpact,Chennai,India,Entry Level,Full Time,Remote,250000,390000,INR,2025-10-25,Healthcare,51-200,Yes,Yes,No,No,No,Yes,Yes,No,No,No,No,No,No,No,Yes,1,Bachelor's,"Seeking a AI/ML Intern to support Healthcare projects. Key skills include Python, SQL, Machine Learning, Deep Learning, Generative AI. Remote role with entry level experience requirements.",320000,5
JOB10731,Data Analyst,TCS,Chennai,Canada,Entry Level,Full Time,On-site,470000,680000,INR,2026-08-04,Healthcare,501-1000,Yes,Yes,No,Yes,No,Yes,No,No,No,No,No,No,Yes,No,No,1,Bachelor's,"Seeking a Data Analyst to support Healthcare projects. Key skills include Python, SQL, Excel, Machine Learning, Statistics. On-site role with entry level experience requirements.",575000,5
JOB10938,Ai/Ml Intern,Google,Bangalore,India,Entry Level,Full Time,On-site,190000,310000,INR,2025-11-25,Technology,201-500,Yes,Yes,Yes,No,No,No,No,No,No,Yes,Yes,No,Yes,No,No,2,Master's,"Seeking a AI/ML Intern to support Technology projects. Key skills include Python, SQL, Power BI, AWS, Azure, Statistics. On-site role with entry level experience requirements.",250000,6
JOB10641,Data Analyst,Adobe,Bangalore,India,Mid Level,Full Time,On-site,580000,710000,INR,2026-06-23,Healthcare,1000+,Yes,Yes,Yes,Yes,No,Yes,No,No,No,Yes,No,No,Yes,No,No,4,Master's,"Seeking a Data Analyst to support Healthcare projects. Key skills include Python, SQL, Power BI, Excel, Machine Learning, AWS, Statistics. On-site role with mid level experience requirements.",645000,7
JOB11709,Data Engineer,Google,Remote,India,Senior,Full Time,On-site,920000,1090000,EUR,2026-06-28,IT Services,Unknown,Yes,Yes,Yes,No,No,No,Yes,No,No,Yes,No,Yes,No,Yes,No,6,MBA,"Seeking a Data Engineer to support IT Services projects. Key skills include Python, SQL, Power BI, Deep Learning, AWS, GCP, NLP. On-site role with senior experience requirements.",1005000,7
JOB10441,Data Analyst,Deloitte,Gurgaon,India,Entry Level,Full Time,Hybrid,370000,490000,INR,2025-11-08,Consulting,1-50,Yes,Yes,Yes,Yes,No,Yes,No,No,No,No,Yes,No,No,No,Yes,1,MBA,"Seeking a Data Analyst to support Consulting projects. Key skills include Python, SQL, Power BI, Excel, Machine Learning, Azure, Generative AI. Hybrid role with entry level experience requirements.",430000,7
JOB11980,Ml Engineer,TCS,Remote,Germany,Mid Level,Full Time,Hybrid,930000,1310000,INR,2025-10-24,Finance,501-1000,Yes,Yes,No,No,No,No,Yes,No,No,Yes,Yes,Yes,No,No,No,5,Bachelor's,"Seeking a ML Engineer to support Finance projects. Key skills include Python, SQL, Deep Learning, AWS, Azure, GCP. Hybrid role with mid level experience requirements.",1120000,6
JOB10310,Data Scientist,Deloitte,Noida,India,Mid Level,Full Time,On-site,980000,1340000,INR,2025-03-28,Technology,201-500,Yes,No,No,Yes,No,No,Yes,No,No,No,No,No,Yes,No,Yes,2,Bachelor's,"Seeking a Data Scientist to support Technology projects. Key skills include Python, Excel, Deep Learning, Statistics, Generative AI. On-site role with mid level experience requirements.",1160000,5
JOB10452,Ai Engineer,MICROSOFT,Hyderabad,India,Senior,Full Time,Hybrid,1340000,1600000,INR,2025-01-02,Technology,1-50,Yes,Yes,No,Yes,Yes,Yes,No,No,No,No,No,Yes,No,No,Yes,9,MBA,"Seeking a AI Engineer to support Technology projects. Key skills include Python, SQL, Excel, Tableau, Machine Learning, GCP, Generative AI. Hybrid role with senior experience requirements.",1470000,7
JOB10208,Data Engineer,Deloitte,Pune,India,Mid Level,Full Time,Remote,930000,1110000,CAD,2025-01-04,Manufacturing,51-200,Yes,Yes,No,Yes,Yes,Yes,No,No,No,Yes,No,No,Yes,No,No,5,Bachelor's,"Seeking a Data Engineer to support Manufacturing projects. Key skills include Python, SQL, Excel, Tableau, Machine Learning, AWS, Statistics. Remote role with mid level experience requirements.",1020000,7
JOB10357,Data Analyst,NVIDIA,Noida,India,Senior,Full Time,On-site,590000,730000,INR,2025-10-20,Manufacturing,1000+,Yes,Yes,Yes,Yes,No,No,No,No,No,No,No,No,Yes,No,No,10,Master's,"Seeking a Data Analyst to support Manufacturing projects. Key skills include Python, SQL, Power BI, Excel, Statistics. On-site role with senior experience requirements.",660000,5
JOB11632,Data Scientist,JPMorgan Chase,Pune,India,Senior,Full Time,Remote,1100000,1310000,INR,2025-12-12,Technology,201-500,No,Yes,Yes,No,No,No,No,No,No,No,Yes,No,No,No,No,5,Bachelor's,"Seeking a Data Scientist to support Technology projects. Key skills include SQL, Power BI, Azure. Remote role with senior experience requirements.",1205000,3
JOB11138,Ai Engineer,IBM,Delhi,Singapore,Mid Level,Full Time,Remote,1080000,1440000,INR,2025-09-30,IT Services,1000+,Yes,No,No,Yes,Yes,Yes,No,No,No,No,No,No,No,No,No,5,Master's,"Seeking a AI Engineer to support IT Services projects. Key skills include Python, Excel, Tableau, Machine Learning. Remote role with mid level experience requirements.",1260000,4
JOB10993,Data Scientist,Walmart Global Tech,Gurgaon,UK,Senior,Contract,Hybrid,1150000,1360000,INR,2025-11-24,E-commerce,51-200,No,Yes,Yes,No,Yes,Yes,Yes,No,No,No,No,No,Yes,Yes,No,6,Bachelor's,"Seeking a Data Scientist to support E-commerce projects. Key skills include SQL, Power BI, Tableau, Machine Learning, Deep Learning, Statistics, NLP. Hybrid role with senior experience requirements.",1255000,7
JOB11494,Data Analyst,NVIDIA,Remote,Germany,Senior,Full Time,Hybrid,770000,960000,INR,2025-12-01,IT Services,51-200,No,Yes,No,Yes,Yes,No,No,No,No,No,No,Yes,Yes,No,No,10,Master's,"Seeking a Data Analyst to support IT Services projects. Key skills include SQL, Excel, Tableau, GCP, Statistics. Hybrid role with senior experience requirements.",865000,5
JOB10939,Data Analyst,HCLTech,Bangalore,India,Entry Level,Part Time,Hybrid,420000,590000,INR,2026-05-09,Technology,1000+,No,Yes,Yes,No,No,No,No,No,No,No,No,No,Yes,No,No,1,Bachelor's,"Seeking a Data Analyst to support Technology projects. Key skills include SQL, Power BI, Statistics. Hybrid role with entry level experience requirements.",505000,3
JOB10674,Ai Engineer,Deloitte,Bangalore,India,Entry Level,Full Time,Remote,840000,1240000,INR,2026-05-08,Telecommunications,501-1000,Yes,Yes,No,Yes,No,No,No,No,No,Yes,No,No,No,Yes,Yes,1,Bachelor's,"Seeking a AI Engineer to support Telecommunications projects. Key skills include Python, SQL, Excel, AWS, NLP, Generative AI. Remote role with entry level experience requirements.",1040000,6
JOB10954,Ai/Ml Intern,Bosch,Chennai,India,Mid Level,Full Time,Hybrid,180000,260000,INR,2026-05-07,Finance,1000+,No,Yes,Yes,No,No,Yes,No,Yes,No,No,No,No,Yes,No,Yes,2,Bachelor's,"Seeking a AI/ML Intern to support Finance projects. Key skills include SQL, Power BI, Machine Learning, TensorFlow, Statistics, Generative AI. Hybrid role with mid level experience requirements.",220000,6
JOB11905,Bi Analyst,JPMorgan Chase,Kolkata,Australia,Entry Level,Full Time,Hybrid,550000,710000,INR,2025-01-21,IT Services,201-500,Yes,Yes,No,Yes,No,Yes,No,No,No,No,No,Yes,Yes,Yes,Yes,1,Bachelor's,"Seeking a BI Analyst to support IT Services projects. Key skills include Python, SQL, Excel, Machine Learning, GCP, Statistics, NLP. Hybrid role with entry level experience requirements.",630000,8
JOB10581,Machine Learning Engineer,Accenture,Delhi,Canada,Senior,Full Time,Remote,1140000,1550000,INR,2025-01-25,Education,51-200,Yes,No,No,Yes,No,Yes,Yes,Yes,No,No,No,No,No,No,No,6,Master's,"Seeking a Machine Learning Engineer to support Education projects. Key skills include Python, Excel, Machine Learning, Deep Learning, TensorFlow. Remote role with senior experience requirements.",1345000,5
JOB11201,Bi Analyst,SAP,Hyderabad,India,Mid Level,Contract,On-site,510000,730000,INR,2025-10-04,Technology,201-500,Yes,Yes,Yes,Yes,Yes,Yes,No,No,No,Yes,Yes,No,No,No,Yes,4,Bachelor's,"Seeking a BI Analyst to support Technology projects. Key skills include Python, SQL, Power BI, Excel, Tableau, Machine Learning, AWS. On-site role with mid level experience requirements.",620000,9
JOB10023,Data Scientist,NVIDIA,Remote,USA,Entry Level,Internship,On-site,680000,870000,SGD,2026-01-04,IT Services,201-500,Yes,Yes,Yes,No,Yes,No,No,No,No,Yes,No,Yes,Yes,No,No,1,Bachelor's,"Seeking a Data Scientist to support IT Services projects. Key skills include Python, SQL, Power BI, Tableau, AWS, GCP, Statistics. On-site role with entry level experience requirements.",775000,7
JOB10419,Data Engineer,Deloitte,Noida,India,Entry Level,Internship,On-site,690000,990000,INR,2026-03-22,Finance,51-200,Yes,Yes,Yes,Yes,No,No,No,No,No,Yes,No,No,No,No,No,0,Bachelor's,"Seeking a Data Engineer to support Finance projects. Key skills include Python, SQL, Power BI, Excel, AWS. On-site role with entry level experience requirements.",840000,5
JOB11040,Data Scientist,Capgemini,Ahmedabad,India,Entry Level,Full Time,Hybrid,690000,1060000,INR,2026-04-12,IT Services,1000+,Yes,Yes,Yes,Yes,No,Yes,No,Yes,No,No,No,No,No,No,No,1,MBA,"Seeking a Data Scientist to support IT Services projects. Key skills include Python, SQL, Power BI, Excel, Machine Learning, TensorFlow. Hybrid role with entry level experience requirements.",875000,6
JOB10660,Ai Engineer,Capgemini,Hyderabad,India,Senior,Full Time,Hybrid,1370000,1590000,USD,2026-08-08,Manufacturing,201-500,Yes,No,Yes,No,Yes,No,Yes,Yes,Yes,No,No,Yes,No,No,No,7,Bachelor's,"Seeking a AI Engineer to support Manufacturing projects. Key skills include Python, Power BI, Tableau, Deep Learning, TensorFlow, PyTorch, GCP. Hybrid role with senior experience requirements.",1480000,7
JOB11868,Data Analyst,Walmart Global Tech,Ahmedabad,India,Mid Level,Part Time,On-site,470000,590000,INR,2026-02-21,Consulting,1000+,Yes,Yes,Yes,Yes,No,Yes,Yes,No,No,No,Yes,No,Yes,No,No,2,MBA,"Seeking a Data Analyst to support Consulting projects. Key skills include Python, SQL, Power BI, Excel, Machine Learning, Deep Learning, Azure. On-site role with mid level experience requirements.",530000,8
JOB11999,Data Analyst,NVIDIA,Hyderabad,India,Mid Level,Full Time,On-site,480000,700000,INR,2025-06-22,Technology,501-1000,Yes,Yes,No,Yes,No,No,No,Yes,No,No,No,No,No,No,No,4,Bachelor's,"Seeking a Data Analyst to support Technology projects. Key skills include Python, SQL, Excel, TensorFlow. On-site role with mid level experience requirements.",590000,4
JOB11990,Bi Analyst,Genpact,Noida,India,Mid Level,Full Time,On-site,510000,700000,INR,2025-12-14,Consulting,201-500,No,Yes,Yes,Yes,Yes,No,No,No,No,No,No,No,Yes,No,Yes,2,Diploma,"Seeking a BI Analyst to support Consulting projects. Key skills include SQL, Power BI, Excel, Tableau, Statistics, Generative AI. On-site role with mid level experience requirements.",605000,6
JOB10979,Ai Engineer,Adobe,Pune,India,Senior,Full Time,Hybrid,1490000,1860000,GBP,2026-06-20,Technology,201-500,Yes,Yes,No,No,No,Yes,No,No,No,No,No,No,Yes,No,Yes,8,Bachelor's,"Seeking a AI Engineer to support Technology projects. Key skills include Python, SQL, Machine Learning, Statistics, Generative AI. Hybrid role with senior experience requirements.",1675000,5
JOB10254,Data Scientist,Siemens,Bangalore,India,Mid Level,Full Time,Hybrid,800000,1000000,USD,2025-03-24,Manufacturing,51-200,Yes,Yes,No,Yes,No,No,No,No,No,Yes,No,No,Yes,No,No,4,Bachelor's,"Seeking a Data Scientist to support Manufacturing projects. Key skills include Python, SQL, Excel, AWS, Statistics. Hybrid role with mid level experience requirements.",900000,5
JOB10219,Data Engineer,Amazon,Bangalore,India,Entry Level,Full Time,Remote,730000,1080000,EUR,2026-02-22,Manufacturing,501-1000,Yes,Yes,Yes,Yes,No,No,No,No,No,No,No,No,Yes,No,No,0,PhD,"Seeking a Data Engineer to support Manufacturing projects. Key skills include Python, SQL, Power BI, Excel, Statistics. Remote role with entry level experience requirements.",905000,5
JOB11770,Machine Learning Engineer,Capgemini,Delhi,India,Mid Level,Full Time,Hybrid,1100000,1480000,INR,2026-03-11,Technology,501-1000,Yes,Yes,Yes,No,Yes,Yes,Yes,Yes,No,No,No,No,Yes,No,No,3,Unknown,"Seeking a Machine Learning Engineer to support Technology projects. Key skills include Python, SQL, Power BI, Tableau, Machine Learning, Deep Learning, TensorFlow. Hybrid role with mid level experience requirements.",1290000,8
JOB11082,Data Analyst,Oracle,Remote,India,Mid Level,Contract,On-site,580000,760000,INR,2025-10-27,IT Services,1000+,Yes,Yes,Yes,No,No,Yes,No,No,Yes,Yes,No,No,Yes,Yes,No,3,PhD,"Seeking a Data Analyst to support IT Services projects. Key skills include Python, SQL, Power BI, Machine Learning, PyTorch, AWS, Statistics. On-site role with mid level experience requirements.",670000,8
JOB10758,Ai Engineer,Cognizant,Pune,India,Senior,Full Time,On-site,1590000,1950000,INR,2025-02-08,Technology,1000+,Yes,Yes,No,Yes,No,No,Yes,No,No,Yes,No,No,No,Yes,Yes,5,Master's,"Seeking a AI Engineer to support Technology projects. Key skills include Python, SQL, Excel, Deep Learning, AWS, NLP, Generative AI. On-site role with senior experience requirements.",1770000,7
JOB10154,Ai Engineer,Wipro,Delhi,India,Mid Level,Full Time,On-site,1250000,1610000,INR,2026-05-04,Consulting,501-1000,Yes,No,No,No,No,Yes,No,No,No,No,Yes,Yes,No,No,No,3,Bachelor's,"Seeking a AI Engineer to support Consulting projects. Key skills include Python, Machine Learning, Azure, GCP. On-site role with mid level experience requirements.",1430000,4
JOB11409,Data Engineer,Bosch,Hyderabad,India,Entry Level,Full Time,Hybrid,540000,840000,INR,2026-06-03,Finance,1000+,No,Yes,No,Yes,Yes,No,No,Yes,No,No,No,No,Yes,No,Yes,2,Bachelor's,"Seeking a Data Engineer to support Finance projects. Key skills include SQL, Excel, Tableau, TensorFlow, Statistics, Generative AI. Hybrid role with entry level experience requirements.",690000,6
JOB12000,Data Scientist,JPMorgan Chase,Bangalore,Singapore,Mid Level,Full Time,On-site,950000,1270000,INR,2025-05-10,Healthcare,1000+,Yes,Yes,Yes,No,No,Yes,No,No,Yes,No,No,Yes,Yes,Yes,Yes,2,Diploma,"Seeking a Data Scientist to support Healthcare projects. Key skills include Python, SQL, Power BI, Machine Learning, PyTorch, GCP, Statistics. On-site role with mid level experience requirements.",1110000,9
JOB10391,Nlp Engineer,Microsoft,Bangalore,UK,Senior,Full Time,Hybrid,1400000,1630000,INR,2025-02-28,Healthcare,501-1000,Yes,No,No,Yes,No,Yes,Yes,Yes,No,Yes,No,No,No,Yes,No,10,Diploma,"Seeking a NLP Engineer to support Healthcare projects. Key skills include Python, Excel, Machine Learning, Deep Learning, TensorFlow, AWS, NLP. Hybrid role with senior experience requirements.",1515000,7
JOB11224,Ai/Ml Intern,SAP,Delhi,India,Lead,Full Time,Remote,380000,520000,SGD,2025-09-30,IT Services,201-500,Yes,No,No,Yes,No,No,No,Yes,No,Yes,No,No,No,Yes,Yes,15,MBA,"Seeking a AI/ML Intern to support IT Services projects. Key skills include Python, Excel, TensorFlow, AWS, NLP, Generative AI. Remote role with lead experience requirements.",450000,6
JOB11860,Bi Analyst,Accenture,Mumbai,India,Senior,Full Time,On-site,790000,900000,INR,2026-03-16,Education,51-200,No,Yes,Yes,No,No,No,No,No,No,No,No,No,No,Yes,No,10,Master's,"Seeking a BI Analyst to support Education projects. Key skills include SQL, Power BI, NLP. On-site role with senior experience requirements.",845000,3
JOB10161,Machine Learning Engineer,Cisco,Chennai,India,Entry Level,Full Time,Remote,830000,1230000,INR,2025-10-03,IT Services,501-1000,Yes,No,No,Yes,No,Yes,No,Yes,No,No,No,No,No,No,No,0,Master's,"Seeking a Machine Learning Engineer to support IT Services projects. Key skills include Python, Excel, Machine Learning, TensorFlow. Remote role with entry level experience requirements.",1030000,4
JOB10606,Machine Learning Engineer,Wipro,Kolkata,India,Mid Level,Full Time,Hybrid,810000,1050000,INR,2025-10-08,IT Services,1-50,Yes,Yes,No,No,Yes,No,Yes,Yes,No,No,No,No,Yes,No,Yes,3,Bachelor's,"Seeking a Machine Learning Engineer to support IT Services projects. Key skills include Python, SQL, Tableau, Deep Learning, TensorFlow, Statistics, Generative AI. Hybrid role with mid level experience requirements.",930000,7
JOB11231,Business Analyst,Cognizant,Hyderabad,India,Entry Level,Full Time,On-site,520000,650000,INR,2026-07-23,Technology,501-1000,Yes,Yes,No,Yes,Yes,No,No,No,No,Yes,No,No,Yes,No,No,0,Master's,"Seeking a Business Analyst to support Technology projects. Key skills include Python, SQL, Excel, Tableau, AWS, Statistics. On-site role with entry level experience requirements.",585000,6
JOB11994,Data Analyst,Amazon,Mumbai,India,Entry Level,Contract,Remote,380000,540000,INR,2025-11-09,IT Services,51-200,Yes,Yes,Yes,Yes,No,Yes,No,No,No,No,No,No,Yes,No,No,0,MBA,"Seeking a Data Analyst to support IT Services projects. Key skills include Python, SQL, Power BI, Excel, Machine Learning, Statistics. Remote role with entry level experience requirements.",460000,6
JOB11489,Machine Learning Engineer,Walmart Global Tech,Mumbai,India,Entry Level,Full Time,On-site,920000,1190000,INR,2025-01-31,Healthcare,1-50,Yes,No,No,No,No,Yes,No,Yes,No,Yes,No,No,No,Yes,No,1,Bachelor's,"Seeking a Machine Learning Engineer to support Healthcare projects. Key skills include Python, Machine Learning, TensorFlow, AWS, NLP. On-site role with entry level experience requirements.",1055000,5
JOB10873,Data Engineer,Adobe,Ahmedabad,USA,Lead,Full Time,Hybrid,1220000,1390000,INR,2026-04-25,Finance,501-1000,No,Yes,No,Yes,No,No,No,No,No,No,No,No,No,No,No,10,Bachelor's,"Seeking a Data Engineer to support Finance projects. Key skills include SQL, Excel. Hybrid role with lead experience requirements.",1305000,2
JOB11031,Data Analyst,HCLTech,Chennai,India,Senior,Full Time,On-site,720000,830000,INR,2025-10-13,Technology,201-500,Yes,Yes,Yes,Yes,Yes,No,No,No,Yes,No,Yes,No,Yes,Yes,Yes,8,Bachelor's,"Seeking a Data Analyst to support Technology projects. Key skills include Python, SQL, Power BI, Excel, Tableau, PyTorch, Azure. On-site role with senior experience requirements.",775000,10
JOB11454,Ai Engineer,NVIDIA,Bangalore,India,Senior,Full Time,Remote,1230000,1560000,CAD,2025-09-01,Manufacturing,1000+,Yes,Yes,No,Yes,No,Yes,No,Yes,No,No,No,No,No,No,No,7,Bachelor's,"Seeking a AI Engineer to support Manufacturing projects. Key skills include Python, SQL, Excel, Machine Learning, TensorFlow. Remote role with senior experience requirements.",1395000,5
JOB10523,Nlp Engineer,Cisco,Bangalore,India,Senior,Full Time,Hybrid,1340000,1690000,INR,2026-02-24,Manufacturing,51-200,Yes,Yes,Yes,No,No,No,No,No,Yes,Yes,No,No,Yes,No,Yes,7,PhD,"Seeking a NLP Engineer to support Manufacturing projects. Key skills include Python, SQL, Power BI, PyTorch, AWS, Statistics, Generative AI. Hybrid role with senior experience requirements.",1515000,7
JOB10571,Ai Engineer,Google,Mumbai,India,Entry Level,Full Time,Remote,910000,1210000,USD,2025-01-20,IT Services,201-500,Yes,No,Yes,Yes,No,Yes,No,No,No,Yes,No,No,No,Yes,No,1,Diploma,"Seeking a AI Engineer to support IT Services projects. Key skills include Python, Power BI, Excel, Machine Learning, AWS, NLP. Remote role with entry level experience requirements.",1060000,6
JOB10092,Bi Analyst,NVIDIA,Hyderabad,India,Senior,Full Time,On-site,730000,970000,INR,2025-06-13,IT Services,1-50,Yes,Yes,Yes,Yes,Yes,No,No,No,No,No,No,No,Yes,No,Yes,9,Bachelor's,"Seeking a BI Analyst to support IT Services projects. Key skills include Python, SQL, Power BI, Excel, Tableau, Statistics, Generative AI. On-site role with senior experience requirements.",850000,7
JOB11594,Data Analyst,Infosys,Gurgaon,India,Mid Level,Internship,Hybrid,550000,650000,INR,2025-09-16,Technology,501-1000,No,Yes,Yes,Yes,No,No,No,Yes,No,No,No,No,Yes,No,No,4,Bachelor's,"Seeking a Data Analyst to support Technology projects. Key skills include SQL, Power BI, Excel, TensorFlow, Statistics. Hybrid role with mid level experience requirements.",600000,5
JOB11486,Machine Learning Engineer,Persistent Systems,Chennai,India,Mid Level,Full Time,Remote,1020000,1400000,EUR,2026-05-03,Healthcare,1000+,Yes,Yes,Yes,Yes,No,Yes,Yes,No,No,Yes,No,Yes,No,No,Yes,3,Bachelor's,"Seeking a Machine Learning Engineer to support Healthcare projects. Key skills include Python, SQL, Power BI, Excel, Machine Learning, Deep Learning, AWS. Remote role with mid level experience requirements.",1210000,9
JOB11611,Business Analyst,Microsoft,Noida,India,Entry Level,Full Time,Hybrid,420000,540000,USD,2025-02-18,Healthcare,1000+,Yes,Yes,No,Yes,No,Yes,Yes,No,No,No,No,No,Yes,No,Yes,0,Master's,"Seeking a Business Analyst to support Healthcare projects. Key skills include Python, SQL, Excel, Machine Learning, Deep Learning, Statistics, Generative AI. Hybrid role with entry level experience requirements.",480000,7
JOB11834,Bi Analyst,Cisco,Bangalore,India,Entry Level,Full Time,Hybrid,410000,630000,INR,2026-07-15,Manufacturing,1000+,Yes,Yes,No,Yes,No,Yes,No,No,No,No,No,No,No,Yes,No,1,Bachelor's,"Seeking a BI Analyst to support Manufacturing projects. Key skills include Python, SQL, Excel, Machine Learning, NLP. Hybrid role with entry level experience requirements.",520000,5
JOB10384,Business Analyst,Walmart Global Tech,Hyderabad,India,Senior,Full Time,Hybrid,830000,940000,INR,2026-02-10,Education,51-200,Yes,Yes,Yes,Yes,Yes,No,Yes,No,No,Yes,No,Yes,Yes,No,Yes,6,Master's,"Seeking a Business Analyst to support Education projects. Key skills include Python, SQL, Power BI, Excel, Tableau, Deep Learning, AWS. Hybrid role with senior experience requirements.",885000,10
JOB10960,Bi Analyst,Cognizant,Delhi,Germany,Mid Level,Full Time,Remote,560000,800000,INR,2025-12-08,E-commerce,1-50,Yes,No,Yes,Yes,No,No,No,No,Yes,Yes,No,No,No,No,No,5,Master's,"Seeking a BI Analyst to support E-commerce projects. Key skills include Python, Power BI, Excel, PyTorch, AWS. Remote role with mid level experience requirements.",680000,5
JOB11342,Machine Learning Engineer,Microsoft,Bangalore,India,Entry Level,Full Time,On-site,880000,1260000,INR,2025-12-23,E-commerce,1-50,Yes,No,Yes,No,No,Yes,Yes,No,Yes,No,Yes,Yes,Yes,No,No,1,Bachelor's,"Seeking a Machine Learning Engineer to support E-commerce projects. Key skills include Python, Power BI, Machine Learning, Deep Learning, PyTorch, Azure, GCP. On-site role with entry level experience requirements.",1070000,8
JOB11330,Ai Engineer,Amazon,Chennai,India,Senior,Full Time,Hybrid,1550000,2010000,INR,2026-03-01,IT Services,1000+,Yes,Yes,No,No,No,Yes,No,Yes,No,Yes,No,No,Yes,No,No,5,Bachelor's,"Seeking a AI Engineer to support IT Services projects. Key skills include Python, SQL, Machine Learning, TensorFlow, AWS, Statistics. Hybrid role with senior experience requirements.",1780000,6
JOB11195,Data Analyst,Deloitte,Bangalore,India,Mid Level,Full Time,On-site,590000,800000,INR,2025-07-22,IT Services,501-1000,Yes,Yes,Yes,Yes,No,No,No,No,No,Yes,No,No,Yes,Yes,No,4,Bachelor's,"Seeking a Data Analyst to support IT Services projects. Key skills include Python, SQL, Power BI, Excel, AWS, Statistics, NLP. On-site role with mid level experience requirements.",695000,7
JOB11143,Data Engineer,Infosys,Pune,India,Entry Level,Internship,On-site,690000,930000,INR,2025-01-05,Healthcare,501-1000,Yes,Yes,Yes,Yes,No,Yes,No,No,No,No,Yes,No,Yes,No,No,1,MBA,"Seeking a Data Engineer to support Healthcare projects. Key skills include Python, SQL, Power BI, Excel, Machine Learning, Azure, Statistics. On-site role with entry level experience requirements.",810000,7
JOB11115,Data Engineer,Walmart Global Tech,Remote,India,Lead,Full Time,Hybrid,1340000,1640000,EUR,2025-10-03,Consulting,1-50,Yes,Yes,No,Yes,No,No,No,No,No,No,No,No,Yes,No,No,10,Bachelor's,"Seeking a Data Engineer to support Consulting projects. Key skills include Python, SQL, Excel, Statistics. Hybrid role with lead experience requirements.",1490000,4
JOB11759,Data Analyst,Cisco,Pune,India,Mid Level,Full Time,On-site,460000,650000,INR,2025-06-30,Healthcare,501-1000,Yes,Yes,Yes,Yes,Yes,No,No,No,No,No,No,No,Yes,Yes,Yes,5,PhD,"Seeking a Data Analyst to support Healthcare projects. Key skills include Python, SQL, Power BI, Excel, Tableau, Statistics, NLP. On-site role with mid level experience requirements.",555000,8
JOB10854,Business Analyst,Infosys,Gurgaon,USA,Entry Level,Contract,Remote,390000,560000,INR,2026-06-27,E-commerce,501-1000,Yes,Yes,No,Yes,Yes,Yes,No,No,No,Yes,No,Yes,No,No,No,1,Bachelor's,"Seeking a Business Analyst to support E-commerce projects. Key skills include Python, SQL, Power BI, Excel, Tableau, Machine Learning, AWS. Remote role with entry level experience requirements.",475000,7
JOB11199,Bi Analyst,Cisco,Kolkata,India,Entry Level,Full Time,Hybrid,540000,710000,INR,2025-05-17,Manufacturing,201-500,Yes,Yes,No,No,Yes,Yes,No,No,No,No,No,No,Yes,No,Yes,0,Bachelor's,"Seeking a BI Analyst to support Manufacturing projects. Key skills include Python, SQL, Tableau, Machine Learning, Statistics, Generative AI. Hybrid role with entry level experience requirements.",625000,6
JOB10539,Machine Learning Engineer,Persistent Systems,Gurgaon,India,Entry Level,Full Time,Remote,800000,1110000,INR,2025-08-11,Consulting,51-200,Yes,Yes,Yes,Yes,No,Yes,No,No,Yes,Yes,Yes,No,No,No,Yes,2,MBA,"Seeking a Machine Learning Engineer to support Consulting projects. Key skills include Python, SQL, Power BI, Excel, Machine Learning, PyTorch, AWS. Remote role with entry level experience requirements.",955000,9
JOB11308,Ml Engineer,NVIDIA,Gurgaon,India,Entry Level,Contract,On-site,720000,1040000,INR,2025-10-08,Technology,501-1000,Yes,Yes,Yes,No,No,No,Yes,Yes,No,No,No,Yes,No,No,No,0,Bachelor's,"Seeking a ML Engineer to support Technology projects. Key skills include Python, SQL, Power BI, Deep Learning, TensorFlow, GCP. On-site role with entry level experience requirements.",880000,6
JOB10232,Ai Engineer,Cognizant,Bangalore,India,Entry Level,Internship,On-site,950000,1300000,INR,2025-12-11,Technology,1000+,Yes,Yes,Yes,No,No,Yes,No,No,No,No,No,No,Yes,No,Yes,0,Bachelor's,"Seeking a AI Engineer to support Technology projects. Key skills include Python, SQL, Power BI, Machine Learning, Statistics, Generative AI. On-site role with entry level experience requirements.",1125000,6
JOB10665,Data Analyst,Cisco,Pune,India,Mid Level,Full Time,Hybrid,530000,640000,INR,2026-02-23,E-commerce,201-500,Yes,Yes,Yes,Yes,No,No,No,No,No,No,No,No,Yes,No,No,2,Master's,"Seeking a Data Analyst to support E-commerce projects. Key skills include Python, SQL, Power BI, Excel, Statistics. Hybrid role with mid level experience requirements.",585000,5
JOB10832,Machine Learning Engineer,Infosys,Bangalore,Germany,Entry Level,Full Time,Hybrid,680000,1120000,INR,2026-05-02,IT Services,1-50,Yes,Yes,Yes,No,No,Yes,Yes,No,No,Yes,No,Yes,Yes,No,No,2,Bachelor's,"Seeking a Machine Learning Engineer to support IT Services projects. Key skills include Python, SQL, Power BI, Machine Learning, Deep Learning, AWS, GCP. Hybrid role with entry level experience requirements.",900000,8
JOB10881,Data Scientist,Deloitte,Chennai,India,Entry Level,Full Time,On-site,630000,860000,INR,2025-05-15,IT Services,501-1000,Yes,Yes,No,Yes,No,No,No,No,No,No,No,No,Yes,No,Yes,1,Bachelor's,"Seeking a Data Scientist to support IT Services projects. Key skills include Python, SQL, Excel, Statistics, Generative AI. On-site role with entry level experience requirements.",745000,5
JOB11624,Ai/Ml Intern,Persistent Systems,Bangalore,Canada,Entry Level,Full Time,On-site,220000,360000,INR,2026-05-28,Technology,1000+,Yes,No,Yes,No,No,No,Yes,No,No,No,No,No,Yes,Yes,Yes,0,Master's,"Seeking a AI/ML Intern to support Technology projects. Key skills include Python, Power BI, Deep Learning, Statistics, NLP, Generative AI. On-site role with entry level experience requirements.",290000,6
JOB11067,Data Scientist,Walmart Global Tech,Pune,India,Mid Level,Full Time,Hybrid,750000,950000,INR,2025-09-29,IT Services,501-1000,Yes,No,Yes,Yes,No,No,No,Yes,No,No,No,No,Yes,Yes,No,3,Bachelor's,"Seeking a Data Scientist to support IT Services projects. Key skills include Python, Power BI, Excel, TensorFlow, Statistics, NLP. Hybrid role with mid level experience requirements.",850000,6
JOB10144,Data Scientist,Capgemini,Delhi,India,Mid Level,Full Time,On-site,740000,940000,INR,2025-01-22,Finance,1000+,Yes,No,No,No,No,Yes,No,No,No,No,Yes,No,No,No,No,5,PhD,"Seeking a Data Scientist to support Finance projects. Key skills include Python, Machine Learning, Azure. On-site role with mid level experience requirements.",840000,3
JOB11991,Bi Analyst,Genpact,Delhi,India,Mid Level,Full Time,Hybrid,670000,830000,EUR,2025-05-21,Healthcare,1000+,Yes,Yes,No,No,No,No,No,No,No,Yes,No,No,Yes,No,Yes,5,Bachelor's,"Seeking a BI Analyst to support Healthcare projects. Key skills include Python, SQL, AWS, Statistics, Generative AI. Hybrid role with mid level experience requirements.",750000,5
JOB11618,Data Engineer,Google,Gurgaon,India,Entry Level,Full Time,Hybrid,650000,940000,INR,2025-10-07,Telecommunications,51-200,Yes,Yes,Yes,Yes,Yes,Yes,No,No,No,No,Yes,No,Yes,No,No,0,Bachelor's,"Seeking a Data Engineer to support Telecommunications projects. Key skills include Python, SQL, Power BI, Excel, Tableau, Machine Learning, Azure. Hybrid role with entry level experience requirements.",795000,8
JOB10181,Data Scientist,Microsoft,Gurgaon,India,Entry Level,Full Time,On-site,670000,940000,INR,2025-02-05,Manufacturing,1000+,Yes,Yes,Yes,Yes,No,Yes,No,No,No,Yes,Yes,No,Yes,No,No,0,Bachelor's,"Seeking a Data Scientist to support Manufacturing projects. Key skills include Python, SQL, Power BI, Excel, Machine Learning, AWS, Azure. On-site role with entry level experience requirements.",805000,8
JOB11432,Ai Engineer,Infosys,Delhi,India,Entry Level,Part Time,Hybrid,850000,1230000,EUR,2026-07-16,Healthcare,501-1000,Yes,No,No,No,Yes,Yes,No,Yes,No,Yes,No,No,No,No,Yes,1,Master's,"Seeking a AI Engineer to support Healthcare projects. Key skills include Python, Tableau, Machine Learning, TensorFlow, AWS, Generative AI. Hybrid role with entry level experience requirements.",1040000,6
JOB11505,Machine Learning Engineer,Microsoft,Bangalore,USA,Lead,Full Time,On-site,1480000,1890000,INR,2025-04-30,IT Services,1000+,Yes,Yes,Yes,Yes,No,Yes,No,No,No,No,No,Yes,No,No,No,12,Bachelor's,"Seeking a Machine Learning Engineer to support IT Services projects. Key skills include Python, SQL, Power BI, Excel, Machine Learning, GCP. On-site role with lead experience requirements.",1685000,6
JOB11776,Data Scientist,HCLTech,Mumbai,India,Mid Level,Full Time,Hybrid,980000,1170000,USD,2025-08-13,IT Services,1000+,No,No,No,No,No,Yes,Yes,No,No,No,No,Yes,No,No,Yes,3,Bachelor's,"Seeking a Data Scientist to support IT Services projects. Key skills include Machine Learning, Deep Learning, GCP, Generative AI. Hybrid role with mid level experience requirements.",1075000,4
JOB11954,Bi Analyst,Cisco,Bangalore,Australia,Senior,Full Time,On-site,770000,960000,SGD,2025-12-09,Technology,51-200,Yes,Yes,No,No,No,Yes,No,Yes,No,Yes,Yes,No,No,No,Yes,7,Bachelor's,"Seeking a BI Analyst to support Technology projects. Key skills include Python, SQL, Machine Learning, TensorFlow, AWS, Azure, Generative AI. On-site role with senior experience requirements.",865000,7
JOB11128,Machine Learning Engineer,Persistent Systems,Bangalore,Canada,Lead,Full Time,On-site,1190000,1580000,INR,2026-04-13,Technology,1000+,Yes,Yes,No,No,No,Yes,No,Yes,Yes,No,Yes,No,No,No,No,9,Bachelor's,"Seeking a Machine Learning Engineer to support Technology projects. Key skills include Python, SQL, Machine Learning, TensorFlow, PyTorch, Azure. On-site role with lead experience requirements.",1385000,6
JOB11333,Data Scientist,SAP,Chennai,India,Mid Level,Full Time,Remote,800000,1050000,INR,2026-03-30,Consulting,51-200,Yes,Yes,No,No,No,No,Yes,No,No,No,No,No,No,No,Yes,2,Bachelor's,"Seeking a Data Scientist to support Consulting projects. Key skills include Python, SQL, Deep Learning, Generative AI. Remote role with mid level experience requirements.",925000,4
JOB10204,Business Analyst,Walmart Global Tech,Noida,India,Mid Level,Contract,On-site,630000,810000,INR,2025-06-25,Technology,1-50,No,Yes,Yes,No,No,Yes,No,No,No,Yes,Yes,No,No,Yes,No,5,Bachelor's,"Seeking a Business Analyst to support Technology projects. Key skills include SQL, Power BI, Machine Learning, AWS, Azure, NLP. On-site role with mid level experience requirements.",720000,6
JOB11305,Bi Analyst,Adobe,Pune,Germany,Mid Level,Part Time,On-site,550000,710000,USD,2025-01-18,Education,1000+,No,No,Yes,Yes,No,No,No,No,No,No,Yes,Yes,Yes,No,No,4,Master's,"Seeking a BI Analyst to support Education projects. Key skills include Power BI, Excel, Azure, GCP, Statistics. On-site role with mid level experience requirements.",630000,5
JOB10318,Data Analyst,Persistent Systems,Hyderabad,India,Entry Level,Full Time,Hybrid,370000,570000,USD,2025-10-20,Technology,1-50,Yes,Yes,Yes,Yes,No,No,No,No,No,Yes,No,No,No,No,No,0,Master's,"Seeking a Data Analyst to support Technology projects. Key skills include Python, SQL, Power BI, Excel, AWS. Hybrid role with entry level experience requirements.",470000,5
JOB10308,Data Scientist,Bosch,Mumbai,India,Senior,Full Time,Remote,960000,1170000,INR,2025-08-06,E-commerce,1000+,Yes,No,No,No,Yes,Yes,No,No,Yes,No,No,No,No,No,No,6,Master's,"Seeking a Data Scientist to support E-commerce projects. Key skills include Python, Tableau, Machine Learning, PyTorch. Remote role with senior experience requirements.",1065000,4
JOB11777,Bi Analyst,Adobe,Pune,India,Lead,Full Time,Remote,790000,990000,SGD,2025-01-17,IT Services,501-1000,Yes,Yes,No,Yes,No,Yes,No,No,No,No,No,No,Yes,No,No,9,Bachelor's,"Seeking a BI Analyst to support IT Services projects. Key skills include Python, SQL, Excel, Machine Learning, Statistics. Remote role with lead experience requirements.",890000,5
JOB10192,Business Analyst,JPMorgan Chase,Delhi,India,Mid Level,Full Time,On-site,510000,710000,INR,2025-04-21,Consulting,201-500,Yes,Yes,No,Yes,No,Yes,No,No,No,Yes,No,No,Yes,No,No,4,Bachelor's,"Seeking a Business Analyst to support Consulting projects. Key skills include Python, SQL, Excel, Machine Learning, AWS, Statistics. On-site role with mid level experience requirements.",610000,6
JOB11420,Ai/Ml Intern,Siemens,Pune,India,Mid Level,Full Time,Hybrid,300000,440000,SGD,2025-07-28,Technology,201-500,No,Yes,No,No,No,Yes,Yes,Yes,No,No,Yes,No,Yes,No,No,3,Master's,"Seeking a AI/ML Intern to support Technology projects. Key skills include SQL, Machine Learning, Deep Learning, TensorFlow, Azure, Statistics. Hybrid role with mid level experience requirements.",370000,6
JOB10337,Business Analyst,Oracle,Ahmedabad,India,Mid Level,Full Time,On-site,570000,740000,INR,2025-02-08,Technology,1000+,Yes,Yes,Yes,Yes,No,No,No,No,Yes,No,No,Yes,No,Yes,No,2,Bachelor's,"Seeking a Business Analyst to support Technology projects. Key skills include Python, SQL, Power BI, Excel, PyTorch, GCP, NLP. On-site role with mid level experience requirements.",655000,7
JOB10108,Bi Analyst,LTIMindtree,Gurgaon,India,Entry Level,Full Time,On-site,410000,540000,USD,2026-07-27,Consulting,51-200,Yes,No,Yes,Yes,No,No,No,Yes,No,No,Yes,Yes,No,No,Yes,1,Bachelor's,"Seeking a BI Analyst to support Consulting projects. Key skills include Python, Power BI, Excel, TensorFlow, Azure, GCP, Generative AI. On-site role with entry level experience requirements.",475000,7
JOB10753,Data Engineer,Genpact,Gurgaon,India,Entry Level,Full Time,Hybrid,600000,930000,INR,2026-07-07,Healthcare,1000+,Yes,Yes,No,No,No,Yes,No,No,No,No,No,No,Yes,No,Yes,0,Master's,"Seeking a Data Engineer to support Healthcare projects. Key skills include Python, SQL, Machine Learning, Statistics, Generative AI. Hybrid role with entry level experience requirements.",765000,5
JOB10962,Data Engineer,Capgemini,Ahmedabad,India,Mid Level,Full Time,On-site,820000,1110000,USD,2026-08-05,Manufacturing,201-500,Yes,Yes,No,No,No,Yes,Yes,No,No,No,Yes,No,No,No,No,4,Bachelor's,"Seeking a Data Engineer to support Manufacturing projects. Key skills include Python, SQL, Machine Learning, Deep Learning, Azure. On-site role with mid level experience requirements.",965000,5
JOB11255,Bi Analyst,HCLTech,Chennai,India,Mid Level,Full Time,On-site,590000,820000,AUD,2025-08-11,IT Services,201-500,No,Yes,Yes,No,Yes,Yes,No,No,No,No,No,No,Yes,No,No,5,Bachelor's,"Seeking a BI Analyst to support IT Services projects. Key skills include SQL, Power BI, Tableau, Machine Learning, Statistics. On-site role with mid level experience requirements.",705000,5
JOB11794,Bi Analyst,Infosys,Bangalore,India,Mid Level,Full Time,Hybrid,550000,750000,INR,2026-03-01,E-commerce,501-1000,No,Yes,Yes,No,No,No,Yes,No,No,No,No,No,Yes,No,No,3,Bachelor's,"Seeking a BI Analyst to support E-commerce projects. Key skills include SQL, Power BI, Deep Learning, Statistics. Hybrid role with mid level experience requirements.",650000,4
JOB11503,Data Analyst,TCS,Pune,India,Lead,Full Time,Hybrid,820000,930000,GBP,2025-05-05,Consulting,501-1000,Yes,Yes,No,Yes,No,Yes,Yes,No,Yes,No,Yes,No,No,No,Yes,9,Bachelor's,"Seeking a Data Analyst to support Consulting projects. Key skills include Python, SQL, Excel, Machine Learning, Deep Learning, PyTorch, Azure. Hybrid role with lead experience requirements.",875000,8
JOB10434,Data Analyst,Bosch,Kolkata,India,Entry Level,Full Time,Hybrid,490000,630000,INR,2026-07-04,Technology,201-500,Yes,Yes,No,Yes,Yes,Yes,No,Yes,No,No,Yes,No,Yes,No,No,1,Diploma,"Seeking a Data Analyst to support Technology projects. Key skills include Python, SQL, Excel, Tableau, Machine Learning, TensorFlow, Azure. Hybrid role with entry level experience requirements.",560000,8
JOB10997,Ai/Ml Intern,Accenture,Noida,India,Mid Level,Full Time,Hybrid,260000,350000,INR,2026-06-23,Manufacturing,1000+,No,Yes,No,No,No,No,No,No,No,No,No,Yes,Yes,Yes,No,2,Bachelor's,"Seeking a AI/ML Intern to support Manufacturing projects. Key skills include SQL, GCP, Statistics, NLP. Hybrid role with mid level experience requirements.",305000,4
JOB11750,Data Analyst,Tech Mahindra,Pune,UK,Senior,Full Time,Remote,740000,940000,INR,2025-02-01,Consulting,201-500,Yes,Yes,Yes,No,No,No,No,No,No,Yes,No,No,No,No,No,8,MBA,"Seeking a Data Analyst to support Consulting projects. Key skills include Python, SQL, Power BI, AWS. Remote role with senior experience requirements.",840000,4
JOB10768,Business Analyst,Siemens,Delhi,Canada,Lead,Full Time,On-site,810000,930000,INR,2025-09-04,Technology,201-500,Yes,Yes,No,No,No,No,No,No,No,No,No,Yes,Yes,No,No,12,Master's,"Seeking a Business Analyst to support Technology projects. Key skills include Python, SQL, GCP, Statistics. On-site role with lead experience requirements.",870000,4
JOB11809,Data Analyst,HCLTech,Bangalore,India,Mid Level,Part Time,On-site,510000,630000,EUR,2025-05-30,E-commerce,501-1000,No,Yes,Yes,Yes,Yes,Yes,Yes,No,No,No,No,Yes,No,No,Yes,4,Bachelor's,"Seeking a Data Analyst to support E-commerce projects. Key skills include SQL, Power BI, Excel, Tableau, Machine Learning, Deep Learning, GCP. On-site role with mid level experience requirements.",570000,8
JOB10725,Ai Engineer,Infosys,Pune,India,Entry Level,Contract,Remote,680000,1000000,INR,2025-04-27,Telecommunications,501-1000,Yes,No,No,Yes,No,Yes,Yes,No,No,Yes,No,No,No,No,Yes,1,Master's,"Seeking a AI Engineer to support Telecommunications projects. Key skills include Python, Excel, Machine Learning, Deep Learning, AWS, Generative AI. Remote role with entry level experience requirements.",840000,6
JOB11373,Business Analyst,Cisco,Gurgaon,India,Mid Level,Full Time,On-site,510000,710000,INR,2025-08-25,Consulting,501-1000,Yes,Yes,Yes,Yes,No,No,No,No,No,No,No,No,Yes,No,No,4,MBA,"Seeking a Business Analyst to support Consulting projects. Key skills include Python, SQL, Power BI, Excel, Statistics. On-site role with mid level experience requirements.",610000,5
JOB11762,Ml Engineer,Microsoft,Delhi,India,Senior,Full Time,On-site,990000,1210000,INR,2025-12-25,Telecommunications,1000+,Yes,Yes,No,Yes,Yes,Yes,Yes,No,Yes,No,Yes,No,No,No,No,10,Bachelor's,"Seeking a ML Engineer to support Telecommunications projects. Key skills include Python, SQL, Excel, Tableau, Machine Learning, Deep Learning, PyTorch. On-site role with senior experience requirements.",1100000,8
JOB10464,Data Engineer,Genpact,Mumbai,India,Mid Level,Full Time,Hybrid,880000,1090000,INR,2025-10-14,Technology,201-500,Yes,No,No,Yes,No,Yes,No,No,Yes,No,No,No,No,No,No,5,Bachelor's,"Seeking a Data Engineer to support Technology projects. Key skills include Python, Excel, Machine Learning, PyTorch. Hybrid role with mid level experience requirements.",985000,4
JOB10714,Machine Learning Engineer,Bosch,Ahmedabad,India,Senior,Full Time,Hybrid,1370000,1580000,CAD,2025-02-01,IT Services,201-500,Yes,Yes,No,Yes,Yes,No,No,No,No,No,No,Yes,No,No,No,6,Bachelor's,"Seeking a Machine Learning Engineer to support IT Services projects. Key skills include Python, SQL, Excel, Tableau, GCP. Hybrid role with senior experience requirements.",1475000,5
JOB10015,Data Analyst,Wipro,Pune,Australia,Mid Level,Full Time,Remote,590000,700000,INR,2025-06-14,Manufacturing,1000+,Yes,Yes,Yes,No,Yes,Yes,Yes,No,No,No,No,No,Yes,No,No,5,Master's,"Seeking a Data Analyst to support Manufacturing projects. Key skills include Python, SQL, Power BI, Tableau, Machine Learning, Deep Learning, Statistics. Remote role with mid level experience requirements.",645000,7
JOB11771,Machine Learning Engineer,HCLTech,Hyderabad,India,Lead,Internship,Remote,1190000,1600000,AUD,2025-06-27,Technology,51-200,Yes,Yes,Yes,Yes,No,Yes,Yes,No,Yes,No,No,No,Yes,No,No,11,Bachelor's,"Seeking a Machine Learning Engineer to support Technology projects. Key skills include Python, SQL, Power BI, Excel, Machine Learning, Deep Learning, PyTorch. Remote role with lead experience requirements.",1395000,8
JOB11678,Machine Learning Engineer,Amazon,Noida,India,Mid Level,Part Time,On-site,1010000,1390000,INR,2026-01-29,IT Services,201-500,Yes,No,No,No,No,Yes,No,No,Yes,No,No,Yes,Yes,No,No,4,Bachelor's,"Seeking a Machine Learning Engineer to support IT Services projects. Key skills include Python, Machine Learning, PyTorch, AWS, GCP, Statistics. On-site role with mid level experience requirements.",1200000,5
JOB10113,Ai/Ml Intern,IBM,Bangalore,India,Mid Level,Full Time,On-site,210000,300000,CAD,2025-04-27,IT Services,1000+,Yes,No,No,Yes,No,No,No,No,Yes,No,Yes,No,No,No,No,3,Bachelor's,"Seeking a AI/ML Intern to support IT Services projects. Key skills include Python, Excel, PyTorch, Azure. On-site role with mid level experience requirements.",255000,4
JOB11099,Ml Engineer,JPMorgan Chase,Hyderabad,India,Entry Level,Full Time,On-site,850000,1180000,INR,2025-08-31,Manufacturing,501-1000,Yes,Yes,No,Yes,Yes,Yes,No,No,No,No,No,No,Yes,Yes,No,1,Master's,"Seeking a ML Engineer to support Manufacturing projects. Key skills include Python, SQL, Excel, Tableau, Machine Learning, Statistics, NLP. On-site role with entry level experience requirements.",1015000,7
JOB11347,Data Scientist,Persistent Systems,Pune,India,Entry Level,Full Time,On-site,630000,810000,INR,2026-07-24,Consulting,1-50,Yes,Yes,Yes,Yes,No,No,No,No,No,No,No,No,Yes,No,No,0,Bachelor's,"Seeking a Data Scientist to support Consulting projects. Key skills include Python, SQL, Power BI, Excel, Statistics. On-site role with entry level experience requirements.",720000,5
JOB10279,Bi Analyst,Siemens,Noida,India,Lead,Full Time,On-site,970000,1160000,INR,2025-12-23,IT Services,501-1000,Yes,Yes,Yes,Yes,No,No,No,Yes,Yes,No,Yes,No,No,No,No,8,Bachelor's,"Seeking a BI Analyst to support IT Services projects. Key skills include Python, SQL, Power BI, Excel, TensorFlow, PyTorch, Azure. On-site role with lead experience requirements.",1065000,7
JOB10800,Ai/Ml Intern,Microsoft,Gurgaon,India,Mid Level,Contract,On-site,300000,440000,INR,2026-03-25,Technology,501-1000,Yes,Yes,No,Yes,No,Yes,No,No,No,Yes,Yes,No,Yes,Yes,Yes,3,PhD,"Seeking a AI/ML Intern to support Technology projects. Key skills include Python, SQL, Excel, Machine Learning, AWS, Azure, Statistics. On-site role with mid level experience requirements.",370000,9
JOB10031,Data Engineer,HCLTech,Delhi,USA,Entry Level,Contract,Hybrid,610000,930000,AUD,2025-05-29,Finance,51-200,Yes,Yes,Yes,No,No,No,No,No,Yes,Yes,Yes,No,No,No,Yes,1,Bachelor's,"Seeking a Data Engineer to support Finance projects. Key skills include Python, SQL, Power BI, PyTorch, AWS, Azure, Generative AI. Hybrid role with entry level experience requirements.",770000,7
JOB10569,Business Analyst,Adobe,Mumbai,India,Mid Level,Contract,On-site,530000,640000,AUD,2025-09-28,Technology,501-1000,No,No,No,Yes,No,Yes,Yes,Yes,No,No,No,No,Yes,No,No,5,MBA,"Seeking a Business Analyst to support Technology projects. Key skills include Excel, Machine Learning, Deep Learning, TensorFlow, Statistics. On-site role with mid level experience requirements.",585000,5
JOB10764,Bi Analyst,Cognizant,Remote,India,Entry Level,Full Time,Hybrid,460000,670000,GBP,2026-06-15,Consulting,501-1000,Yes,Yes,No,Yes,No,Yes,Yes,No,No,No,No,No,No,No,No,1,Diploma,"Seeking a BI Analyst to support Consulting projects. Key skills include Python, SQL, Excel, Machine Learning, Deep Learning. Hybrid role with entry level experience requirements.",565000,5
JOB10505,Bi Analyst,Cognizant,Noida,India,Mid Level,Full Time,On-site,520000,710000,INR,2025-10-03,IT Services,1000+,Yes,Yes,Yes,Yes,Yes,No,No,No,No,No,No,No,No,No,No,2,MBA,"Seeking a BI Analyst to support IT Services projects. Key skills include Python, SQL, Power BI, Excel, Tableau. On-site role with mid level experience requirements.",615000,5
JOB11614,Data Scientist,Wipro,Kolkata,Germany,Mid Level,Full Time,On-site,880000,1240000,INR,2025-08-01,Manufacturing,201-500,Yes,Yes,No,No,No,Yes,No,No,No,No,No,No,No,No,No,3,Master's,"Seeking a Data Scientist to support Manufacturing projects. Key skills include Python, SQL, Machine Learning. On-site role with mid level experience requirements.",1060000,3
JOB11921,Bi Analyst,Google,Chennai,India,Senior,Full Time,On-site,630000,760000,INR,2026-05-28,IT Services,201-500,Yes,Yes,Yes,No,No,No,No,No,No,Yes,No,No,No,Yes,No,10,Bachelor's,"Seeking a BI Analyst to support IT Services projects. Key skills include Python, SQL, Power BI, AWS, NLP. On-site role with senior experience requirements.",695000,5
JOB10469,Data Scientist,Genpact,Kolkata,Canada,Mid Level,Full Time,On-site,750000,990000,INR,2026-03-13,IT Services,201-500,Yes,Yes,No,Yes,Yes,No,No,No,No,Yes,No,No,Yes,No,No,5,Bachelor's,"Seeking a Data Scientist to support IT Services projects. Key skills include Python, SQL, Excel, Tableau, AWS, Statistics. On-site role with mid level experience requirements.",870000,6
JOB10542,Data Engineer,Cognizant,Delhi,India,Mid Level,Full Time,On-site,860000,1130000,INR,2025-12-09,Technology,1000+,Yes,Yes,Yes,Yes,Yes,No,No,No,Yes,Yes,No,No,Yes,No,No,5,Bachelor's,"Seeking a Data Engineer to support Technology projects. Key skills include Python, SQL, Power BI, Excel, Tableau, PyTorch, AWS. On-site role with mid level experience requirements.",995000,8
JOB10159,Data Scientist,Siemens,Delhi,India,Entry Level,Contract,On-site,830000,1190000,EUR,2025-07-21,Technology,501-1000,Yes,Yes,Yes,No,No,Yes,No,No,No,No,No,No,No,No,No,1,PhD,"Seeking a Data Scientist to support Technology projects. Key skills include Python, SQL, Power BI, Machine Learning. On-site role with entry level experience requirements.",1010000,4
JOB10698,Data Engineer,Amazon,Pune,UK,Senior,Full Time,Hybrid,960000,1270000,INR,2026-06-10,Finance,1000+,Yes,Yes,No,Yes,Yes,No,No,No,No,Yes,No,Yes,No,Yes,No,5,Bachelor's,"Seeking a Data Engineer to support Finance projects. Key skills include Python, SQL, Excel, Tableau, AWS, GCP, NLP. Hybrid role with senior experience requirements.",1115000,7
JOB10917,Data Scientist,Infosys,Gurgaon,India,Mid Level,Full Time,Hybrid,980000,1330000,INR,2026-01-15,IT Services,1000+,Yes,Yes,No,No,No,Yes,No,No,No,Yes,No,No,Yes,Yes,No,4,Bachelor's,"Seeking a Data Scientist to support IT Services projects. Key skills include Python, SQL, Machine Learning, AWS, Statistics, NLP. Hybrid role with mid level experience requirements.",1155000,6
JOB10922,Ai Engineer,SAP,Chennai,Germany,Entry Level,Contract,Hybrid,790000,1150000,INR,2025-03-30,Consulting,501-1000,Yes,Yes,Yes,Yes,No,Yes,Yes,No,No,No,No,No,No,Yes,Yes,0,Bachelor's,"Seeking a AI Engineer to support Consulting projects. Key skills include Python, SQL, Power BI, Excel, Machine Learning, Deep Learning, NLP. Hybrid role with entry level experience requirements.",970000,8
JOB11726,Data Analyst,SAP,Pune,Germany,Lead,Full Time,Remote,790000,910000,INR,2025-01-10,Technology,1000+,Yes,Yes,Yes,Yes,No,No,No,No,Yes,Yes,No,No,No,No,Yes,11,Bachelor's,"Seeking a Data Analyst to support Technology projects. Key skills include Python, SQL, Power BI, Excel, PyTorch, AWS, Generative AI. Remote role with lead experience requirements.",850000,7
JOB10004,Data Engineer,SAP,Noida,India,Senior,Full Time,On-site,1170000,1440000,INR,2025-10-04,IT Services,501-1000,Yes,No,Yes,Yes,No,No,No,No,No,Yes,Yes,No,No,Yes,No,5,Bachelor's,"Seeking a Data Engineer to support IT Services projects. Key skills include Python, Power BI, Excel, AWS, Azure, NLP. On-site role with senior experience requirements.",1305000,6
JOB10120,Ai Engineer,Walmart Global Tech,Kolkata,India,Entry Level,Part Time,On-site,820000,1250000,USD,2026-03-02,IT Services,1000+,Yes,Yes,Yes,No,No,No,No,No,No,No,No,No,Yes,No,Yes,1,MBA,"Seeking a AI Engineer to support IT Services projects. Key skills include Python, SQL, Power BI, Statistics, Generative AI. On-site role with entry level experience requirements.",1035000,5
JOB10603,Data Analyst,Amazon,Bangalore,India,Mid Level,Full Time,Remote,530000,700000,INR,2025-09-26,IT Services,501-1000,Yes,Yes,Yes,Yes,Yes,No,No,No,No,No,Yes,No,Yes,Yes,No,5,Master's,"Seeking a Data Analyst to support IT Services projects. Key skills include Python, SQL, Power BI, Excel, Tableau, Azure, Statistics. Remote role with mid level experience requirements.",615000,8
JOB10982,Ml Engineer,LTIMindtree,Mumbai,India,Mid Level,Full Time,Hybrid,1030000,1380000,INR,2025-08-12,Consulting,51-200,Yes,Yes,No,Yes,No,Yes,Yes,No,No,No,Yes,Yes,No,No,No,5,Bachelor's,"Seeking a ML Engineer to support Consulting projects. Key skills include Python, SQL, Excel, Machine Learning, Deep Learning, Azure, GCP. Hybrid role with mid level experience requirements.",1205000,7
JOB10855,Data Analyst,Siemens,Gurgaon,India,Entry Level,Full Time,On-site,460000,590000,INR,2026-03-21,E-commerce,1000+,Yes,No,Yes,No,No,No,No,No,No,No,Yes,No,No,No,No,1,Master's,"Seeking a Data Analyst to support E-commerce projects. Key skills include Python, Power BI, Azure. On-site role with entry level experience requirements.",525000,3
JOB11652,Data Scientist,Genpact,Kolkata,India,Senior,Full Time,Remote,890000,1070000,INR,2025-05-25,Finance,1000+,Yes,Yes,Yes,Yes,No,Yes,No,No,Yes,No,No,No,Yes,No,No,9,Bachelor's,"Seeking a Data Scientist to support Finance projects. Key skills include Python, SQL, Power BI, Excel, Machine Learning, PyTorch, Statistics. Remote role with senior experience requirements.",980000,7
JOB11702,Machine Learning Engineer,JPMorgan Chase,Gurgaon,India,Entry Level,Full Time,On-site,730000,1110000,EUR,2025-09-12,Technology,1000+,Yes,No,Yes,No,Yes,Yes,Yes,Yes,No,Yes,No,No,Yes,No,No,0,Master's,"Seeking a Machine Learning Engineer to support Technology projects. Key skills include Python, Power BI, Tableau, Machine Learning, Deep Learning, TensorFlow, AWS. On-site role with entry level experience requirements.",920000,8
JOB10342,Machine Learning Engineer,NVIDIA,Noida,India,Mid Level,Full Time,Remote,970000,1180000,INR,2026-05-11,Technology,201-500,Yes,Yes,Yes,No,No,Yes,No,No,Yes,Yes,No,No,No,No,No,3,Bachelor's,"Seeking a Machine Learning Engineer to support Technology projects. Key skills include Python, SQL, Power BI, Machine Learning, PyTorch, AWS. Remote role with mid level experience requirements.",1075000,6
JOB10075,Bi Analyst,Wipro,Hyderabad,India,Mid Level,Full Time,Remote,640000,790000,INR,2025-04-03,Finance,201-500,Yes,Yes,Yes,No,Yes,No,No,No,No,Yes,No,No,No,No,Yes,4,Bachelor's,"Seeking a BI Analyst to support Finance projects. Key skills include Python, SQL, Power BI, Tableau, AWS, Generative AI. Remote role with mid level experience requirements.",715000,6
JOB10183,Ai/Ml Intern,Siemens,Ahmedabad,India,Senior,Contract,Remote,410000,530000,INR,2025-12-27,IT Services,51-200,Yes,No,No,Yes,No,Yes,No,No,No,No,Yes,No,No,No,Yes,8,Bachelor's,"Seeking a AI/ML Intern to support IT Services projects. Key skills include Python, Excel, Machine Learning, Azure, Generative AI. Remote role with senior experience requirements.",470000,5
JOB10473,Data Analyst,Microsoft,Bangalore,India,Mid Level,Full Time,Remote,630000,740000,CAD,2025-11-12,Technology,501-1000,Yes,Yes,Yes,Yes,No,Yes,No,No,No,No,No,No,No,No,No,2,Bachelor's,"Seeking a Data Analyst to support Technology projects. Key skills include Python, SQL, Power BI, Excel, Machine Learning. Remote role with mid level experience requirements.",685000,5
JOB10443,Machine Learning Engineer,JPMorgan Chase,Remote,India,Entry Level,Full Time,On-site,950000,1350000,INR,2025-01-26,Technology,1-50,Yes,Yes,No,No,Yes,Yes,No,No,Yes,No,Yes,No,Yes,No,Yes,1,Bachelor's,"Seeking a Machine Learning Engineer to support Technology projects. Key skills include Python, SQL, Tableau, Machine Learning, PyTorch, Azure, Statistics. On-site role with entry level experience requirements.",1150000,8
JOB10343,Data Analyst,LTIMindtree,Pune,India,Entry Level,Part Time,On-site,400000,540000,USD,2025-04-27,Finance,1000+,Yes,Yes,Yes,Yes,No,No,No,No,Yes,No,Yes,No,No,No,No,0,Master's,"Seeking a Data Analyst to support Finance projects. Key skills include Python, SQL, Power BI, Excel, PyTorch, Azure. On-site role with entry level experience requirements.",470000,6
JOB10943,Data Engineer,Wipro,Gurgaon,USA,Mid Level,Internship,Hybrid,700000,1000000,GBP,2025-05-05,IT Services,201-500,Yes,Yes,Yes,Yes,No,No,No,No,No,Yes,No,No,Yes,No,No,5,Master's,"Seeking a Data Engineer to support IT Services projects. Key skills include Python, SQL, Power BI, Excel, AWS, Statistics. Hybrid role with mid level experience requirements.",850000,6
JOB11609,Data Scientist,JPMorgan Chase,Hyderabad,USA,Mid Level,Full Time,Hybrid,810000,1080000,INR,2025-07-16,Consulting,501-1000,Yes,No,Yes,Yes,No,Yes,No,No,No,No,No,No,Yes,No,No,5,Bachelor's,"Seeking a Data Scientist to support Consulting projects. Key skills include Python, Power BI, Excel, Machine Learning, Statistics. Hybrid role with mid level experience requirements.",945000,5
JOB10858,Machine Learning Engineer,SAP,Bangalore,India,Entry Level,Full Time,Hybrid,680000,1020000,INR,2025-03-07,IT Services,501-1000,Yes,Yes,Yes,No,Yes,Yes,No,No,Yes,No,No,No,No,Yes,No,1,Master's,"Seeking a Machine Learning Engineer to support IT Services projects. Key skills include Python, SQL, Power BI, Tableau, Machine Learning, PyTorch, NLP. Hybrid role with entry level experience requirements.",850000,7
JOB11380,Data Engineer,IBM,Chennai,Canada,Mid Level,Contract,On-site,880000,1170000,INR,2026-01-29,Finance,1-50,No,Yes,No,Yes,No,No,Yes,No,Yes,No,Yes,No,Yes,No,No,5,Bachelor's,"Seeking a Data Engineer to support Finance projects. Key skills include SQL, Excel, Deep Learning, PyTorch, Azure, Statistics. On-site role with mid level experience requirements.",1025000,6
JOB10267,Bi Analyst,Google,Gurgaon,India,Mid Level,Full Time,Hybrid,650000,790000,INR,2025-03-14,Consulting,501-1000,Yes,Yes,No,Yes,Yes,No,No,No,No,No,No,No,Yes,No,No,2,Diploma,"Seeking a BI Analyst to support Consulting projects. Key skills include Python, SQL, Excel, Tableau, Statistics. Hybrid role with mid level experience requirements.",720000,5
JOB11590,Bi Analyst,LTIMindtree,Noida,Germany,Senior,Full Time,Remote,630000,760000,INR,2025-11-01,Healthcare,201-500,Yes,Yes,Yes,Yes,No,No,No,No,No,No,No,No,Yes,Yes,Yes,10,Bachelor's,"Seeking a BI Analyst to support Healthcare projects. Key skills include Python, SQL, Power BI, Excel, Statistics, NLP, Generative AI. Remote role with senior experience requirements.",695000,7
JOB10125,Data Scientist,Wipro,Noida,India,Entry Level,Full Time,Hybrid,590000,770000,USD,2025-12-30,Finance,201-500,Yes,No,No,No,No,No,No,No,No,No,Yes,No,No,Yes,Yes,1,Bachelor's,"Seeking a Data Scientist to support Finance projects. Key skills include Python, Azure, NLP, Generative AI. Hybrid role with entry level experience requirements.",680000,4
JOB10283,Machine Learning Engineer,Cisco,Bangalore,UK,Mid Level,Full Time,Hybrid,980000,1400000,EUR,2026-01-17,Consulting,201-500,Yes,Yes,Yes,No,No,No,No,Yes,No,Yes,No,No,Yes,Yes,No,3,PhD,"Seeking a Machine Learning Engineer to support Consulting projects. Key skills include Python, SQL, Power BI, TensorFlow, AWS, Statistics, NLP. Hybrid role with mid level experience requirements.",1190000,7
JOB10575,Business Analyst,Amazon,Remote,India,Senior,Contract,Remote,570000,710000,INR,2025-11-06,E-commerce,1000+,Yes,No,No,Yes,Yes,Yes,No,No,No,No,No,No,Yes,No,No,6,Bachelor's,"Seeking a Business Analyst to support E-commerce projects. Key skills include Python, Excel, Tableau, Machine Learning, Statistics. Remote role with senior experience requirements.",640000,5
JOB11358,Machine Learning Engineer,Bosch,Mumbai,India,Mid Level,Full Time,Hybrid,890000,1100000,SGD,2025-03-14,Technology,201-500,Yes,Yes,Yes,Yes,Yes,Yes,No,Yes,No,No,No,No,No,No,No,5,Master's,"Seeking a Machine Learning Engineer to support Technology projects. Key skills include Python, SQL, Power BI, Excel, Tableau, Machine Learning, TensorFlow. Hybrid role with mid level experience requirements.",995000,7
JOB11730,Data Engineer,Deloitte,Mumbai,India,Mid Level,Full Time,On-site,680000,1030000,INR,2025-08-20,E-commerce,1000+,Yes,Yes,No,No,No,Yes,No,No,No,No,Yes,No,No,No,No,3,Bachelor's,"Seeking a Data Engineer to support E-commerce projects. Key skills include Python, SQL, Machine Learning, Azure. On-site role with mid level experience requirements.",855000,4
JOB11633,Data Engineer,Bosch,Ahmedabad,India,Mid Level,Full Time,Remote,670000,850000,CAD,2026-06-23,E-commerce,1000+,Yes,Yes,No,No,No,Yes,Yes,Yes,No,No,Yes,No,No,No,No,3,Bachelor's,"Seeking a Data Engineer to support E-commerce projects. Key skills include Python, SQL, Machine Learning, Deep Learning, TensorFlow, Azure. Remote role with mid level experience requirements.",760000,6
JOB10682,Data Scientist,Genpact,Bangalore,India,Entry Level,Full Time,Hybrid,630000,810000,INR,2026-07-30,Consulting,201-500,Yes,Yes,No,Yes,No,Yes,No,No,No,No,No,No,No,Yes,No,2,Bachelor's,"Seeking a Data Scientist to support Consulting projects. Key skills include Python, SQL, Excel, Machine Learning, NLP. Hybrid role with entry level experience requirements.",720000,5
JOB10639,Data Scientist,Infosys,Bangalore,India,Senior,Full Time,Remote,1150000,1420000,INR,2025-02-16,Consulting,1000+,Yes,No,Yes,No,Yes,Yes,No,No,No,No,No,Yes,Yes,No,No,5,Bachelor's,"Seeking a Data Scientist to support Consulting projects. Key skills include Python, Power BI, Tableau, Machine Learning, GCP, Statistics. Remote role with senior experience requirements.",1285000,6
JOB10983,Data Analyst,Accenture,Bangalore,India,Mid Level,Internship,Hybrid,600000,790000,INR,2025-07-23,Consulting,1-50,Yes,Yes,Yes,Yes,No,No,No,Yes,Yes,No,No,No,Yes,No,No,2,MBA,"Seeking a Data Analyst to support Consulting projects. Key skills include Python, SQL, Power BI, Excel, TensorFlow, PyTorch, Statistics. Hybrid role with mid level experience requirements.",695000,7
JOB10679,Nlp Engineer,Oracle,Bangalore,India,Lead,Full Time,Remote,1110000,1460000,INR,2025-05-20,Education,1000+,Yes,No,No,No,No,Yes,Yes,No,No,No,No,No,No,Yes,No,10,Master's,"Seeking a NLP Engineer to support Education projects. Key skills include Python, Machine Learning, Deep Learning, NLP. Remote role with lead experience requirements.",1285000,4
JOB11147,Ml Engineer,Bosch,Pune,USA,Senior,Full Time,Hybrid,1180000,1490000,CAD,2026-07-27,Education,1000+,Yes,Yes,No,Yes,Yes,No,No,No,No,No,Yes,No,No,Yes,No,5,Master's,"Seeking a ML Engineer to support Education projects. Key skills include Python, SQL, Excel, Tableau, Azure, NLP. Hybrid role with senior experience requirements.",1335000,6
JOB11412,Data Analyst,Amazon,Hyderabad,India,Mid Level,Full Time,On-site,550000,670000,INR,2025-02-06,Technology,1000+,No,Yes,Yes,No,No,Yes,No,No,No,No,No,No,No,No,No,2,Bachelor's,"Seeking a Data Analyst to support Technology projects. Key skills include SQL, Power BI, Machine Learning. On-site role with mid level experience requirements.",610000,3
JOB10496,Data Scientist,Capgemini,Pune,India,Mid Level,Full Time,On-site,840000,1210000,INR,2025-08-13,Healthcare,501-1000,Yes,Yes,No,Yes,No,Yes,No,No,No,Yes,Yes,No,Yes,No,No,5,Master's,"Seeking a Data Scientist to support Healthcare projects. Key skills include Python, SQL, Excel, Machine Learning, AWS, Azure, Statistics. On-site role with mid level experience requirements.",1025000,7
JOB11741,Ml Engineer,Cisco,Mumbai,India,Entry Level,Internship,Hybrid,640000,1050000,GBP,2026-08-06,Education,501-1000,Yes,No,No,No,No,No,No,No,No,No,No,No,No,No,No,0,Bachelor's,Seeking a ML Engineer to support Education projects. Key skills include Python. Hybrid role with entry level experience requirements.,845000,1
JOB10561,Bi Analyst,TCS,Noida,UK,Entry Level,Full Time,Hybrid,410000,620000,INR,2025-12-15,E-commerce,501-1000,Yes,Yes,Yes,Yes,Yes,No,No,No,No,No,No,No,No,No,No,1,Bachelor's,"Seeking a BI Analyst to support E-commerce projects. Key skills include Python, SQL, Power BI, Excel, Tableau. Hybrid role with entry level experience requirements.",515000,5
JOB10670,Data Scientist,Tech Mahindra,Kolkata,India,Mid Level,Full Time,On-site,720000,910000,INR,2026-04-14,IT Services,201-500,Yes,Yes,Yes,No,No,No,No,Yes,No,No,No,Yes,Yes,No,No,5,Bachelor's,"Seeking a Data Scientist to support IT Services projects. Key skills include Python, SQL, Power BI, TensorFlow, GCP, Statistics. On-site role with mid level experience requirements.",815000,6
JOB10871,Machine Learning Engineer,LTIMindtree,Bangalore,India,Mid Level,Internship,Hybrid,1170000,1510000,INR,2026-07-03,Finance,1000+,Yes,Yes,No,Yes,No,Yes,No,Yes,No,No,No,No,Yes,No,Yes,2,Master's,"Seeking a Machine Learning Engineer to support Finance projects. Key skills include Python, SQL, Excel, Machine Learning, TensorFlow, Statistics, Generative AI. Hybrid role with mid level experience requirements.",1340000,7
JOB10723,Data Analyst,Amazon,Mumbai,India,Entry Level,Full Time,Remote,390000,510000,EUR,2026-04-16,Manufacturing,1000+,Yes,Yes,Yes,Yes,No,No,No,No,No,No,No,No,No,No,No,2,Master's,"Seeking a Data Analyst to support Manufacturing projects. Key skills include Python, SQL, Power BI, Excel. Remote role with entry level experience requirements.",450000,4
JOB11418,Data Analyst,Bosch,Remote,India,Entry Level,Full Time,Hybrid,510000,660000,INR,2025-07-05,IT Services,501-1000,Yes,Yes,Yes,No,Yes,No,No,No,No,No,Yes,Yes,Yes,No,Yes,2,Bachelor's,"Seeking a Data Analyst to support IT Services projects. Key skills include Python, SQL, Power BI, Tableau, Azure, GCP, Statistics. Hybrid role with entry level experience requirements.",585000,8
JOB11168,Ai Engineer,HCLTech,Hyderabad,India,Mid Level,Full Time,On-site,950000,1380000,INR,2025-06-18,IT Services,201-500,Yes,Yes,No,Yes,No,Yes,Yes,No,No,No,No,No,Yes,No,No,5,Master's,"Seeking a AI Engineer to support IT Services projects. Key skills include Python, SQL, Excel, Machine Learning, Deep Learning, Statistics. On-site role with mid level experience requirements.",1165000,6
JOB10058,Data Analyst,Cognizant,Gurgaon,India,Mid Level,Contract,On-site,580000,720000,INR,2026-08-08,Education,501-1000,No,Yes,Yes,Yes,No,No,Yes,No,No,Yes,Yes,No,No,No,No,5,Bachelor's,"Seeking a Data Analyst to support Education projects. Key skills include SQL, Power BI, Excel, Deep Learning, AWS, Azure. On-site role with mid level experience requirements.",650000,6
JOB10822,Data Analyst,Google,Ahmedabad,India,Lead,Contract,Remote,860000,1070000,INR,2026-02-07,Education,201-500,Yes,Yes,Yes,No,No,No,No,No,No,No,No,Yes,Yes,No,Yes,12,Bachelor's,"Seeking a Data Analyst to support Education projects. Key skills include Python, SQL, Power BI, GCP, Statistics, Generative AI. Remote role with lead experience requirements.",965000,6
JOB11445,Business Analyst,LTIMindtree,Delhi,India,Mid Level,Full Time,On-site,550000,740000,INR,2026-05-08,Telecommunications,201-500,Yes,Yes,Yes,Yes,No,Yes,No,No,No,Yes,No,Yes,No,No,No,3,Bachelor's,"Seeking a Business Analyst to support Telecommunications projects. Key skills include Python, SQL, Power BI, Excel, Machine Learning, AWS, GCP. On-site role with mid level experience requirements.",645000,7
JOB10390,Ml Engineer,Cognizant,Mumbai,India,Mid Level,Full Time,Remote,1130000,1550000,INR,2026-08-03,Technology,51-200,Yes,Yes,No,Yes,No,Yes,Yes,No,No,Yes,No,No,No,No,Yes,5,Bachelor's,"Seeking a ML Engineer to support Technology projects. Key skills include Python, SQL, Excel, Machine Learning, Deep Learning, AWS, Generative AI. Remote role with mid level experience requirements.",1340000,7
JOB11406,Machine Learning Engineer,IBM,Remote,India,Senior,Full Time,Hybrid,1300000,1600000,INR,2026-05-04,Consulting,201-500,Yes,Yes,Yes,No,No,No,No,No,No,Yes,No,No,Yes,No,No,8,Diploma,"Seeking a Machine Learning Engineer to support Consulting projects. Key skills include Python, SQL, Power BI, AWS, Statistics. Hybrid role with senior experience requirements.",1450000,5
JOB11363,Data Engineer,Capgemini,Bangalore,India,Entry Level,Full Time,Hybrid,690000,980000,INR,2025-05-23,Healthcare,201-500,Yes,Yes,No,Yes,Yes,No,No,No,No,Yes,No,No,Yes,Yes,No,1,Bachelor's,"Seeking a Data Engineer to support Healthcare projects. Key skills include Python, SQL, Excel, Tableau, AWS, Statistics, NLP. Hybrid role with entry level experience requirements.",835000,7
JOB11786,Business Analyst,SAP,Hyderabad,India,Entry Level,Internship,On-site,520000,720000,INR,2026-01-01,E-commerce,1000+,Yes,Yes,No,Yes,No,Yes,No,No,No,No,Yes,No,Yes,Yes,No,1,Bachelor's,"Seeking a Business Analyst to support E-commerce projects. Key skills include Python, SQL, Excel, Machine Learning, Azure, Statistics, NLP. On-site role with entry level experience requirements.",620000,7
JOB10117,Ml Engineer,Cisco,Bangalore,India,Entry Level,Full Time,Remote,770000,1190000,INR,2025-12-24,Healthcare,501-1000,Yes,Yes,No,Yes,No,Yes,Yes,Yes,No,No,Yes,No,Yes,No,Yes,1,Master's,"Seeking a ML Engineer to support Healthcare projects. Key skills include Python, SQL, Excel, Machine Learning, Deep Learning, TensorFlow, Azure. Remote role with entry level experience requirements.",980000,9
JOB10675,Machine Learning Engineer,IBM,Gurgaon,India,Mid Level,Full Time,On-site,980000,1270000,INR,2026-06-20,Technology,51-200,Yes,Yes,Yes,Yes,Yes,Yes,No,Yes,No,No,No,No,No,No,Yes,3,Bachelor's,"Seeking a Machine Learning Engineer to support Technology projects. Key skills include Python, SQL, Power BI, Excel, Tableau, Machine Learning, TensorFlow. On-site role with mid level experience requirements.",1125000,8
JOB10828,Data Scientist,Cisco,Bangalore,Canada,Mid Level,Full Time,Hybrid,790000,1070000,INR,2026-04-02,Manufacturing,1000+,Yes,No,No,Yes,No,No,No,Yes,No,Yes,No,No,Yes,Yes,No,4,Bachelor's,"Seeking a Data Scientist to support Manufacturing projects. Key skills include Python, Excel, TensorFlow, AWS, Statistics, NLP. Hybrid role with mid level experience requirements.",930000,6
JOB10562,Data Analyst,Amazon,Pune,India,Senior,Part Time,Remote,650000,830000,AUD,2025-02-13,Education,51-200,No,Yes,Yes,Yes,Yes,No,No,No,No,Yes,No,Yes,Yes,No,No,6,Bachelor's,"Seeking a Data Analyst to support Education projects. Key skills include SQL, Power BI, Excel, Tableau, AWS, GCP, Statistics. Remote role with senior experience requirements.",740000,7
JOB10082,Data Engineer,SAP,Mumbai,India,Mid Level,Full Time,Hybrid,960000,1210000,INR,2025-01-18,Healthcare,1000+,Yes,Yes,No,Yes,No,Yes,No,No,No,No,Yes,No,No,No,No,2,Bachelor's,"Seeking a Data Engineer to support Healthcare projects. Key skills include Python, SQL, Excel, Machine Learning, Azure. Hybrid role with mid level experience requirements.",1085000,5
JOB11742,Bi Analyst,IBM,Gurgaon,India,Entry Level,Full Time,On-site,420000,560000,INR,2025-09-12,Finance,51-200,Yes,Yes,Yes,No,Yes,No,No,Yes,No,Yes,Yes,No,No,No,Yes,1,Bachelor's,"Seeking a BI Analyst to support Finance projects. Key skills include Python, SQL, Power BI, Tableau, TensorFlow, AWS, Azure. On-site role with entry level experience requirements.",490000,8
JOB10918,Ai/Ml Intern,JPMorgan Chase,Gurgaon,India,Mid Level,Full Time,Hybrid,280000,410000,INR,2026-03-19,Healthcare,1000+,Yes,Yes,No,No,No,No,No,No,No,No,No,No,Yes,No,No,2,PhD,"Seeking a AI/ML Intern to support Healthcare projects. Key skills include Python, SQL, Statistics. Hybrid role with mid level experience requirements.",345000,3
JOB11328,Ml Engineer,Walmart Global Tech,Hyderabad,India,Mid Level,Full Time,Hybrid,850000,1290000,AUD,2026-03-23,Education,1000+,Yes,No,No,Yes,No,Yes,No,No,Yes,No,No,No,No,Yes,No,4,Bachelor's,"Seeking a ML Engineer to support Education projects. Key skills include Python, Excel, Machine Learning, PyTorch, NLP. Hybrid role with mid level experience requirements.",1070000,5
JOB11725,Bi Analyst,Oracle,Bangalore,India,Entry Level,Internship,Hybrid,420000,560000,GBP,2026-05-21,Technology,501-1000,Yes,Yes,Yes,Yes,Yes,No,No,No,No,No,No,No,Yes,No,No,1,Bachelor's,"Seeking a BI Analyst to support Technology projects. Key skills include Python, SQL, Power BI, Excel, Tableau, Statistics. Hybrid role with entry level experience requirements.",490000,6
JOB11528,Data Scientist,Microsoft,Gurgaon,India,Mid Level,Full Time,Hybrid,1050000,1380000,INR,2025-07-28,E-commerce,1000+,Yes,No,No,Yes,No,Yes,No,No,No,No,Yes,No,Yes,No,No,3,Diploma,"Seeking a Data Scientist to support E-commerce projects. Key skills include Python, Excel, Machine Learning, Azure, Statistics. Hybrid role with mid level experience requirements.",1215000,5
JOB10624,Ai Engineer,Microsoft,Noida,India,Senior,Full Time,On-site,1370000,1670000,USD,2025-05-14,E-commerce,201-500,Yes,Yes,Yes,Yes,No,Yes,Yes,No,No,No,No,No,No,No,No,7,Master's,"Seeking a AI Engineer to support E-commerce projects. Key skills include Python, SQL, Power BI, Excel, Machine Learning, Deep Learning. On-site role with senior experience requirements.",1520000,6
JOB11170,Data Scientist,Cisco,Noida,India,Entry Level,Full Time,Hybrid,610000,920000,INR,2025-09-25,IT Services,51-200,Yes,Yes,Yes,No,No,Yes,Yes,No,Yes,Yes,No,No,No,Yes,No,1,Bachelor's,"Seeking a Data Scientist to support IT Services projects. Key skills include Python, SQL, Power BI, Machine Learning, Deep Learning, PyTorch, AWS. Hybrid role with entry level experience requirements.",765000,8
JOB10793,Ai Engineer,Wipro,Kolkata,India,Lead,Full Time,Remote,1800000,2250000,EUR,2025-06-09,Consulting,1-50,Yes,Yes,Yes,No,No,Yes,Yes,No,No,Yes,No,No,No,No,Yes,10,Master's,"Seeking a AI Engineer to support Consulting projects. Key skills include Python, SQL, Power BI, Machine Learning, Deep Learning, AWS, Generative AI. Remote role with lead experience requirements.",2025000,7
JOB10019,Machine Learning Engineer,Capgemini,Bangalore,India,Senior,Full Time,Hybrid,1500000,1780000,USD,2026-03-08,Finance,201-500,No,Yes,Yes,No,No,Yes,No,No,No,Yes,No,No,No,No,No,9,Bachelor's,"Seeking a Machine Learning Engineer to support Finance projects. Key skills include SQL, Power BI, Machine Learning, AWS. Hybrid role with senior experience requirements.",1640000,4
JOB11028,Ml Engineer,TCS,Delhi,India,Senior,Contract,On-site,1280000,1640000,INR,2025-03-26,E-commerce,1000+,Yes,Yes,No,No,Yes,Yes,No,No,Yes,No,No,No,No,No,No,9,Master's,"Seeking a ML Engineer to support E-commerce projects. Key skills include Python, SQL, Tableau, Machine Learning, PyTorch. On-site role with senior experience requirements.",1460000,5
JOB10272,Ml Engineer,TCS,Pune,UK,Lead,Full Time,Hybrid,1470000,1690000,INR,2025-09-03,Manufacturing,1000+,Yes,Yes,Yes,No,No,Yes,Yes,No,Yes,No,No,No,Yes,No,No,12,Diploma,"Seeking a ML Engineer to support Manufacturing projects. Key skills include Python, SQL, Power BI, Machine Learning, Deep Learning, PyTorch, Statistics. Hybrid role with lead experience requirements.",1580000,7
JOB11655,Data Analyst,Amazon,Mumbai,India,Mid Level,Contract,Hybrid,570000,680000,INR,2025-01-22,Telecommunications,51-200,No,Yes,No,Yes,Yes,No,No,No,No,No,No,No,Yes,No,No,2,Master's,"Seeking a Data Analyst to support Telecommunications projects. Key skills include SQL, Excel, Tableau, Statistics. Hybrid role with mid level experience requirements.",625000,4
JOB10432,Bi Analyst,Cognizant,Noida,India,Mid Level,Contract,On-site,580000,710000,INR,2025-03-15,Finance,1-50,Yes,Yes,Yes,No,Yes,No,No,No,No,No,No,No,Yes,No,No,2,Master's,"Seeking a BI Analyst to support Finance projects. Key skills include Python, SQL, Power BI, Tableau, Statistics. On-site role with mid level experience requirements.",645000,5
JOB11845,Ai/Ml Intern,Walmart Global Tech,Mumbai,UK,Mid Level,Internship,On-site,260000,400000,INR,2026-03-27,E-commerce,1-50,No,Yes,No,No,No,Yes,No,No,No,No,No,No,Yes,No,No,5,Bachelor's,"Seeking a AI/ML Intern to support E-commerce projects. Key skills include SQL, Machine Learning, Statistics. On-site role with mid level experience requirements.",330000,3
JOB11663,Ai/Ml Intern,Tech Mahindra,Mumbai,Singapore,Mid Level,Full Time,Hybrid,340000,460000,INR,2025-04-11,Technology,51-200,Yes,No,Yes,Yes,No,Yes,No,No,No,No,No,No,No,No,No,3,Bachelor's,"Seeking a AI/ML Intern to support Technology projects. Key skills include Python, Power BI, Excel, Machine Learning. Hybrid role with mid level experience requirements.",400000,4
JOB11535,Machine Learning Engineer,Genpact,Bangalore,USA,Mid Level,Full Time,On-site,840000,1220000,EUR,2025-10-02,IT Services,201-500,Yes,No,Yes,No,No,Yes,No,No,Yes,No,No,No,Yes,Yes,No,4,Diploma,"Seeking a Machine Learning Engineer to support IT Services projects. Key skills include Python, Power BI, Machine Learning, PyTorch, Statistics, NLP. On-site role with mid level experience requirements.",1030000,6
JOB10887,Data Engineer,Google,Remote,India,Mid Level,Internship,On-site,900000,1110000,INR,2025-11-14,Manufacturing,51-200,Yes,Yes,No,Yes,No,No,No,No,No,No,Yes,Yes,Yes,No,No,5,Bachelor's,"Seeking a Data Engineer to support Manufacturing projects. Key skills include Python, SQL, Excel, Azure, GCP, Statistics. On-site role with mid level experience requirements.",1005000,6
JOB11400,Bi Analyst,Accenture,Kolkata,UK,Entry Level,Full Time,On-site,420000,640000,INR,2025-12-30,Manufacturing,201-500,Yes,Yes,No,Yes,No,Yes,No,No,No,No,Yes,No,Yes,No,Yes,1,Diploma,"Seeking a BI Analyst to support Manufacturing projects. Key skills include Python, SQL, Excel, Machine Learning, Azure, Statistics, Generative AI. On-site role with entry level experience requirements.",530000,7
JOB10995,Machine Learning Engineer,Capgemini,Gurgaon,Australia,Mid Level,Full Time,On-site,870000,1240000,INR,2025-05-09,Telecommunications,1000+,No,Yes,No,No,No,No,No,Yes,Yes,No,No,Yes,Yes,No,No,3,Master's,"Seeking a Machine Learning Engineer to support Telecommunications projects. Key skills include SQL, TensorFlow, PyTorch, GCP, Statistics. On-site role with mid level experience requirements.",1055000,5
JOB11714,Machine Learning Engineer,Oracle,Bangalore,India,Mid Level,Full Time,Remote,900000,1310000,INR,2025-02-06,Finance,1-50,Yes,No,No,Yes,No,No,Yes,No,No,No,Yes,Yes,Yes,No,Yes,2,Master's,"Seeking a Machine Learning Engineer to support Finance projects. Key skills include Python, Excel, Deep Learning, Azure, GCP, Statistics, Generative AI. Remote role with mid level experience requirements.",1105000,7
JOB11671,Machine Learning Engineer,Persistent Systems,Noida,India,Senior,Full Time,On-site,1300000,1680000,GBP,2026-07-09,Technology,201-500,Yes,No,No,No,Yes,Yes,No,No,No,Yes,No,No,No,Yes,Yes,10,Bachelor's,"Seeking a Machine Learning Engineer to support Technology projects. Key skills include Python, Tableau, Machine Learning, AWS, NLP, Generative AI. On-site role with senior experience requirements.",1490000,6
JOB11933,Ai Engineer,SAP,Remote,Germany,Senior,Internship,Hybrid,1200000,1660000,INR,2026-04-22,Finance,1-50,No,Yes,Yes,No,No,Yes,No,No,No,Yes,Yes,No,Yes,No,No,7,Bachelor's,"Seeking a AI Engineer to support Finance projects. Key skills include SQL, Power BI, Machine Learning, AWS, Azure, Statistics. Hybrid role with senior experience requirements.",1430000,6
JOB10588,Data Analyst,Deloitte,Noida,India,Entry Level,Full Time,Hybrid,400000,590000,INR,2025-07-28,IT Services,501-1000,Yes,No,No,No,No,Yes,No,No,Yes,No,No,No,No,No,No,1,Bachelor's,"Seeking a Data Analyst to support IT Services projects. Key skills include Python, Machine Learning, PyTorch. Hybrid role with entry level experience requirements.",495000,3
JOB10597,Data Engineer,Wipro,Gurgaon,UK,Mid Level,Internship,Hybrid,960000,1230000,INR,2025-01-01,Healthcare,1000+,Yes,Yes,No,No,No,No,No,No,No,No,No,No,No,Yes,No,2,Bachelor's,"Seeking a Data Engineer to support Healthcare projects. Key skills include Python, SQL, NLP. Hybrid role with mid level experience requirements.",1095000,3
JOB10178,Machine Learning Engineer,Capgemini,Bangalore,India,Entry Level,Full Time,Remote,840000,1080000,INR,2025-05-09,Technology,201-500,Yes,Yes,No,Yes,No,Yes,No,No,No,No,No,No,Yes,No,Yes,0,Bachelor's,"Seeking a Machine Learning Engineer to support Technology projects. Key skills include Python, SQL, Excel, Machine Learning, Statistics, Generative AI. Remote role with entry level experience requirements.",960000,6
JOB10495,Machine Learning Engineer,Oracle,Delhi,India,Entry Level,Full Time,On-site,900000,1290000,INR,2025-10-08,Technology,501-1000,Yes,Yes,Yes,Yes,No,Yes,Yes,No,No,No,No,No,No,No,Yes,0,Bachelor's,"Seeking a Machine Learning Engineer to support Technology projects. Key skills include Python, SQL, Power BI, Excel, Machine Learning, Deep Learning, Generative AI. On-site role with entry level experience requirements.",1095000,7
JOB11027,Business Analyst,Wipro,Pune,USA,Entry Level,Full Time,On-site,470000,620000,CAD,2025-12-10,Finance,501-1000,Yes,Yes,Yes,Yes,No,Yes,No,No,No,No,No,No,No,No,Yes,0,Bachelor's,"Seeking a Business Analyst to support Finance projects. Key skills include Python, SQL, Power BI, Excel, Machine Learning, Generative AI. On-site role with entry level experience requirements.",545000,6
JOB10238,Data Analyst,Amazon,Bangalore,India,Senior,Full Time,On-site,750000,860000,INR,2025-09-30,Healthcare,51-200,No,No,Yes,Yes,No,Yes,No,No,No,Yes,No,No,Yes,No,No,9,MBA,"Seeking a Data Analyst to support Healthcare projects. Key skills include Power BI, Excel, Machine Learning, AWS, Statistics. On-site role with senior experience requirements.",805000,5
JOB11949,Data Scientist,Cisco,Hyderabad,Singapore,Entry Level,Full Time,Hybrid,790000,1070000,INR,2025-11-05,Manufacturing,1-50,Yes,No,No,Yes,No,No,No,No,No,No,No,No,Yes,No,No,0,Bachelor's,"Seeking a Data Scientist to support Manufacturing projects. Key skills include Python, Excel, Statistics. Hybrid role with entry level experience requirements.",930000,3
JOB10526,Machine Learning Engineer,Cisco,Bangalore,Australia,Entry Level,Full Time,Hybrid,940000,1360000,INR,2025-12-14,Healthcare,1000+,Yes,Yes,Yes,Yes,No,No,Yes,No,No,No,No,No,Yes,No,Yes,2,Unknown,"Seeking a Machine Learning Engineer to support Healthcare projects. Key skills include Python, SQL, Power BI, Excel, Deep Learning, Statistics, Generative AI. Hybrid role with entry level experience requirements.",1150000,7
JOB10286,Data Analyst,Walmart Global Tech,Mumbai,USA,Mid Level,Full Time,Remote,580000,730000,INR,2025-05-03,Consulting,1000+,Yes,Yes,No,Yes,No,Yes,No,No,No,No,Yes,No,No,No,No,4,Bachelor's,"Seeking a Data Analyst to support Consulting projects. Key skills include Python, SQL, Excel, Machine Learning, Azure. Remote role with mid level experience requirements.",655000,5
JOB11634,Ml Engineer,Persistent Systems,Bangalore,India,Mid Level,Full Time,Hybrid,860000,1180000,EUR,2025-08-21,Consulting,1000+,Yes,No,Yes,Yes,No,Yes,Yes,No,No,No,No,No,Yes,No,No,3,Bachelor's,"Seeking a ML Engineer to support Consulting projects. Key skills include Python, Power BI, Excel, Machine Learning, Deep Learning, Statistics. Hybrid role with mid level experience requirements.",1020000,6
JOB10029,Data Engineer,Deloitte,Pune,USA,Entry Level,Full Time,Hybrid,690000,1030000,USD,2025-12-21,Finance,1000+,Yes,Yes,No,Yes,Yes,No,No,Yes,No,Yes,Yes,Yes,No,No,No,0,Bachelor's,"Seeking a Data Engineer to support Finance projects. Key skills include Python, SQL, Excel, Tableau, TensorFlow, AWS, Azure. Hybrid role with entry level experience requirements.",860000,8
JOB10802,Data Analyst,LTIMindtree,Delhi,India,Mid Level,Full Time,Remote,610000,780000,INR,2025-03-23,Telecommunications,1000+,Yes,Yes,No,Yes,No,No,No,No,No,No,No,No,Yes,No,Yes,4,MBA,"Seeking a Data Analyst to support Telecommunications projects. Key skills include Python, SQL, Excel, Statistics, Generative AI. Remote role with mid level experience requirements.",695000,5
JOB11017,Data Analyst,Adobe,Pune,Singapore,Entry Level,Full Time,On-site,440000,590000,INR,2025-10-01,Consulting,1-50,Yes,Yes,No,Yes,No,No,No,No,Yes,No,No,No,Yes,No,Yes,2,Master's,"Seeking a Data Analyst to support Consulting projects. Key skills include Python, SQL, Excel, PyTorch, Statistics, Generative AI. On-site role with entry level experience requirements.",515000,6
JOB11939,Ai Engineer,Wipro,Ahmedabad,India,Senior,Full Time,Hybrid,1230000,1570000,INR,2025-09-21,Manufacturing,1000+,Yes,No,Yes,No,Yes,Yes,Yes,No,No,No,No,No,No,Yes,No,8,Bachelor's,"Seeking a AI Engineer to support Manufacturing projects. Key skills include Python, Power BI, Tableau, Machine Learning, Deep Learning, NLP. Hybrid role with senior experience requirements.",1400000,6
JOB11881,Bi Analyst,Tech Mahindra,Kolkata,Singapore,Entry Level,Full Time,On-site,570000,810000,INR,2026-06-14,Telecommunications,1000+,Yes,Yes,Yes,Yes,No,No,Yes,No,No,No,Yes,No,No,No,No,0,Bachelor's,"Seeking a BI Analyst to support Telecommunications projects. Key skills include Python, SQL, Power BI, Excel, Deep Learning, Azure. On-site role with entry level experience requirements.",690000,6
JOB11540,Ai Engineer,Infosys,Noida,India,Mid Level,Full Time,Hybrid,1150000,1570000,INR,2025-11-12,Finance,1000+,Yes,No,No,Yes,No,Yes,Yes,No,No,No,Yes,No,No,No,No,2,Diploma,"Seeking a AI Engineer to support Finance projects. Key skills include Python, Excel, Machine Learning, Deep Learning, Azure. Hybrid role with mid level experience requirements.",1360000,5
JOB10789,Machine Learning Engineer,TCS,Hyderabad,India,Mid Level,Full Time,Remote,820000,1190000,INR,2025-03-21,Consulting,201-500,Yes,No,No,No,Yes,Yes,Yes,No,No,Yes,Yes,No,No,Yes,No,5,Bachelor's,"Seeking a Machine Learning Engineer to support Consulting projects. Key skills include Python, Tableau, Machine Learning, Deep Learning, AWS, Azure, NLP. Remote role with mid level experience requirements.",1005000,7
JOB10520,Data Analyst,SAP,Bangalore,India,Entry Level,Full Time,On-site,460000,640000,INR,2025-09-17,IT Services,501-1000,No,Yes,Yes,Yes,Yes,No,No,No,No,No,No,No,Yes,No,No,2,Unknown,"Seeking a Data Analyst to support IT Services projects. Key skills include SQL, Power BI, Excel, Tableau, Statistics. On-site role with entry level experience requirements.",550000,5
JOB10994,Data Engineer,Walmart Global Tech,Mumbai,India,Entry Level,Full Time,On-site,660000,960000,INR,2025-04-20,Technology,1000+,Yes,Yes,Yes,No,No,No,No,No,No,Yes,Yes,No,No,No,Yes,0,Master's,"Seeking a Data Engineer to support Technology projects. Key skills include Python, SQL, Power BI, AWS, Azure, Generative AI. On-site role with entry level experience requirements.",810000,6
JOB11483,Ai Engineer,Genpact,Kolkata,India,Lead,Full Time,Hybrid,1390000,1690000,INR,2026-03-20,IT Services,1000+,Yes,Yes,No,No,No,No,No,No,No,No,No,No,No,No,Yes,9,Master's,"Seeking a AI Engineer to support IT Services projects. Key skills include Python, SQL, Generative AI. Hybrid role with lead experience requirements.",1540000,3
JOB10333,Data Analyst,Tech Mahindra,Hyderabad,India,Mid Level,Full Time,On-site,450000,640000,AUD,2025-10-24,Technology,201-500,Yes,Yes,Yes,Yes,No,No,Yes,No,No,No,No,Yes,Yes,No,No,4,Bachelor's,"Seeking a Data Analyst to support Technology projects. Key skills include Python, SQL, Power BI, Excel, Deep Learning, GCP, Statistics. On-site role with mid level experience requirements.",545000,7
JOB10770,Ml Engineer,Deloitte,Hyderabad,India,Entry Level,Full Time,On-site,880000,1260000,USD,2025-11-12,Technology,1000+,Yes,Yes,No,No,No,Yes,No,No,Yes,Yes,Yes,No,No,No,No,1,MBA,"Seeking a ML Engineer to support Technology projects. Key skills include Python, SQL, Machine Learning, PyTorch, AWS, Azure. On-site role with entry level experience requirements.",1070000,6
JOB11252,Ai Engineer,Capgemini,Delhi,India,Mid Level,Full Time,On-site,1040000,1380000,USD,2026-03-14,Technology,501-1000,Yes,No,Yes,No,No,No,Yes,No,No,No,No,No,No,No,No,5,Diploma,"Seeking a AI Engineer to support Technology projects. Key skills include Python, Power BI, Deep Learning. On-site role with mid level experience requirements.",1210000,3
JOB10879,Data Analyst,Tech Mahindra,Bangalore,India,Mid Level,Contract,Hybrid,580000,770000,INR,2026-02-12,Healthcare,1000+,No,Yes,No,Yes,No,No,No,No,No,Yes,No,Yes,Yes,No,No,3,Master's,"Seeking a Data Analyst to support Healthcare projects. Key skills include SQL, Excel, AWS, GCP, Statistics. Hybrid role with mid level experience requirements.",675000,5
JOB10417,Data Scientist,Walmart Global Tech,Bangalore,India,Mid Level,Full Time,On-site,860000,1090000,GBP,2026-07-13,IT Services,51-200,Yes,Yes,Yes,Yes,Yes,Yes,Yes,No,No,No,Yes,No,No,No,No,3,Master's,"Seeking a Data Scientist to support IT Services projects. Key skills include Python, SQL, Power BI, Excel, Tableau, Machine Learning, Deep Learning. On-site role with mid level experience requirements.",975000,8
JOB11074,Data Analyst,JPMorgan Chase,Pune,India,Senior,Full Time,Remote,570000,780000,INR,2025-03-20,Technology,501-1000,Yes,Yes,Yes,No,No,Yes,No,No,No,Yes,No,No,No,No,No,10,MBA,"Seeking a Data Analyst to support Technology projects. Key skills include Python, SQL, Power BI, Machine Learning, AWS. Remote role with senior experience requirements.",675000,5
JOB10145,Data Scientist,LTIMindtree,Pune,India,Mid Level,Full Time,Remote,990000,1350000,INR,2025-12-05,Technology,51-200,Yes,No,No,No,No,Yes,No,No,No,No,No,No,No,No,Yes,5,Bachelor's,"Seeking a Data Scientist to support Technology projects. Key skills include Python, Machine Learning, Generative AI. Remote role with mid level experience requirements.",1170000,3
JOB10717,Ml Engineer,Cisco,Pune,India,Senior,Full Time,Hybrid,1200000,1620000,INR,2025-08-24,Technology,1000+,Yes,Yes,No,Yes,No,No,Yes,Yes,Yes,No,No,No,Yes,No,No,10,Master's,"Seeking a ML Engineer to support Technology projects. Key skills include Python, SQL, Excel, Deep Learning, TensorFlow, PyTorch, Statistics. Hybrid role with senior experience requirements.",1410000,7
JOB11932,Ai Engineer,LTIMindtree,Chennai,India,Mid Level,Full Time,Remote,1200000,1630000,INR,2026-01-30,Technology,201-500,Yes,Yes,Yes,No,Yes,Yes,No,Yes,No,No,Yes,No,Yes,No,Yes,2,Bachelor's,"Seeking a AI Engineer to support Technology projects. Key skills include Python, SQL, Power BI, Tableau, Machine Learning, TensorFlow, Azure. Remote role with mid level experience requirements.",1415000,9
JOB10502,Ai Engineer,Oracle,Chennai,India,Mid Level,Full Time,On-site,1090000,1560000,AUD,2026-07-27,Consulting,1000+,Yes,No,Yes,No,Yes,Yes,No,Yes,No,No,No,No,No,No,No,5,Bachelor's,"Seeking a AI Engineer to support Consulting projects. Key skills include Python, Power BI, Tableau, Machine Learning, TensorFlow. On-site role with mid level experience requirements.",1325000,5
JOB11903,Bi Analyst,Amazon,Mumbai,India,Entry Level,Internship,On-site,510000,670000,AUD,2026-02-10,Telecommunications,1-50,Yes,Yes,Yes,No,Yes,Yes,No,No,No,No,Yes,Yes,No,No,Yes,2,Bachelor's,"Seeking a BI Analyst to support Telecommunications projects. Key skills include Python, SQL, Power BI, Tableau, Machine Learning, Azure, GCP. On-site role with entry level experience requirements.",590000,8
JOB10583,Ai Engineer,Genpact,Gurgaon,India,Mid Level,Contract,Hybrid,1020000,1300000,INR,2025-05-23,IT Services,51-200,Yes,Yes,No,No,No,Yes,Yes,Yes,No,No,No,Yes,No,Yes,No,4,Bachelor's,"Seeking a AI Engineer to support IT Services projects. Key skills include Python, SQL, Machine Learning, Deep Learning, TensorFlow, GCP, NLP. Hybrid role with mid level experience requirements.",1160000,7
JOB10563,Data Analyst,Persistent Systems,Mumbai,USA,Entry Level,Full Time,Hybrid,370000,580000,INR,2025-09-01,IT Services,1000+,No,Yes,No,Yes,Yes,No,No,No,Yes,No,No,No,Yes,No,Yes,1,Bachelor's,"Seeking a Data Analyst to support IT Services projects. Key skills include SQL, Excel, Tableau, PyTorch, Statistics, Generative AI. Hybrid role with entry level experience requirements.",475000,6
JOB11075,Nlp Engineer,Tech Mahindra,Noida,India,Senior,Full Time,On-site,1170000,1470000,INR,2026-07-08,Technology,201-500,Yes,Yes,Yes,No,No,No,No,No,No,No,Yes,No,Yes,Yes,No,8,Master's,"Seeking a NLP Engineer to support Technology projects. Key skills include Python, SQL, Power BI, Azure, Statistics, NLP. On-site role with senior experience requirements.",1320000,6
JOB11894,Data Analyst,Wipro,Remote,India,Senior,Full Time,On-site,630000,820000,INR,2025-08-27,Technology,1000+,Yes,Yes,No,Yes,Yes,No,Yes,No,No,No,Yes,No,Yes,No,No,6,Master's,"Seeking a Data Analyst to support Technology projects. Key skills include Python, SQL, Excel, Tableau, Deep Learning, Azure, Statistics. On-site role with senior experience requirements.",725000,7
JOB11423,Data Analyst,Walmart Global Tech,Mumbai,India,Mid Level,Contract,Hybrid,450000,640000,INR,2025-03-29,Technology,1000+,No,Yes,Yes,No,Yes,No,No,Yes,No,Yes,Yes,No,No,Yes,No,3,Bachelor's,"Seeking a Data Analyst to support Technology projects. Key skills include SQL, Power BI, Tableau, TensorFlow, AWS, Azure, NLP. Hybrid role with mid level experience requirements.",545000,7
JOB11599,Data Analyst,Capgemini,Pune,India,Senior,Full Time,Hybrid,790000,920000,INR,2026-06-14,Technology,1000+,No,Yes,Yes,Yes,No,No,No,No,No,No,No,No,Yes,No,No,8,Bachelor's,"Seeking a Data Analyst to support Technology projects. Key skills include SQL, Power BI, Excel, Statistics. Hybrid role with senior experience requirements.",855000,4
JOB10043,Data Analyst,SAP,Hyderabad,India,Entry Level,Full Time,Remote,450000,600000,INR,2025-03-31,Finance,51-200,Yes,Yes,Yes,Yes,No,No,No,Yes,No,No,No,No,Yes,No,No,1,Bachelor's,"Seeking a Data Analyst to support Finance projects. Key skills include Python, SQL, Power BI, Excel, TensorFlow, Statistics. Remote role with entry level experience requirements.",525000,6
JOB10798,Ai Engineer,Genpact,Noida,India,Mid Level,Contract,On-site,870000,1140000,INR,2025-12-26,Technology,1-50,Yes,Yes,No,No,No,No,No,No,No,No,No,No,No,No,Yes,2,PhD,"Seeking a AI Engineer to support Technology projects. Key skills include Python, SQL, Generative AI. On-site role with mid level experience requirements.",1005000,3
JOB10268,Bi Analyst,Amazon,Bangalore,India,Mid Level,Full Time,Hybrid,510000,660000,INR,2025-04-01,IT Services,501-1000,No,Yes,Yes,Yes,No,Yes,No,Yes,No,Yes,No,No,No,No,No,5,Bachelor's,"Seeking a BI Analyst to support IT Services projects. Key skills include SQL, Power BI, Excel, Machine Learning, TensorFlow, AWS. Hybrid role with mid level experience requirements.",585000,6
JOB11943,Ml Engineer,TCS,Pune,India,Entry Level,Contract,On-site,790000,1180000,INR,2025-09-01,Finance,1000+,Yes,Yes,Yes,Yes,No,Yes,No,No,No,No,No,No,No,No,No,2,Bachelor's,"Seeking a ML Engineer to support Finance projects. Key skills include Python, SQL, Power BI, Excel, Machine Learning. On-site role with entry level experience requirements.",985000,5
JOB10274,Ai/Ml Intern,Wipro,Bangalore,India,Entry Level,Full Time,Hybrid,230000,370000,INR,2025-02-13,E-commerce,1000+,Yes,No,No,Yes,Yes,Yes,No,No,Yes,No,No,No,No,No,No,0,Master's,"Seeking a AI/ML Intern to support E-commerce projects. Key skills include Python, Excel, Tableau, Machine Learning, PyTorch. Hybrid role with entry level experience requirements.",300000,5
JOB11975,Data Scientist,Genpact,Noida,India,Mid Level,Full Time,On-site,900000,1120000,SGD,2025-12-07,Consulting,1-50,Yes,Yes,Yes,No,No,No,No,No,Yes,No,No,No,Yes,No,No,3,MBA,"Seeking a Data Scientist to support Consulting projects. Key skills include Python, SQL, Power BI, PyTorch, Statistics. On-site role with mid level experience requirements.",1010000,5
JOB11941,Data Analyst,Capgemini,Pune,India,Entry Level,Full Time,On-site,480000,620000,INR,2025-12-31,Manufacturing,501-1000,Yes,Yes,No,Yes,No,Yes,No,No,No,No,Yes,No,No,Yes,No,0,Master's,"Seeking a Data Analyst to support Manufacturing projects. Key skills include Python, SQL, Excel, Machine Learning, Azure, NLP. On-site role with entry level experience requirements.",550000,6
JOB10687,Ai Engineer,Accenture,Bangalore,USA,Entry Level,Full Time,Hybrid,1010000,1440000,INR,2026-08-07,Healthcare,501-1000,Yes,No,No,No,No,Yes,Yes,No,Yes,No,Yes,No,No,No,Yes,0,Bachelor's,"Seeking a AI Engineer to support Healthcare projects. Key skills include Python, Machine Learning, Deep Learning, PyTorch, Azure, Generative AI. Hybrid role with entry level experience requirements.",1225000,6
JOB10775,Ml Engineer,Cisco,Pune,India,Senior,Full Time,On-site,1440000,1700000,INR,2025-05-23,Technology,1000+,Yes,No,No,No,Yes,No,Yes,No,No,No,Yes,No,No,No,Yes,10,MBA,"Seeking a ML Engineer to support Technology projects. Key skills include Python, Tableau, Deep Learning, Azure, Generative AI. On-site role with senior experience requirements.",1570000,5
JOB11744,Data Analyst,LTIMindtree,Hyderabad,Canada,Entry Level,Internship,Hybrid,380000,570000,INR,2026-07-15,Consulting,1000+,No,Yes,Yes,Yes,No,No,No,No,No,No,No,No,No,No,No,0,Bachelor's,"Seeking a Data Analyst to support Consulting projects. Key skills include SQL, Power BI, Excel. Hybrid role with entry level experience requirements.",475000,3
JOB11154,Bi Analyst,Wipro,Pune,India,Mid Level,Contract,Remote,540000,720000,INR,2026-06-24,Consulting,1000+,No,Yes,No,Yes,No,Yes,No,No,No,No,No,No,No,No,No,3,Bachelor's,"Seeking a BI Analyst to support Consulting projects. Key skills include SQL, Excel, Machine Learning. Remote role with mid level experience requirements.",630000,3
JOB10615,Business Analyst,Bosch,Ahmedabad,India,Entry Level,Contract,On-site,530000,700000,AUD,2025-12-17,E-commerce,1000+,Yes,Yes,No,Yes,No,No,No,Yes,No,No,Yes,No,No,No,No,1,Bachelor's,"Seeking a Business Analyst to support E-commerce projects. Key skills include Python, SQL, Excel, TensorFlow, Azure. On-site role with entry level experience requirements.",615000,5
JOB10897,Data Scientist,Walmart Global Tech,Pune,India,Mid Level,Full Time,Hybrid,810000,1000000,INR,2025-09-18,Technology,201-500,Yes,Yes,No,Yes,No,Yes,Yes,No,No,No,No,No,No,No,Yes,2,Bachelor's,"Seeking a Data Scientist to support Technology projects. Key skills include Python, SQL, Excel, Machine Learning, Deep Learning, Generative AI. Hybrid role with mid level experience requirements.",905000,6
JOB11296,Data Analyst,Tech Mahindra,Hyderabad,India,Senior,Full Time,On-site,740000,860000,INR,2025-12-17,Manufacturing,501-1000,No,Yes,Yes,Yes,No,Yes,Yes,No,No,No,Yes,No,No,Yes,No,10,Master's,"Seeking a Data Analyst to support Manufacturing projects. Key skills include SQL, Power BI, Excel, Machine Learning, Deep Learning, Azure, NLP. On-site role with senior experience requirements.",800000,7
JOB10781,Bi Analyst,LTIMindtree,Noida,India,Lead,Internship,Hybrid,740000,980000,INR,2025-07-30,E-commerce,501-1000,No,Yes,Yes,Yes,No,Yes,Yes,No,No,No,No,Yes,Yes,No,No,14,Master's,"Seeking a BI Analyst to support E-commerce projects. Key skills include SQL, Power BI, Excel, Machine Learning, Deep Learning, GCP, Statistics. Hybrid role with lead experience requirements.",860000,7
JOB11567,Data Engineer,Capgemini,Bangalore,India,Senior,Full Time,On-site,900000,1180000,USD,2025-12-16,Technology,1-50,No,Yes,Yes,Yes,Yes,No,No,No,No,No,No,No,No,No,No,9,Diploma,"Seeking a Data Engineer to support Technology projects. Key skills include SQL, Power BI, Excel, Tableau. On-site role with senior experience requirements.",1040000,4
JOB10859,Ai Engineer,SAP,Hyderabad,India,Senior,Part Time,Hybrid,1270000,1660000,INR,2026-02-09,Technology,1000+,No,No,Yes,Yes,No,No,No,No,No,No,No,No,No,No,No,8,Bachelor's,"Seeking a AI Engineer to support Technology projects. Key skills include Power BI, Excel. Hybrid role with senior experience requirements.",1465000,2
JOB11013,Ai/Ml Intern,Tech Mahindra,Delhi,India,Mid Level,Full Time,On-site,240000,390000,INR,2025-06-04,IT Services,51-200,Yes,Yes,Yes,No,No,No,Yes,No,No,Yes,Yes,No,No,No,No,3,MBA,"Seeking a AI/ML Intern to support IT Services projects. Key skills include Python, SQL, Power BI, Deep Learning, AWS, Azure. On-site role with mid level experience requirements.",315000,6
JOB10672,Business Analyst,Amazon,Pune,Canada,Entry Level,Full Time,Remote,390000,540000,GBP,2026-05-07,Technology,51-200,Yes,Yes,Yes,Yes,No,Yes,No,No,No,No,No,No,Yes,No,No,0,Bachelor's,"Seeking a Business Analyst to support Technology projects. Key skills include Python, SQL, Power BI, Excel, Machine Learning, Statistics. Remote role with entry level experience requirements.",465000,6
JOB10710,Bi Analyst,TCS,Noida,India,Entry Level,Full Time,On-site,440000,600000,INR,2025-09-30,Consulting,1000+,No,Yes,No,Yes,No,No,No,No,No,No,No,No,Yes,No,No,0,Bachelor's,"Seeking a BI Analyst to support Consulting projects. Key skills include SQL, Excel, Statistics. On-site role with entry level experience requirements.",520000,3
JOB10054,Business Analyst,LTIMindtree,Chennai,India,Entry Level,Internship,On-site,460000,600000,SGD,2025-11-24,Technology,501-1000,Yes,Yes,Yes,Yes,Yes,No,No,No,No,No,Yes,No,No,No,No,0,Master's,"Seeking a Business Analyst to support Technology projects. Key skills include Python, SQL, Power BI, Excel, Tableau, Azure. On-site role with entry level experience requirements.",530000,6
JOB10314,Nlp Engineer,Infosys,Pune,India,Mid Level,Contract,Hybrid,860000,1200000,USD,2025-07-23,Technology,201-500,Yes,No,No,No,No,Yes,No,No,No,No,No,No,No,Yes,Yes,3,Bachelor's,"Seeking a NLP Engineer to support Technology projects. Key skills include Python, Machine Learning, NLP, Generative AI. Hybrid role with mid level experience requirements.",1030000,4
JOB11086,Machine Learning Engineer,Google,Delhi,India,Mid Level,Full Time,Hybrid,1060000,1470000,GBP,2026-02-25,IT Services,501-1000,Yes,No,Yes,No,No,Yes,Yes,Yes,No,No,No,Yes,No,No,No,3,Bachelor's,"Seeking a Machine Learning Engineer to support IT Services projects. Key skills include Python, Power BI, Machine Learning, Deep Learning, TensorFlow, GCP. Hybrid role with mid level experience requirements.",1265000,6
JOB10852,Bi Analyst,Amazon,Kolkata,Australia,Mid Level,Full Time,Remote,660000,790000,INR,2026-06-11,IT Services,201-500,Yes,Yes,Yes,Yes,No,No,No,No,No,No,Yes,No,Yes,No,No,3,Master's,"Seeking a BI Analyst to support IT Services projects. Key skills include Python, SQL, Power BI, Excel, Azure, Statistics. Remote role with mid level experience requirements.",725000,6
JOB10577,Data Analyst,Microsoft,Chennai,India,Entry Level,Full Time,On-site,370000,540000,INR,2025-04-12,Finance,51-200,No,Yes,Yes,Yes,Yes,Yes,Yes,No,No,No,No,No,No,Yes,No,2,Bachelor's,"Seeking a Data Analyst to support Finance projects. Key skills include SQL, Power BI, Excel, Tableau, Machine Learning, Deep Learning, NLP. On-site role with entry level experience requirements.",455000,7
JOB10223,Data Analyst,HCLTech,Gurgaon,India,Senior,Full Time,Hybrid,650000,840000,INR,2025-08-26,E-commerce,201-500,Yes,Yes,No,Yes,No,No,No,No,No,Yes,No,No,Yes,No,No,6,Bachelor's,"Seeking a Data Analyst to support E-commerce projects. Key skills include Python, SQL, Excel, AWS, Statistics. Hybrid role with senior experience requirements.",745000,5
JOB11526,Data Scientist,Oracle,Chennai,India,Mid Level,Full Time,Hybrid,730000,920000,INR,2025-04-21,Technology,51-200,Yes,Yes,No,No,No,Yes,Yes,Yes,No,Yes,No,No,Yes,No,No,3,MBA,"Seeking a Data Scientist to support Technology projects. Key skills include Python, SQL, Machine Learning, Deep Learning, TensorFlow, AWS, Statistics. Hybrid role with mid level experience requirements.",825000,7
JOB11493,Data Scientist,Microsoft,Mumbai,USA,Entry Level,Full Time,Hybrid,700000,1060000,INR,2025-08-14,Telecommunications,1000+,No,No,No,Yes,No,Yes,No,No,No,No,No,No,No,Yes,No,1,MBA,"Seeking a Data Scientist to support Telecommunications projects. Key skills include Excel, Machine Learning, NLP. Hybrid role with entry level experience requirements.",880000,3
JOB11830,Data Scientist,Capgemini,Delhi,India,Senior,Contract,On-site,1110000,1490000,INR,2026-02-02,Technology,1000+,Yes,Yes,No,Yes,No,Yes,Yes,No,No,No,Yes,No,No,No,No,8,Bachelor's,"Seeking a Data Scientist to support Technology projects. Key skills include Python, SQL, Excel, Machine Learning, Deep Learning, Azure. On-site role with senior experience requirements.",1300000,6
JOB10173,Ai Engineer,Adobe,Remote,India,Mid Level,Full Time,Hybrid,1160000,1480000,INR,2025-01-24,Technology,501-1000,Yes,Yes,No,No,No,Yes,No,Yes,No,Yes,No,No,No,No,No,5,Bachelor's,"Seeking a AI Engineer to support Technology projects. Key skills include Python, SQL, Machine Learning, TensorFlow, AWS. Hybrid role with mid level experience requirements.",1320000,5
JOB10999,Ai/Ml Intern,Bosch,Gurgaon,India,Mid Level,Full Time,Remote,240000,310000,INR,2025-12-15,Finance,201-500,Yes,Yes,No,Yes,Yes,No,No,No,No,No,Yes,No,Yes,No,No,4,Bachelor's,"Seeking a AI/ML Intern to support Finance projects. Key skills include Python, SQL, Excel, Tableau, Azure, Statistics. Remote role with mid level experience requirements.",275000,6
JOB11904,Data Analyst,NVIDIA,Noida,India,Entry Level,Full Time,Hybrid,480000,670000,USD,2025-06-30,E-commerce,1000+,No,Yes,No,Yes,No,No,No,No,No,No,Yes,No,No,No,No,1,Bachelor's,"Seeking a Data Analyst to support E-commerce projects. Key skills include SQL, Excel, Azure. Hybrid role with entry level experience requirements.",575000,3
JOB10909,Data Scientist,NVIDIA,Pune,India,Entry Level,Full Time,On-site,820000,1170000,EUR,2025-02-13,Technology,1000+,Yes,No,No,Yes,No,No,No,No,No,No,Yes,Yes,No,No,No,1,MBA,"Seeking a Data Scientist to support Technology projects. Key skills include Python, Excel, Azure, GCP. On-site role with entry level experience requirements.",995000,4
JOB10963,Data Scientist,NVIDIA,Bangalore,India,Entry Level,Full Time,Hybrid,610000,840000,INR,2026-07-13,Telecommunications,1000+,Yes,No,No,Yes,No,No,No,No,No,Yes,Yes,No,Yes,No,No,1,Bachelor's,"Seeking a Data Scientist to support Telecommunications projects. Key skills include Python, Excel, AWS, Azure, Statistics. Hybrid role with entry level experience requirements.",725000,5
JOB11499,Machine Learning Engineer,Bosch,Bangalore,India,Entry Level,Full Time,Hybrid,940000,1310000,INR,2025-02-03,Manufacturing,1000+,Yes,Yes,No,Yes,No,Yes,No,No,No,No,No,No,No,Yes,No,1,Master's,"Seeking a Machine Learning Engineer to support Manufacturing projects. Key skills include Python, SQL, Excel, Machine Learning, NLP. Hybrid role with entry level experience requirements.",1125000,5
JOB10833,Data Analyst,Genpact,Hyderabad,India,Senior,Full Time,On-site,780000,980000,INR,2025-06-09,Consulting,1000+,Yes,Yes,No,Yes,No,No,No,No,No,No,Yes,No,Yes,Yes,No,9,Bachelor's,"Seeking a Data Analyst to support Consulting projects. Key skills include Python, SQL, Excel, Azure, Statistics, NLP. On-site role with senior experience requirements.",880000,6
JOB11606,Ai Engineer,NVIDIA,Gurgaon,India,Mid Level,Full Time,Hybrid,1190000,1450000,INR,2025-09-03,Telecommunications,201-500,Yes,Yes,No,Yes,No,Yes,Yes,No,No,Yes,Yes,No,No,No,Yes,4,Diploma,"Seeking a AI Engineer to support Telecommunications projects. Key skills include Python, SQL, Excel, Machine Learning, Deep Learning, AWS, Azure. Hybrid role with mid level experience requirements.",1320000,8
JOB10524,Ml Engineer,Siemens,Gurgaon,USA,Entry Level,Full Time,Remote,610000,950000,GBP,2025-07-11,Manufacturing,51-200,No,No,Yes,No,No,Yes,No,Yes,No,No,No,No,No,Yes,No,0,Bachelor's,"Seeking a ML Engineer to support Manufacturing projects. Key skills include Power BI, Machine Learning, TensorFlow, NLP. Remote role with entry level experience requirements.",780000,4
JOB11965,Ai Engineer,Google,Gurgaon,India,Entry Level,Full Time,On-site,710000,920000,INR,2025-01-13,IT Services,51-200,Yes,Yes,No,Yes,No,Yes,No,No,No,No,No,No,No,No,Yes,1,Unknown,"Seeking a AI Engineer to support IT Services projects. Key skills include Python, SQL, Excel, Machine Learning, Generative AI. On-site role with entry level experience requirements.",815000,5
JOB10222,Ai Engineer,Deloitte,Kolkata,India,Mid Level,Full Time,Hybrid,1050000,1440000,INR,2025-12-01,IT Services,201-500,Yes,No,Yes,No,No,Yes,No,Yes,No,Yes,No,Yes,No,No,No,2,Bachelor's,"Seeking a AI Engineer to support IT Services projects. Key skills include Python, Power BI, Machine Learning, TensorFlow, AWS, GCP. Hybrid role with mid level experience requirements.",1245000,6
JOB10838,Machine Learning Engineer,Microsoft,Delhi,Singapore,Senior,Full Time,On-site,1070000,1280000,INR,2025-02-12,Technology,51-200,Yes,Yes,Yes,Yes,No,Yes,No,No,No,No,Yes,No,Yes,Yes,No,10,Bachelor's,"Seeking a Machine Learning Engineer to support Technology projects. Key skills include Python, SQL, Power BI, Excel, Machine Learning, Azure, Statistics. On-site role with senior experience requirements.",1175000,8
JOB10462,Data Engineer,Persistent Systems,Mumbai,India,Senior,Full Time,Hybrid,1070000,1290000,INR,2026-02-07,Consulting,201-500,Yes,Yes,Yes,No,No,No,Yes,No,No,Yes,No,Yes,No,No,No,6,Bachelor's,"Seeking a Data Engineer to support Consulting projects. Key skills include Python, SQL, Power BI, Deep Learning, AWS, GCP. Hybrid role with senior experience requirements.",1180000,6
JOB11565,Ml Engineer,Cognizant,Pune,India,Mid Level,Full Time,Remote,860000,1110000,INR,2025-01-11,IT Services,501-1000,Yes,No,No,No,Yes,Yes,Yes,No,No,Yes,No,Yes,No,No,No,5,Bachelor's,"Seeking a ML Engineer to support IT Services projects. Key skills include Python, Tableau, Machine Learning, Deep Learning, AWS, GCP. Remote role with mid level experience requirements.",985000,6
JOB11824,Ml Engineer,Capgemini,Pune,India,Senior,Full Time,Remote,1400000,1820000,INR,2025-09-28,Finance,1000+,Yes,No,No,No,Yes,No,No,No,No,No,No,No,No,No,No,5,Bachelor's,"Seeking a ML Engineer to support Finance projects. Key skills include Python, Tableau. Remote role with senior experience requirements.",1610000,2
JOB11601,Data Analyst,Cognizant,Hyderabad,India,Mid Level,Full Time,On-site,630000,820000,INR,2025-11-19,IT Services,1-50,Yes,Yes,Yes,No,No,Yes,No,No,Yes,No,No,No,Yes,No,No,3,Master's,"Seeking a Data Analyst to support IT Services projects. Key skills include Python, SQL, Power BI, Machine Learning, PyTorch, Statistics. On-site role with mid level experience requirements.",725000,6
JOB10977,Data Engineer,Genpact,Delhi,USA,Senior,Part Time,On-site,880000,1040000,GBP,2025-07-04,IT Services,1000+,Yes,Yes,Yes,Yes,Yes,No,No,No,No,Yes,Yes,No,No,No,No,6,Bachelor's,"Seeking a Data Engineer to support IT Services projects. Key skills include Python, SQL, Power BI, Excel, Tableau, AWS, Azure. On-site role with senior experience requirements.",960000,7
JOB11411,Data Analyst,IBM,Ahmedabad,Canada,Entry Level,Full Time,On-site,410000,610000,INR,2025-11-16,E-commerce,1-50,Yes,No,Yes,Yes,No,No,Yes,No,No,No,Yes,No,Yes,No,No,0,Master's,"Seeking a Data Analyst to support E-commerce projects. Key skills include Python, Power BI, Excel, Deep Learning, Azure, Statistics. On-site role with entry level experience requirements.",510000,6
JOB10559,Bi Analyst,Wipro,Pune,Australia,Entry Level,Full Time,Hybrid,410000,560000,GBP,2025-07-15,IT Services,1000+,Yes,Yes,Yes,Yes,Yes,No,No,No,Yes,Yes,No,No,No,No,Yes,2,Bachelor's,"Seeking a BI Analyst to support IT Services projects. Key skills include Python, SQL, Power BI, Excel, Tableau, PyTorch, AWS. Hybrid role with entry level experience requirements.",485000,8
JOB11271,Bi Analyst,Adobe,Hyderabad,Singapore,Senior,Full Time,Remote,640000,800000,SGD,2025-02-16,Technology,1000+,No,Yes,Yes,Yes,No,Yes,No,No,No,No,Yes,No,Yes,No,Yes,7,Bachelor's,"Seeking a BI Analyst to support Technology projects. Key skills include SQL, Power BI, Excel, Machine Learning, Azure, Statistics, Generative AI. Remote role with senior experience requirements.",720000,7
JOB11724,Data Analyst,Wipro,Kolkata,India,Mid Level,Full Time,Remote,560000,740000,INR,2025-05-29,Healthcare,201-500,No,Yes,Yes,Yes,No,Yes,No,No,Yes,Yes,No,No,No,No,No,4,Bachelor's,"Seeking a Data Analyst to support Healthcare projects. Key skills include SQL, Power BI, Excel, Machine Learning, PyTorch, AWS. Remote role with mid level experience requirements.",650000,6
JOB10905,Machine Learning Engineer,LTIMindtree,Delhi,India,Entry Level,Full Time,On-site,780000,1050000,CAD,2025-04-29,IT Services,501-1000,Yes,Yes,No,Yes,Yes,Yes,No,No,Yes,No,No,No,No,No,Yes,0,Bachelor's,"Seeking a Machine Learning Engineer to support IT Services projects. Key skills include Python, SQL, Excel, Tableau, Machine Learning, PyTorch, Generative AI. On-site role with entry level experience requirements.",915000,7
JOB11323,Business Analyst,TCS,Pune,USA,Senior,Contract,On-site,790000,920000,INR,2026-06-18,Finance,1000+,No,Yes,No,Yes,No,No,No,No,Yes,No,Yes,No,Yes,Yes,No,9,Master's,"Seeking a Business Analyst to support Finance projects. Key skills include SQL, Excel, PyTorch, Azure, Statistics, NLP. On-site role with senior experience requirements.",855000,6
JOB10788,Machine Learning Engineer,IBM,Remote,UK,Mid Level,Full Time,Hybrid,820000,1160000,INR,2025-06-06,Education,1-50,Yes,No,Yes,No,Yes,Yes,No,No,No,No,No,No,No,No,Yes,3,Bachelor's,"Seeking a Machine Learning Engineer to support Education projects. Key skills include Python, Power BI, Tableau, Machine Learning, Generative AI. Hybrid role with mid level experience requirements.",990000,5
JOB10757,Data Engineer,SAP,Chennai,India,Mid Level,Full Time,Hybrid,680000,900000,INR,2026-01-17,Technology,51-200,Yes,Yes,No,No,No,Yes,No,No,No,Yes,No,Yes,No,No,No,4,MBA,"Seeking a Data Engineer to support Technology projects. Key skills include Python, SQL, Machine Learning, AWS, GCP. Hybrid role with mid level experience requirements.",790000,5
JOB11204,Data Scientist,HCLTech,Mumbai,Germany,Senior,Full Time,On-site,880000,1180000,GBP,2026-07-29,Finance,51-200,Yes,No,Yes,Yes,Yes,Yes,No,No,No,No,No,Yes,No,No,No,9,Bachelor's,"Seeking a Data Scientist to support Finance projects. Key skills include Python, Power BI, Excel, Tableau, Machine Learning, GCP. On-site role with senior experience requirements.",1030000,6
JOB11167,Ml Engineer,Persistent Systems,Remote,India,Mid Level,Full Time,On-site,1000000,1260000,INR,2025-03-18,Healthcare,1000+,Yes,No,Yes,No,Yes,Yes,Yes,No,Yes,No,No,Yes,Yes,Yes,No,4,Bachelor's,"Seeking a ML Engineer to support Healthcare projects. Key skills include Python, Power BI, Tableau, Machine Learning, Deep Learning, PyTorch, GCP. On-site role with mid level experience requirements.",1130000,9
JOB11557,Data Engineer,Accenture,Pune,India,Mid Level,Contract,On-site,760000,960000,INR,2025-01-05,Healthcare,51-200,Yes,Yes,Yes,Yes,Yes,No,No,No,No,Yes,Yes,Yes,Yes,No,No,4,MBA,"Seeking a Data Engineer to support Healthcare projects. Key skills include Python, SQL, Power BI, Excel, Tableau, AWS, Azure. On-site role with mid level experience requirements.",860000,9
JOB10492,Data Engineer,Siemens,Hyderabad,India,Senior,Internship,On-site,1140000,1370000,INR,2026-02-18,Education,1-50,Yes,Yes,No,Yes,No,No,No,No,No,Yes,No,No,No,No,Yes,6,Master's,"Seeking a Data Engineer to support Education projects. Key skills include Python, SQL, Excel, AWS, Generative AI. On-site role with senior experience requirements.",1255000,5
JOB11065,Machine Learning Engineer,Microsoft,Delhi,India,Lead,Full Time,On-site,1650000,1940000,USD,2026-06-12,Healthcare,201-500,Yes,No,No,No,Yes,No,Yes,No,No,Yes,No,No,No,No,Yes,14,Master's,"Seeking a Machine Learning Engineer to support Healthcare projects. Key skills include Python, Tableau, Deep Learning, AWS, Generative AI. On-site role with lead experience requirements.",1795000,5
JOB10142,Data Scientist,NVIDIA,Pune,India,Senior,Full Time,On-site,1070000,1410000,INR,2026-07-11,Technology,201-500,Yes,Yes,Yes,No,No,Yes,No,No,Yes,No,No,No,Yes,Yes,Yes,9,Bachelor's,"Seeking a Data Scientist to support Technology projects. Key skills include Python, SQL, Power BI, Machine Learning, PyTorch, Statistics, NLP. On-site role with senior experience requirements.",1240000,8
JOB10701,Ai Engineer,Oracle,Hyderabad,UK,Entry Level,Internship,On-site,780000,1120000,INR,2026-04-06,Consulting,1000+,Yes,No,No,Yes,Yes,No,Yes,No,No,Yes,No,No,Yes,No,Yes,1,Bachelor's,"Seeking a AI Engineer to support Consulting projects. Key skills include Python, Excel, Tableau, Deep Learning, AWS, Statistics, Generative AI. On-site role with entry level experience requirements.",950000,7
JOB10413,Ai/Ml Intern,LTIMindtree,Gurgaon,India,Entry Level,Full Time,Remote,240000,350000,INR,2026-04-06,Consulting,1000+,Yes,No,No,Yes,Yes,No,No,No,No,No,No,No,Yes,No,No,1,Master's,"Seeking a AI/ML Intern to support Consulting projects. Key skills include Python, Excel, Tableau, Statistics. Remote role with entry level experience requirements.",295000,4
JOB10124,Data Analyst,SAP,Remote,India,Entry Level,Full Time,On-site,400000,540000,INR,2026-05-30,Technology,201-500,Yes,Yes,No,Yes,No,No,No,No,No,No,No,No,Yes,No,Yes,0,Diploma,"Seeking a Data Analyst to support Technology projects. Key skills include Python, SQL, Excel, Statistics, Generative AI. On-site role with entry level experience requirements.",470000,5
JOB11740,Machine Learning Engineer,Cisco,Gurgaon,UK,Mid Level,Full Time,Hybrid,1200000,1530000,INR,2026-08-05,Technology,1000+,Yes,No,Yes,No,No,Yes,No,No,No,No,No,No,Yes,No,Yes,2,Master's,"Seeking a Machine Learning Engineer to support Technology projects. Key skills include Python, Power BI, Machine Learning, Statistics, Generative AI. Hybrid role with mid level experience requirements.",1365000,5
JOB11005,Ml Engineer,NVIDIA,Pune,India,Mid Level,Full Time,Hybrid,970000,1250000,INR,2026-08-08,Technology,51-200,Yes,No,Yes,Yes,Yes,Yes,No,No,No,No,Yes,No,No,No,No,4,Bachelor's,"Seeking a ML Engineer to support Technology projects. Key skills include Python, Power BI, Excel, Tableau, Machine Learning, Azure. Hybrid role with mid level experience requirements.",1110000,6
JOB10137,Ai Engineer,Amazon,Hyderabad,India,Entry Level,Full Time,Hybrid,950000,1340000,INR,2025-07-17,Technology,201-500,Yes,Yes,No,No,No,No,No,No,Yes,Yes,No,Yes,No,Yes,Yes,1,Bachelor's,"Seeking a AI Engineer to support Technology projects. Key skills include Python, SQL, PyTorch, AWS, GCP, NLP, Generative AI. Hybrid role with entry level experience requirements.",1145000,7
JOB10106,Data Scientist,Tech Mahindra,Hyderabad,India,Mid Level,Full Time,Hybrid,970000,1260000,INR,2026-07-14,Education,1000+,Yes,No,Yes,No,No,Yes,No,No,No,No,No,No,Yes,No,No,5,Bachelor's,"Seeking a Data Scientist to support Education projects. Key skills include Python, Power BI, Machine Learning, Statistics. Hybrid role with mid level experience requirements.",1115000,4
JOB11044,Data Engineer,Microsoft,Bangalore,Germany,Entry Level,Full Time,On-site,610000,830000,INR,2025-08-12,E-commerce,501-1000,Yes,Yes,Yes,No,No,Yes,Yes,No,No,Yes,No,No,Yes,Yes,Yes,1,Master's,"Seeking a Data Engineer to support E-commerce projects. Key skills include Python, SQL, Power BI, Machine Learning, Deep Learning, AWS, Statistics. On-site role with entry level experience requirements.",720000,9
JOB10026,Ml Engineer,HCLTech,Bangalore,India,Mid Level,Contract,On-site,1030000,1450000,INR,2026-05-17,E-commerce,51-200,Yes,Yes,Yes,No,Yes,Yes,Yes,No,No,No,No,No,No,No,Yes,2,Master's,"Seeking a ML Engineer to support E-commerce projects. Key skills include Python, SQL, Power BI, Tableau, Machine Learning, Deep Learning, Generative AI. On-site role with mid level experience requirements.",1240000,7
JOB10250,Business Analyst,Cisco,Mumbai,India,Mid Level,Full Time,On-site,460000,690000,INR,2025-12-26,Technology,1000+,No,Yes,Yes,Yes,No,No,Yes,No,No,No,Yes,No,Yes,No,No,2,Master's,"Seeking a Business Analyst to support Technology projects. Key skills include SQL, Power BI, Excel, Deep Learning, Azure, Statistics. On-site role with mid level experience requirements.",575000,6
JOB11808,Data Analyst,Wipro,Pune,USA,Entry Level,Contract,Remote,390000,610000,INR,2025-05-28,IT Services,1000+,No,Yes,No,Yes,No,No,No,No,No,No,No,No,Yes,Yes,No,1,MBA,"Seeking a Data Analyst to support IT Services projects. Key skills include SQL, Excel, Statistics, NLP. Remote role with entry level experience requirements.",500000,4
JOB11810,Data Analyst,Bosch,Bangalore,USA,Mid Level,Full Time,On-site,480000,600000,USD,2025-09-13,Finance,1000+,No,Yes,Yes,No,No,Yes,No,No,No,No,Yes,No,No,No,No,5,Master's,"Seeking a Data Analyst to support Finance projects. Key skills include SQL, Power BI, Machine Learning, Azure. On-site role with mid level experience requirements.",540000,4
JOB11055,Nlp Engineer,IBM,Bangalore,Singapore,Entry Level,Full Time,Hybrid,870000,1190000,INR,2026-04-26,IT Services,51-200,Yes,No,No,No,No,Yes,No,No,No,Yes,Yes,Yes,Yes,No,No,0,Master's,"Seeking a NLP Engineer to support IT Services projects. Key skills include Python, Tableau, Machine Learning, AWS, Azure, GCP, Statistics. Hybrid role with entry level experience requirements.",1030000,6
JOB10107,Machine Learning Engineer,Amazon,Bangalore,UK,Mid Level,Contract,On-site,850000,1200000,INR,2025-09-18,Healthcare,1000+,Yes,No,No,No,No,Yes,No,Yes,No,No,No,Yes,No,No,No,3,Diploma,"Seeking a Machine Learning Engineer to support Healthcare projects. Key skills include Python, Machine Learning, TensorFlow, GCP. On-site role with mid level experience requirements.",1025000,4
JOB10669,Data Analyst,Accenture,Chennai,India,Mid Level,Internship,On-site,450000,580000,INR,2026-05-26,Technology,201-500,Yes,Yes,Yes,No,No,No,Yes,No,No,No,No,No,Yes,No,No,3,Master's,"Seeking a Data Analyst to support Technology projects. Key skills include Python, SQL, Power BI, Deep Learning, Statistics. On-site role with mid level experience requirements.",515000,5
JOB10948,Business Analyst,Genpact,Hyderabad,India,Senior,Full Time,On-site,790000,970000,AUD,2025-12-27,Finance,1000+,Yes,Yes,Yes,Yes,No,No,Yes,No,No,Yes,Yes,No,Yes,No,No,9,Master's,"Seeking a Business Analyst to support Finance projects. Key skills include Python, SQL, Power BI, Excel, Deep Learning, AWS, Azure. On-site role with senior experience requirements.",880000,8
JOB11679,Data Analyst,Cisco,Pune,USA,Entry Level,Full Time,Hybrid,430000,530000,AUD,2026-04-06,Healthcare,1000+,Yes,Yes,Yes,Yes,No,No,No,No,No,No,No,No,Yes,No,Yes,1,Diploma,"Seeking a Data Analyst to support Healthcare projects. Key skills include Python, SQL, Power BI, Excel, Statistics, Generative AI. Hybrid role with entry level experience requirements.",480000,6
JOB10582,Nlp Engineer,Walmart Global Tech,Ahmedabad,Canada,Entry Level,Full Time,Hybrid,640000,1030000,INR,2026-03-06,Technology,1000+,Yes,Yes,No,No,No,Yes,No,No,Yes,No,No,Yes,No,No,No,1,Bachelor's,"Seeking a NLP Engineer to support Technology projects. Key skills include Python, SQL, Machine Learning, PyTorch, GCP. Hybrid role with entry level experience requirements.",835000,5
JOB11737,Machine Learning Engineer,Persistent Systems,Hyderabad,India,Mid Level,Full Time,On-site,960000,1360000,INR,2026-03-10,Finance,1000+,Yes,Yes,No,Yes,Yes,Yes,No,No,No,Yes,No,No,No,No,No,5,Bachelor's,"Seeking a Machine Learning Engineer to support Finance projects. Key skills include Python, SQL, Excel, Tableau, Machine Learning, AWS. On-site role with mid level experience requirements.",1160000,6
JOB10155,Nlp Engineer,IBM,Delhi,Australia,Entry Level,Full Time,On-site,880000,1210000,INR,2025-03-28,IT Services,501-1000,Yes,No,No,Yes,No,Yes,Yes,No,No,No,No,No,Yes,Yes,No,0,Bachelor's,"Seeking a NLP Engineer to support IT Services projects. Key skills include Python, Excel, Machine Learning, Deep Learning, Statistics, NLP. On-site role with entry level experience requirements.",1045000,6
JOB11368,Business Analyst,Cognizant,Noida,India,Mid Level,Full Time,Hybrid,540000,750000,INR,2025-09-02,Healthcare,1000+,Yes,Yes,Yes,Yes,No,No,No,No,No,Yes,No,No,No,No,No,3,MBA,"Seeking a Business Analyst to support Healthcare projects. Key skills include Python, SQL, Power BI, Excel, AWS. Hybrid role with mid level experience requirements.",645000,5
JOB10109,Data Scientist,Genpact,Pune,India,Mid Level,Full Time,Hybrid,820000,1070000,INR,2025-12-25,Technology,1000+,Yes,Yes,No,Yes,No,No,Yes,No,No,No,Yes,Yes,Yes,No,No,5,Master's,"Seeking a Data Scientist to support Technology projects. Key skills include Python, SQL, Excel, Deep Learning, Azure, GCP, Statistics. Hybrid role with mid level experience requirements.",945000,7
JOB11050,Data Analyst,Google,Ahmedabad,India,Mid Level,Full Time,Remote,500000,700000,INR,2026-06-06,Technology,1000+,Yes,Yes,No,No,No,Yes,No,No,No,No,No,Yes,No,Yes,No,2,Master's,"Seeking a Data Analyst to support Technology projects. Key skills include Python, SQL, Machine Learning, GCP, NLP. Remote role with mid level experience requirements.",600000,5
JOB10813,Data Analyst,JPMorgan Chase,Hyderabad,India,Mid Level,Full Time,On-site,460000,600000,INR,2025-10-11,Technology,1000+,No,Yes,Yes,No,No,No,No,Yes,No,No,Yes,No,No,No,No,3,Master's,"Seeking a Data Analyst to support Technology projects. Key skills include SQL, Power BI, TensorFlow, Azure. On-site role with mid level experience requirements.",530000,4
JOB10719,Data Analyst,Capgemini,Bangalore,India,Mid Level,Full Time,On-site,550000,650000,INR,2025-07-20,Technology,501-1000,Yes,Yes,No,Yes,No,Yes,No,No,No,Yes,No,Yes,Yes,No,Yes,3,Bachelor's,"Seeking a Data Analyst to support Technology projects. Key skills include Python, SQL, Excel, Machine Learning, AWS, GCP, Statistics. On-site role with mid level experience requirements.",600000,8
JOB10311,Machine Learning Engineer,SAP,Pune,UK,Entry Level,Full Time,Remote,830000,1120000,USD,2025-10-20,Technology,51-200,Yes,No,Yes,No,No,Yes,Yes,Yes,Yes,Yes,No,No,No,No,No,0,Bachelor's,"Seeking a Machine Learning Engineer to support Technology projects. Key skills include Python, Power BI, Machine Learning, Deep Learning, TensorFlow, PyTorch, AWS. Remote role with entry level experience requirements.",975000,7
JOB11739,Machine Learning Engineer,NVIDIA,Bangalore,India,Entry Level,Full Time,Hybrid,950000,1370000,INR,2026-01-04,Technology,1000+,Yes,No,Yes,Yes,No,Yes,No,No,No,No,Yes,No,Yes,No,Yes,1,Master's,"Seeking a Machine Learning Engineer to support Technology projects. Key skills include Python, Power BI, Excel, Machine Learning, Azure, Statistics, Generative AI. Hybrid role with entry level experience requirements.",1160000,7
JOB10966,Data Scientist,LTIMindtree,Chennai,India,Senior,Full Time,Remote,960000,1260000,CAD,2025-01-13,IT Services,1000+,Yes,Yes,No,No,No,No,Yes,No,No,No,No,No,Yes,Yes,No,9,Bachelor's,"Seeking a Data Scientist to support IT Services projects. Key skills include Python, SQL, Deep Learning, Statistics, NLP. Remote role with senior experience requirements.",1110000,5
JOB10959,Data Analyst,Accenture,Gurgaon,India,Entry Level,Full Time,Hybrid,390000,580000,USD,2025-02-17,Technology,51-200,No,Yes,Yes,No,Yes,No,No,No,No,No,No,No,Yes,No,No,1,Bachelor's,"Seeking a Data Analyst to support Technology projects. Key skills include SQL, Power BI, Tableau, Statistics. Hybrid role with entry level experience requirements.",485000,4
JOB10128,Business Analyst,Google,Delhi,Canada,Entry Level,Full Time,Hybrid,430000,660000,INR,2025-03-24,Technology,1000+,Yes,Yes,Yes,Yes,No,No,No,No,No,No,No,Yes,Yes,No,No,0,Diploma,"Seeking a Business Analyst to support Technology projects. Key skills include Python, SQL, Power BI, Excel, GCP, Statistics. Hybrid role with entry level experience requirements.",545000,6
JOB10841,Data Analyst,Accenture,Bangalore,Germany,Lead,Full Time,On-site,750000,870000,INR,2026-04-10,Technology,201-500,No,Yes,Yes,No,Yes,No,No,No,No,No,No,No,No,No,No,11,Bachelor's,"Seeking a Data Analyst to support Technology projects. Key skills include SQL, Power BI, Tableau. On-site role with lead experience requirements.",810000,3
JOB11593,Data Analyst,Adobe,Pune,India,Entry Level,Full Time,Hybrid,500000,630000,INR,2026-05-26,E-commerce,201-500,No,No,Yes,Yes,No,No,Yes,No,No,No,No,Yes,No,No,No,0,Master's,"Seeking a Data Analyst to support E-commerce projects. Key skills include Power BI, Excel, Deep Learning, GCP. Hybrid role with entry level experience requirements.",565000,4
JOB11237,Business Analyst,Adobe,Delhi,Canada,Senior,Full Time,On-site,650000,770000,INR,2026-01-18,Telecommunications,51-200,No,Yes,Yes,Yes,No,No,No,No,Yes,No,No,No,Yes,No,No,8,Bachelor's,"Seeking a Business Analyst to support Telecommunications projects. Key skills include SQL, Power BI, Excel, PyTorch, Statistics. On-site role with senior experience requirements.",710000,5
JOB11372,Data Analyst,TCS,Bangalore,Canada,Entry Level,Internship,Remote,400000,520000,INR,2025-12-12,Healthcare,501-1000,Yes,Yes,Yes,Yes,No,No,No,No,Yes,No,Yes,No,Yes,No,Yes,1,Unknown,"Seeking a Data Analyst to support Healthcare projects. Key skills include Python, SQL, Power BI, Excel, PyTorch, Azure, Statistics. Remote role with entry level experience requirements.",460000,8
JOB10565,Data Scientist,Walmart Global Tech,Ahmedabad,Canada,Mid Level,Contract,Hybrid,780000,1090000,INR,2025-03-20,Education,1000+,Yes,No,No,No,No,Yes,No,No,No,No,No,Yes,Yes,No,No,3,Bachelor's,"Seeking a Data Scientist to support Education projects. Key skills include Python, Machine Learning, GCP, Statistics. Hybrid role with mid level experience requirements.",935000,4
JOB11144,Ai Engineer,Microsoft,Mumbai,India,Entry Level,Contract,On-site,1020000,1280000,INR,2025-12-23,Healthcare,201-500,Yes,Yes,Yes,Yes,No,Yes,No,No,Yes,No,No,No,Yes,No,No,0,PhD,"Seeking a AI Engineer to support Healthcare projects. Key skills include Python, SQL, Power BI, Excel, Machine Learning, PyTorch, Statistics. On-site role with entry level experience requirements.",1150000,7
JOB11291,Machine Learning Engineer,Wipro,Kolkata,India,Mid Level,Full Time,Hybrid,1050000,1390000,INR,2025-03-11,Finance,1000+,No,Yes,No,Yes,No,Yes,No,No,No,No,No,No,No,No,No,5,Bachelor's,"Seeking a Machine Learning Engineer to support Finance projects. Key skills include SQL, Excel, Machine Learning. Hybrid role with mid level experience requirements.",1220000,3
JOB10044,Business Analyst,NVIDIA,Gurgaon,India,Lead,Full Time,Hybrid,890000,1060000,AUD,2026-03-24,Technology,1000+,Yes,Yes,Yes,Yes,No,No,Yes,No,No,Yes,No,No,No,No,No,12,Master's,"Seeking a Business Analyst to support Technology projects. Key skills include Python, SQL, Power BI, Excel, Deep Learning, AWS. Hybrid role with lead experience requirements.",975000,6
JOB10457,Data Analyst,Infosys,Bangalore,India,Senior,Full Time,On-site,720000,910000,USD,2026-06-13,Technology,201-500,No,Yes,No,Yes,Yes,No,No,No,No,Yes,No,No,No,No,Yes,7,Bachelor's,"Seeking a Data Analyst to support Technology projects. Key skills include SQL, Excel, Tableau, AWS, Generative AI. On-site role with senior experience requirements.",815000,5
JOB11362,Data Analyst,Accenture,Kolkata,India,Mid Level,Full Time,Hybrid,540000,740000,INR,2025-10-06,E-commerce,1-50,Yes,Yes,No,Yes,No,Yes,No,Yes,No,Yes,No,No,No,Yes,No,2,Master's,"Seeking a Data Analyst to support E-commerce projects. Key skills include Python, SQL, Excel, Machine Learning, TensorFlow, AWS, NLP. Hybrid role with mid level experience requirements.",640000,7
JOB10747,Machine Learning Engineer,JPMorgan Chase,Hyderabad,India,Mid Level,Full Time,On-site,830000,1260000,INR,2026-06-13,Education,1000+,Yes,Yes,No,No,No,No,No,Yes,No,No,No,No,Yes,No,Yes,3,Bachelor's,"Seeking a Machine Learning Engineer to support Education projects. Key skills include Python, SQL, TensorFlow, Statistics, Generative AI. On-site role with mid level experience requirements.",1045000,5
JOB11042,Ml Engineer,Bosch,Kolkata,India,Mid Level,Full Time,On-site,890000,1160000,SGD,2026-07-08,IT Services,51-200,Yes,Yes,No,No,Yes,Yes,Yes,No,No,No,No,No,Yes,Yes,No,2,Bachelor's,"Seeking a ML Engineer to support IT Services projects. Key skills include Python, SQL, Tableau, Machine Learning, Deep Learning, Statistics, NLP. On-site role with mid level experience requirements.",1025000,7
JOB11300,Bi Analyst,Tech Mahindra,Gurgaon,India,Mid Level,Contract,Remote,710000,890000,INR,2026-01-12,Telecommunications,51-200,No,Yes,Yes,Yes,No,No,Yes,Yes,No,No,No,No,No,No,No,4,Bachelor's,"Seeking a BI Analyst to support Telecommunications projects. Key skills include SQL, Power BI, Excel, Deep Learning, TensorFlow. Remote role with mid level experience requirements.",800000,5
JOB10202,Data Analyst,Siemens,Gurgaon,India,Mid Level,Full Time,Hybrid,540000,660000,INR,2026-01-06,IT Services,1-50,Yes,Yes,Yes,No,No,Yes,Yes,Yes,No,No,No,No,Yes,No,Yes,2,Bachelor's,"Seeking a Data Analyst to support IT Services projects. Key skills include Python, SQL, Power BI, Machine Learning, Deep Learning, TensorFlow, Statistics. Hybrid role with mid level experience requirements.",600000,8
JOB11542,Data Analyst,Microsoft,Mumbai,USA,Mid Level,Contract,On-site,560000,680000,INR,2026-03-09,Technology,201-500,Yes,Yes,No,Yes,No,No,No,Yes,No,No,Yes,No,No,No,No,4,Bachelor's,"Seeking a Data Analyst to support Technology projects. Key skills include Python, SQL, Excel, TensorFlow, Azure. On-site role with mid level experience requirements.",620000,5
JOB11261,Data Scientist,HCLTech,Hyderabad,Germany,Mid Level,Internship,On-site,890000,1140000,INR,2025-09-02,Technology,201-500,Yes,Yes,Yes,Yes,Yes,Yes,No,No,No,Yes,No,No,No,No,No,5,Bachelor's,"Seeking a Data Scientist to support Technology projects. Key skills include Python, SQL, Power BI, Excel, Tableau, Machine Learning, AWS. On-site role with mid level experience requirements.",1015000,7
JOB11937,Data Scientist,IBM,Kolkata,India,Senior,Full Time,On-site,1130000,1330000,INR,2025-10-12,Technology,1000+,Yes,Yes,Yes,Yes,No,Yes,No,No,No,No,No,Yes,Yes,No,No,10,Bachelor's,"Seeking a Data Scientist to support Technology projects. Key skills include Python, SQL, Power BI, Excel, Machine Learning, GCP, Statistics. On-site role with senior experience requirements.",1230000,7
JOB11212,Machine Learning Engineer,Microsoft,Delhi,India,Senior,Full Time,On-site,1300000,1680000,INR,2025-05-14,IT Services,201-500,Yes,No,No,Yes,Yes,Yes,No,No,No,Yes,No,No,No,No,No,5,Master's,"Seeking a Machine Learning Engineer to support IT Services projects. Key skills include Python, Excel, Tableau, Machine Learning, AWS. On-site role with senior experience requirements.",1490000,5
JOB10992,Bi Analyst,Siemens,Pune,Australia,Entry Level,Internship,On-site,550000,680000,EUR,2026-04-10,Consulting,501-1000,No,Yes,Yes,Yes,Yes,No,No,No,No,No,No,No,No,No,No,0,PhD,"Seeking a BI Analyst to support Consulting projects. Key skills include SQL, Power BI, Excel, Tableau. On-site role with entry level experience requirements.",615000,4
JOB11827,Data Analyst,IBM,Pune,India,Senior,Full Time,On-site,650000,770000,INR,2026-01-13,E-commerce,201-500,Yes,Yes,Yes,Yes,Yes,No,No,No,No,No,No,No,Yes,No,No,9,Bachelor's,"Seeking a Data Analyst to support E-commerce projects. Key skills include Python, SQL, Power BI, Excel, Tableau, Statistics. On-site role with senior experience requirements.",710000,6
JOB11124,Ml Engineer,NVIDIA,Noida,India,Senior,Full Time,On-site,970000,1390000,INR,2025-01-21,Finance,501-1000,Yes,Yes,No,Yes,No,Yes,Yes,No,No,No,No,No,Yes,No,No,7,Master's,"Seeking a ML Engineer to support Finance projects. Key skills include Python, SQL, Excel, Machine Learning, Deep Learning, Statistics. On-site role with senior experience requirements.",1180000,6
JOB10668,Data Analyst,Accenture,Pune,India,Mid Level,Full Time,Hybrid,500000,700000,INR,2025-04-24,Manufacturing,1000+,Yes,Yes,No,No,Yes,No,No,No,No,Yes,No,No,Yes,No,No,3,MBA,"Seeking a Data Analyst to support Manufacturing projects. Key skills include Python, SQL, Tableau, AWS, Statistics. Hybrid role with mid level experience requirements.",600000,5
JOB11236,Machine Learning Engineer,Genpact,Bangalore,Germany,Mid Level,Full Time,Remote,1070000,1380000,INR,2025-11-26,IT Services,201-500,Yes,No,No,Yes,No,Yes,No,Yes,No,No,No,Yes,Yes,No,Yes,5,Bachelor's,"Seeking a Machine Learning Engineer to support IT Services projects. Key skills include Python, Excel, Machine Learning, TensorFlow, GCP, Statistics, Generative AI. Remote role with mid level experience requirements.",1225000,7
JOB11998,Data Analyst,Adobe,Pune,India,Entry Level,Full Time,Remote,430000,640000,INR,2025-06-10,Technology,201-500,Yes,No,No,Yes,No,No,No,No,No,No,No,No,Yes,No,Yes,0,Master's,"Seeking a Data Analyst to support Technology projects. Key skills include Python, Excel, Statistics, Generative AI. Remote role with entry level experience requirements.",535000,4
JOB10366,Machine Learning Engineer,IBM,Bangalore,UK,Mid Level,Full Time,Hybrid,850000,1100000,INR,2026-03-23,IT Services,1-50,Yes,Yes,Yes,Yes,No,Yes,Yes,Yes,No,Yes,Yes,No,No,No,No,4,Bachelor's,"Seeking a Machine Learning Engineer to support IT Services projects. Key skills include Python, SQL, Power BI, Excel, Machine Learning, Deep Learning, TensorFlow. Hybrid role with mid level experience requirements.",975000,9
JOB10886,Data Analyst,Cisco,Noida,USA,Mid Level,Full Time,On-site,540000,740000,INR,2025-07-25,Healthcare,1-50,No,Yes,Yes,Yes,No,Yes,No,No,No,No,No,No,No,No,No,4,Bachelor's,"Seeking a Data Analyst to support Healthcare projects. Key skills include SQL, Power BI, Excel, Machine Learning. On-site role with mid level experience requirements.",640000,4
JOB10739,Machine Learning Engineer,LTIMindtree,Bangalore,UK,Senior,Contract,Remote,1490000,1710000,INR,2026-01-31,Consulting,1-50,Yes,No,No,No,Yes,Yes,Yes,No,No,Yes,Yes,No,Yes,No,No,5,Master's,"Seeking a Machine Learning Engineer to support Consulting projects. Key skills include Python, Tableau, Machine Learning, Deep Learning, AWS, Azure, Statistics. Remote role with senior experience requirements.",1600000,7
JOB11178,Data Analyst,NVIDIA,Chennai,India,Senior,Part Time,On-site,720000,930000,EUR,2025-12-06,Telecommunications,201-500,Yes,Yes,Yes,Yes,No,No,Yes,Yes,No,Yes,Yes,No,Yes,No,No,9,Bachelor's,"Seeking a Data Analyst to support Telecommunications projects. Key skills include Python, SQL, Power BI, Excel, Deep Learning, TensorFlow, AWS. On-site role with senior experience requirements.",825000,9
JOB11705,Machine Learning Engineer,Walmart Global Tech,Bangalore,USA,Mid Level,Internship,On-site,810000,1160000,INR,2025-04-16,Finance,51-200,No,No,Yes,No,No,Yes,No,Yes,No,No,No,No,Yes,No,No,3,Master's,"Seeking a Machine Learning Engineer to support Finance projects. Key skills include Power BI, Machine Learning, TensorFlow, Statistics. On-site role with mid level experience requirements.",985000,4
JOB11111,Ml Engineer,Genpact,Delhi,India,Mid Level,Full Time,Hybrid,1030000,1340000,INR,2026-03-07,IT Services,501-1000,Yes,No,No,No,No,Yes,Yes,No,No,Yes,No,No,No,No,Yes,4,Diploma,"Seeking a ML Engineer to support IT Services projects. Key skills include Python, Machine Learning, Deep Learning, AWS, Generative AI. Hybrid role with mid level experience requirements.",1185000,5
JOB10127,Ml Engineer,Genpact,Hyderabad,India,Mid Level,Full Time,On-site,760000,1100000,INR,2026-07-23,Technology,501-1000,Yes,Yes,Yes,Yes,Yes,Yes,No,No,Yes,Yes,No,No,No,No,No,5,Bachelor's,"Seeking a ML Engineer to support Technology projects. Key skills include Python, SQL, Power BI, Excel, Tableau, Machine Learning, PyTorch. On-site role with mid level experience requirements.",930000,8
JOB11353,Machine Learning Engineer,Accenture,Ahmedabad,UK,Entry Level,Internship,On-site,870000,1250000,INR,2025-01-04,Finance,501-1000,Yes,No,No,No,Yes,Yes,No,Yes,No,No,No,No,No,Yes,No,0,Diploma,"Seeking a Machine Learning Engineer to support Finance projects. Key skills include Python, Tableau, Machine Learning, TensorFlow, NLP. On-site role with entry level experience requirements.",1060000,5
JOB11613,Ai Engineer,Adobe,Bangalore,Singapore,Senior,Full Time,On-site,1480000,1870000,CAD,2025-04-14,IT Services,501-1000,Yes,Yes,Yes,No,No,Yes,No,No,No,Yes,No,No,No,No,Yes,9,MBA,"Seeking a AI Engineer to support IT Services projects. Key skills include Python, SQL, Power BI, Machine Learning, AWS, Generative AI. On-site role with senior experience requirements.",1675000,6
JOB11317,Ai Engineer,Bosch,Gurgaon,India,Mid Level,Contract,Remote,970000,1340000,CAD,2025-12-07,Healthcare,1-50,Yes,Yes,No,No,Yes,Yes,Yes,Yes,Yes,No,No,Yes,No,No,Yes,2,Master's,"Seeking a AI Engineer to support Healthcare projects. Key skills include Python, SQL, Tableau, Machine Learning, Deep Learning, TensorFlow, PyTorch. Remote role with mid level experience requirements.",1155000,9
JOB10899,Data Analyst,Microsoft,Bangalore,India,Senior,Full Time,On-site,670000,880000,AUD,2026-07-27,Consulting,1-50,Yes,Yes,Yes,No,Yes,No,No,Yes,No,No,No,No,Yes,No,No,9,Master's,"Seeking a Data Analyst to support Consulting projects. Key skills include Python, SQL, Power BI, Tableau, TensorFlow, Statistics. On-site role with senior experience requirements.",775000,6
JOB11710,Data Engineer,NVIDIA,Hyderabad,India,Mid Level,Full Time,Hybrid,780000,1040000,GBP,2025-06-24,IT Services,201-500,No,Yes,No,No,Yes,Yes,No,Yes,No,Yes,No,Yes,Yes,No,No,5,Master's,"Seeking a Data Engineer to support IT Services projects. Key skills include SQL, Power BI, Tableau, Machine Learning, TensorFlow, AWS, GCP. Hybrid role with mid level experience requirements.",910000,7
JOB10483,Machine Learning Engineer,Bosch,Hyderabad,Germany,Entry Level,Full Time,On-site,850000,1280000,AUD,2025-08-13,Technology,1000+,Yes,No,No,Yes,No,Yes,Yes,Yes,No,Yes,No,Yes,Yes,No,No,0,Bachelor's,"Seeking a Machine Learning Engineer to support Technology projects. Key skills include Python, Excel, Machine Learning, Deep Learning, TensorFlow, AWS, GCP. On-site role with entry level experience requirements.",1065000,8
JOB10547,Data Analyst,Google,Noida,Germany,Senior,Full Time,Hybrid,700000,870000,INR,2026-07-05,Healthcare,1-50,No,Yes,Yes,No,No,No,No,No,No,No,No,No,Yes,No,No,6,MBA,"Seeking a Data Analyst to support Healthcare projects. Key skills include SQL, Power BI, Statistics. Hybrid role with senior experience requirements.",785000,3
JOB11196,Business Analyst,Bosch,Bangalore,India,Mid Level,Full Time,On-site,560000,680000,CAD,2026-02-14,Manufacturing,51-200,Yes,Yes,Yes,Yes,No,Yes,No,No,No,No,No,No,Yes,No,No,4,Bachelor's,"Seeking a Business Analyst to support Manufacturing projects. Key skills include Python, SQL, Power BI, Excel, Machine Learning, Statistics. On-site role with mid level experience requirements.",620000,6
JOB11929,Data Engineer,Genpact,Pune,India,Lead,Full Time,On-site,950000,1220000,INR,2025-04-16,Healthcare,501-1000,Yes,Yes,Yes,No,No,No,No,No,No,Yes,No,Yes,Yes,Yes,No,11,Bachelor's,"Seeking a Data Engineer to support Healthcare projects. Key skills include Python, SQL, Power BI, AWS, GCP, Statistics, NLP. On-site role with lead experience requirements.",1085000,7
JOB10235,Data Analyst,Bosch,Remote,India,Mid Level,Full Time,Remote,620000,830000,GBP,2025-06-16,Finance,1000+,No,Yes,Yes,Yes,No,Yes,No,No,No,No,No,No,No,No,No,4,Bachelor's,"Seeking a Data Analyst to support Finance projects. Key skills include SQL, Power BI, Excel, Machine Learning. Remote role with mid level experience requirements.",725000,4
JOB11238,Machine Learning Engineer,Capgemini,Ahmedabad,India,Entry Level,Full Time,Remote,800000,1170000,INR,2026-03-09,Healthcare,51-200,Yes,Yes,No,No,No,Yes,No,No,Yes,Yes,No,No,Yes,No,No,1,Bachelor's,"Seeking a Machine Learning Engineer to support Healthcare projects. Key skills include Python, SQL, Machine Learning, PyTorch, AWS, Statistics. Remote role with entry level experience requirements.",985000,6
JOB10132,Data Scientist,Infosys,Pune,India,Mid Level,Full Time,Hybrid,770000,1150000,INR,2025-12-19,Finance,51-200,Yes,Yes,Yes,No,No,No,Yes,No,No,No,No,No,Yes,No,No,2,Master's,"Seeking a Data Scientist to support Finance projects. Key skills include Python, SQL, Power BI, Deep Learning, Statistics. Hybrid role with mid level experience requirements.",960000,5
JOB10328,Data Engineer,NVIDIA,Gurgaon,India,Entry Level,Full Time,Hybrid,590000,850000,INR,2025-02-04,Telecommunications,51-200,Yes,Yes,No,Yes,Yes,No,Yes,Yes,No,Yes,No,No,No,No,No,1,Master's,"Seeking a Data Engineer to support Telecommunications projects. Key skills include Python, SQL, Excel, Tableau, Deep Learning, TensorFlow, AWS. Hybrid role with entry level experience requirements.",720000,7
JOB10225,Data Scientist,LTIMindtree,Kolkata,India,Entry Level,Full Time,On-site,620000,940000,CAD,2025-04-25,Telecommunications,201-500,Yes,Yes,No,No,No,Yes,Yes,No,No,Yes,No,No,No,No,No,1,Bachelor's,"Seeking a Data Scientist to support Telecommunications projects. Key skills include Python, SQL, Machine Learning, Deep Learning, AWS. On-site role with entry level experience requirements.",780000,5
JOB10063,Ml Engineer,Walmart Global Tech,Kolkata,Singapore,Mid Level,Full Time,On-site,1000000,1430000,INR,2025-02-22,IT Services,501-1000,Yes,No,No,No,No,No,No,No,No,No,Yes,No,No,No,Yes,4,Bachelor's,"Seeking a ML Engineer to support IT Services projects. Key skills include Python, Azure, Generative AI. On-site role with mid level experience requirements.",1215000,3
JOB10102,Data Engineer,Bosch,Gurgaon,USA,Mid Level,Contract,Hybrid,900000,1070000,USD,2025-08-20,Healthcare,501-1000,Yes,Yes,No,Yes,No,Yes,No,No,No,Yes,No,Yes,No,No,No,3,Master's,"Seeking a Data Engineer to support Healthcare projects. Key skills include Python, SQL, Excel, Machine Learning, AWS, GCP. Hybrid role with mid level experience requirements.",985000,6
JOB11773,Business Analyst,Microsoft,Delhi,Germany,Mid Level,Full Time,Hybrid,510000,700000,CAD,2025-05-07,E-commerce,1-50,Yes,No,Yes,Yes,Yes,No,No,No,No,No,No,No,Yes,No,Yes,3,Bachelor's,"Seeking a Business Analyst to support E-commerce projects. Key skills include Python, Power BI, Excel, Tableau, Statistics, Generative AI. Hybrid role with mid level experience requirements.",605000,6
JOB10973,Bi Analyst,Cisco,Pune,USA,Mid Level,Full Time,On-site,710000,870000,INR,2026-03-07,Consulting,501-1000,No,Yes,Yes,Yes,No,Yes,No,No,No,No,No,Yes,No,No,Yes,2,Bachelor's,"Seeking a BI Analyst to support Consulting projects. Key skills include SQL, Power BI, Excel, Machine Learning, GCP, Generative AI. On-site role with mid level experience requirements.",790000,6
JOB10301,Data Analyst,Cisco,Noida,UK,Entry Level,Full Time,On-site,470000,590000,GBP,2025-09-21,Telecommunications,1000+,Yes,Yes,No,Yes,No,No,No,No,No,No,No,Yes,Yes,No,No,0,Master's,"Seeking a Data Analyst to support Telecommunications projects. Key skills include Python, SQL, Excel, GCP, Statistics. On-site role with entry level experience requirements.",530000,5
JOB10722,Data Analyst,Genpact,Bangalore,India,Mid Level,Contract,On-site,630000,840000,INR,2026-04-03,IT Services,501-1000,No,Yes,Yes,Yes,Yes,No,No,No,No,Yes,No,No,No,No,No,2,Bachelor's,"Seeking a Data Analyst to support IT Services projects. Key skills include SQL, Power BI, Excel, Tableau, AWS. On-site role with mid level experience requirements.",735000,5
JOB10261,Data Engineer,Cisco,Pune,India,Entry Level,Full Time,Remote,710000,1000000,INR,2025-01-21,IT Services,1000+,Yes,Yes,No,No,Yes,No,No,Yes,Yes,Yes,No,No,Yes,No,No,0,Bachelor's,"Seeking a Data Engineer to support IT Services projects. Key skills include Python, SQL, Tableau, TensorFlow, PyTorch, AWS, Statistics. Remote role with entry level experience requirements.",855000,7
JOB10767,Bi Analyst,Deloitte,Gurgaon,India,Mid Level,Full Time,Hybrid,620000,760000,CAD,2025-07-25,Finance,501-1000,Yes,Yes,Yes,Yes,No,Yes,No,No,No,No,Yes,Yes,Yes,No,No,4,Master's,"Seeking a BI Analyst to support Finance projects. Key skills include Python, SQL, Power BI, Excel, Machine Learning, Azure, GCP. Hybrid role with mid level experience requirements.",690000,8
JOB10853,Data Analyst,Google,Noida,UK,Entry Level,Full Time,On-site,440000,600000,INR,2025-07-30,E-commerce,501-1000,Yes,Yes,Yes,No,No,Yes,No,No,No,No,No,No,No,No,No,0,Bachelor's,"Seeking a Data Analyst to support E-commerce projects. Key skills include Python, SQL, Power BI, Machine Learning. On-site role with entry level experience requirements.",520000,4
JOB10694,Data Scientist,JPMorgan Chase,Chennai,Canada,Entry Level,Full Time,Hybrid,720000,1040000,INR,2025-10-07,E-commerce,201-500,Yes,Yes,No,Yes,No,Yes,No,No,No,No,No,Yes,Yes,No,No,1,Master's,"Seeking a Data Scientist to support E-commerce projects. Key skills include Python, SQL, Excel, Machine Learning, GCP, Statistics. Hybrid role with entry level experience requirements.",880000,6
JOB11784,Data Engineer,Oracle,Gurgaon,India,Lead,Full Time,Hybrid,1000000,1260000,INR,2025-07-15,E-commerce,1-50,Yes,No,Yes,No,No,Yes,No,Yes,No,Yes,Yes,Yes,No,No,No,14,Diploma,"Seeking a Data Engineer to support E-commerce projects. Key skills include Python, Power BI, Machine Learning, TensorFlow, AWS, Azure, GCP. Hybrid role with lead experience requirements.",1130000,7
JOB11588,Machine Learning Engineer,Siemens,Kolkata,India,Mid Level,Full Time,On-site,1060000,1420000,INR,2025-07-19,Consulting,201-500,Yes,No,Yes,No,No,No,No,Yes,No,Yes,No,No,Yes,No,No,2,Bachelor's,"Seeking a Machine Learning Engineer to support Consulting projects. Key skills include Python, Power BI, TensorFlow, AWS, Statistics. On-site role with mid level experience requirements.",1240000,5
JOB10288,Ai Engineer,NVIDIA,Mumbai,India,Senior,Full Time,Remote,1300000,1700000,INR,2025-05-23,Finance,1000+,Yes,No,Yes,No,No,Yes,Yes,No,No,Yes,No,No,Yes,No,Yes,8,Diploma,"Seeking a AI Engineer to support Finance projects. Key skills include Python, Power BI, Machine Learning, Deep Learning, AWS, Statistics, Generative AI. Remote role with senior experience requirements.",1500000,7
JOB11931,Ai Engineer,Tech Mahindra,Gurgaon,India,Mid Level,Full Time,Hybrid,1240000,1480000,CAD,2025-02-07,IT Services,201-500,Yes,Yes,No,Yes,No,Yes,Yes,No,No,Yes,No,Yes,No,No,Yes,2,MBA,"Seeking a AI Engineer to support IT Services projects. Key skills include Python, SQL, Excel, Machine Learning, Deep Learning, AWS, GCP. Hybrid role with mid level experience requirements.",1360000,8
JOB11703,Data Scientist,LTIMindtree,Hyderabad,India,Mid Level,Full Time,Remote,720000,990000,INR,2025-10-06,Technology,51-200,Yes,Yes,No,No,No,Yes,Yes,No,No,No,Yes,No,Yes,No,Yes,2,Bachelor's,"Seeking a Data Scientist to support Technology projects. Key skills include Python, SQL, Machine Learning, Deep Learning, Azure, Statistics, Generative AI. Remote role with mid level experience requirements.",855000,7
JOB11639,Nlp Engineer,NVIDIA,Kolkata,India,Senior,Full Time,Hybrid,1090000,1380000,INR,2026-03-19,IT Services,1000+,Yes,Yes,No,No,No,No,No,Yes,No,Yes,Yes,No,Yes,No,No,7,Bachelor's,"Seeking a NLP Engineer to support IT Services projects. Key skills include Python, SQL, TensorFlow, AWS, Azure, Statistics. Hybrid role with senior experience requirements.",1235000,6
JOB10875,Data Analyst,Infosys,Bangalore,India,Mid Level,Full Time,On-site,510000,620000,EUR,2025-06-02,E-commerce,1000+,Yes,Yes,Yes,Yes,Yes,Yes,No,No,No,Yes,No,No,Yes,Yes,No,4,Master's,"Seeking a Data Analyst to support E-commerce projects. Key skills include Python, SQL, Power BI, Excel, Tableau, Machine Learning, AWS. On-site role with mid level experience requirements.",565000,9
JOB10777,Data Scientist,NVIDIA,Noida,UK,Senior,Full Time,Remote,1240000,1550000,INR,2026-04-08,Telecommunications,501-1000,Yes,Yes,No,Yes,No,Yes,No,No,Yes,No,No,No,Yes,No,No,8,Bachelor's,"Seeking a Data Scientist to support Telecommunications projects. Key skills include Python, SQL, Excel, Machine Learning, PyTorch, Statistics. Remote role with senior experience requirements.",1395000,6
JOB11935,Data Engineer,Cisco,Noida,India,Mid Level,Full Time,Hybrid,840000,1200000,INR,2026-05-20,Consulting,501-1000,No,Yes,No,No,No,No,No,No,No,No,Yes,No,Yes,No,No,2,Diploma,"Seeking a Data Engineer to support Consulting projects. Key skills include SQL, Azure, Statistics. Hybrid role with mid level experience requirements.",1020000,3
JOB10599,Data Analyst,Deloitte,Pune,India,Senior,Full Time,Remote,640000,830000,INR,2025-05-09,Consulting,201-500,Yes,Yes,No,Yes,No,No,No,No,No,Yes,No,No,No,No,No,6,Bachelor's,"Seeking a Data Analyst to support Consulting projects. Key skills include Python, SQL, Excel, AWS. Remote role with senior experience requirements.",735000,4
JOB10412,Ai/Ml Intern,Wipro,Hyderabad,India,Mid Level,Contract,On-site,320000,410000,EUR,2025-09-06,Finance,1000+,Yes,Yes,No,No,No,No,No,Yes,No,No,No,No,Yes,No,Yes,4,Bachelor's,"Seeking a AI/ML Intern to support Finance projects. Key skills include Python, SQL, TensorFlow, Statistics, Generative AI. On-site role with mid level experience requirements.",365000,5
JOB10377,Ml Engineer,Adobe,Delhi,India,Mid Level,Full Time,On-site,770000,1180000,INR,2025-09-18,Finance,51-200,Yes,Yes,No,No,Yes,Yes,No,No,No,No,Yes,No,Yes,Yes,No,3,Bachelor's,"Seeking a ML Engineer to support Finance projects. Key skills include Python, SQL, Tableau, Machine Learning, Azure, Statistics, NLP. On-site role with mid level experience requirements.",975000,7
JOB10263,Data Analyst,Microsoft,Hyderabad,India,Senior,Full Time,On-site,580000,750000,INR,2025-12-29,Finance,201-500,Yes,Yes,Yes,Yes,No,No,No,Yes,No,No,No,No,No,No,Yes,6,PhD,"Seeking a Data Analyst to support Finance projects. Key skills include Python, SQL, Power BI, Excel, TensorFlow, Generative AI. On-site role with senior experience requirements.",665000,6
JOB11151,Bi Analyst,IBM,Delhi,India,Entry Level,Full Time,On-site,470000,710000,INR,2025-03-04,E-commerce,51-200,Yes,Yes,Yes,No,Yes,No,No,No,No,Yes,Yes,No,No,No,No,0,Master's,"Seeking a BI Analyst to support E-commerce projects. Key skills include Python, SQL, Power BI, Tableau, AWS, Azure. On-site role with entry level experience requirements.",590000,6
JOB10652,Ai Engineer,Bosch,Hyderabad,India,Entry Level,Full Time,Remote,940000,1250000,USD,2025-07-21,Technology,201-500,Yes,No,No,Yes,No,Yes,Yes,Yes,No,No,No,No,No,No,Yes,0,Master's,"Seeking a AI Engineer to support Technology projects. Key skills include Python, Excel, Machine Learning, Deep Learning, TensorFlow, Generative AI. Remote role with entry level experience requirements.",1095000,6
JOB11924,Data Scientist,Cognizant,Noida,India,Entry Level,Full Time,Remote,790000,1030000,INR,2025-05-05,IT Services,201-500,Yes,Yes,No,Yes,No,No,No,Yes,No,No,Yes,No,Yes,Yes,No,1,Diploma,"Seeking a Data Scientist to support IT Services projects. Key skills include Python, SQL, Excel, TensorFlow, Azure, Statistics, NLP. Remote role with entry level experience requirements.",910000,7
JOB10895,Data Engineer,JPMorgan Chase,Hyderabad,India,Entry Level,Full Time,Remote,740000,1090000,INR,2025-12-22,IT Services,501-1000,Yes,Yes,Yes,No,Yes,No,Yes,No,Yes,Yes,Yes,Yes,No,No,No,1,Diploma,"Seeking a Data Engineer to support IT Services projects. Key skills include Python, SQL, Power BI, Tableau, Deep Learning, PyTorch, AWS. Remote role with entry level experience requirements.",915000,9
JOB11019,Ai/Ml Intern,Wipro,Delhi,India,Lead,Full Time,Hybrid,310000,400000,USD,2025-06-16,Consulting,201-500,Yes,No,No,No,Yes,Yes,No,No,No,No,No,No,Yes,No,No,11,PhD,"Seeking a AI/ML Intern to support Consulting projects. Key skills include Python, Tableau, Machine Learning, Statistics. Hybrid role with lead experience requirements.",355000,4
JOB10367,Nlp Engineer,Infosys,Hyderabad,India,Entry Level,Full Time,Hybrid,650000,920000,INR,2025-06-06,Healthcare,1000+,Yes,Yes,Yes,Yes,No,Yes,Yes,No,No,No,No,No,Yes,Yes,No,0,Bachelor's,"Seeking a NLP Engineer to support Healthcare projects. Key skills include Python, SQL, Power BI, Excel, Machine Learning, Deep Learning, Statistics. Hybrid role with entry level experience requirements.",785000,8
JOB10013,Ml Engineer,Deloitte,Mumbai,India,Entry Level,Contract,Remote,920000,1280000,INR,2025-12-05,Finance,501-1000,Yes,Yes,No,No,Yes,Yes,Yes,No,No,No,No,No,Yes,No,Yes,1,Bachelor's,"Seeking a ML Engineer to support Finance projects. Key skills include Python, SQL, Tableau, Machine Learning, Deep Learning, Statistics, Generative AI. Remote role with entry level experience requirements.",1100000,7
JOB10130,Ai Engineer,Bosch,Bangalore,Singapore,Mid Level,Full Time,Hybrid,1260000,1560000,INR,2025-05-13,Healthcare,51-200,No,Yes,Yes,Yes,Yes,No,Yes,No,No,No,No,No,Yes,No,No,5,Master's,"Seeking a AI Engineer to support Healthcare projects. Key skills include SQL, Power BI, Excel, Tableau, Deep Learning, Statistics. Hybrid role with mid level experience requirements.",1410000,6
JOB10792,Data Engineer,Adobe,Hyderabad,India,Entry Level,Full Time,Hybrid,520000,800000,USD,2025-08-20,Finance,201-500,Yes,Yes,No,No,No,Yes,No,No,No,No,No,No,No,No,Yes,1,Diploma,"Seeking a Data Engineer to support Finance projects. Key skills include Python, SQL, Machine Learning, Generative AI. Hybrid role with entry level experience requirements.",660000,4
JOB10510,Bi Analyst,Walmart Global Tech,Pune,India,Entry Level,Full Time,Hybrid,530000,700000,INR,2026-07-08,Technology,1000+,Yes,Yes,Yes,Yes,No,No,No,No,No,No,No,No,No,No,Yes,1,Bachelor's,"Seeking a BI Analyst to support Technology projects. Key skills include Python, SQL, Power BI, Excel, Generative AI. Hybrid role with entry level experience requirements.",615000,5
JOB11578,Data Engineer,NVIDIA,Bangalore,India,Entry Level,Full Time,Hybrid,560000,740000,INR,2025-06-24,IT Services,201-500,No,Yes,Yes,No,No,No,No,No,No,Yes,No,Yes,Yes,No,Yes,1,Master's,"Seeking a Data Engineer to support IT Services projects. Key skills include SQL, Power BI, AWS, GCP, Statistics, Generative AI. Hybrid role with entry level experience requirements.",650000,6
JOB11165,Data Analyst,Accenture,Pune,India,Mid Level,Full Time,Hybrid,560000,740000,INR,2025-10-28,E-commerce,Unknown,No,Yes,Yes,Yes,Yes,No,No,No,No,Yes,No,No,No,No,No,2,Bachelor's,"Seeking a Data Analyst to support E-commerce projects. Key skills include SQL, Power BI, Excel, Tableau, AWS. Hybrid role with mid level experience requirements.",650000,5
JOB11338,Bi Analyst,Persistent Systems,Pune,India,Senior,Contract,Remote,700000,820000,INR,2025-06-29,E-commerce,501-1000,Yes,Yes,Yes,No,Yes,No,Yes,No,No,No,No,Yes,No,No,No,10,Bachelor's,"Seeking a BI Analyst to support E-commerce projects. Key skills include Python, SQL, Power BI, Tableau, Deep Learning, GCP. Remote role with senior experience requirements.",760000,6
JOB11431,Machine Learning Engineer,Tech Mahindra,Gurgaon,India,Mid Level,Full Time,Hybrid,960000,1270000,INR,2025-11-18,Finance,51-200,No,Yes,Yes,No,No,Yes,No,No,No,No,No,No,No,No,Yes,2,Bachelor's,"Seeking a Machine Learning Engineer to support Finance projects. Key skills include SQL, Power BI, Machine Learning, Generative AI. Hybrid role with mid level experience requirements.",1115000,4
JOB11600,Business Analyst,Accenture,Bangalore,India,Entry Level,Full Time,Remote,430000,610000,INR,2025-02-03,IT Services,1000+,Yes,Yes,Yes,Yes,Yes,No,No,No,No,Yes,Yes,No,No,No,No,1,Bachelor's,"Seeking a Business Analyst to support IT Services projects. Key skills include Python, SQL, Power BI, Excel, Tableau, AWS, Azure. Remote role with entry level experience requirements.",520000,7
JOB10620,Bi Analyst,TCS,Mumbai,India,Mid Level,Full Time,On-site,670000,840000,INR,2025-10-31,Consulting,501-1000,Yes,Yes,No,No,No,No,No,No,No,Yes,No,Yes,Yes,No,No,3,Master's,"Seeking a BI Analyst to support Consulting projects. Key skills include Python, SQL, AWS, GCP, Statistics. On-site role with mid level experience requirements.",755000,5
JOB10598,Data Analyst,Walmart Global Tech,Bangalore,India,Entry Level,Full Time,Hybrid,420000,640000,INR,2025-05-28,Finance,201-500,Yes,Yes,Yes,Yes,No,Yes,No,No,No,No,No,Yes,Yes,No,Yes,0,Bachelor's,"Seeking a Data Analyst to support Finance projects. Key skills include Python, SQL, Power BI, Excel, Machine Learning, GCP, Statistics. Hybrid role with entry level experience requirements.",530000,8
JOB10911,Data Engineer,Genpact,Gurgaon,India,Entry Level,Full Time,Hybrid,610000,880000,EUR,2026-02-28,Manufacturing,501-1000,Yes,Yes,No,Yes,No,Yes,No,No,Yes,Yes,No,Yes,No,No,No,1,Bachelor's,"Seeking a Data Engineer to support Manufacturing projects. Key skills include Python, SQL, Excel, Machine Learning, PyTorch, AWS, GCP. Hybrid role with entry level experience requirements.",745000,7
JOB10373,Data Analyst,Bosch,Chennai,India,Entry Level,Full Time,On-site,460000,580000,INR,2025-10-27,Healthcare,51-200,Yes,Yes,Yes,Yes,No,No,No,No,No,Yes,No,No,No,No,No,1,Diploma,"Seeking a Data Analyst to support Healthcare projects. Key skills include Python, SQL, Power BI, Excel, Tableau, AWS. On-site role with entry level experience requirements.",520000,5
JOB10039,Bi Analyst,Walmart Global Tech,Chennai,India,Lead,Full Time,On-site,940000,1180000,GBP,2025-07-07,IT Services,1000+,No,Yes,Yes,Yes,No,Yes,No,No,Yes,No,No,No,No,No,Yes,14,Master's,"Seeking a BI Analyst to support IT Services projects. Key skills include SQL, Power BI, Excel, Machine Learning, PyTorch, Generative AI. On-site role with lead experience requirements.",1060000,6
JOB11748,Data Scientist,NVIDIA,Noida,USA,Mid Level,Internship,Remote,770000,1140000,SGD,2025-08-08,E-commerce,Unknown,Yes,No,No,No,No,Yes,Yes,No,No,No,No,No,Yes,Yes,No,3,Bachelor's,"Seeking a Data Scientist to support E-commerce projects. Key skills include Python, Machine Learning, Deep Learning, Statistics, NLP. Remote role with mid level experience requirements.",955000,5
JOB11470,Ml Engineer,Infosys,Bangalore,India,Mid Level,Full Time,Hybrid,1160000,1380000,INR,2025-01-20,Healthcare,1000+,Yes,No,No,No,Yes,Yes,No,No,Yes,No,Yes,No,Yes,No,No,5,Bachelor's,"Seeking a ML Engineer to support Healthcare projects. Key skills include Python, Tableau, Machine Learning, PyTorch, Azure, Statistics. Hybrid role with mid level experience requirements.",1270000,6
JOB10077,Ml Engineer,JPMorgan Chase,Pune,India,Senior,Full Time,On-site,1120000,1360000,INR,2026-07-03,IT Services,51-200,Yes,Yes,No,Yes,No,Yes,Yes,Yes,No,Yes,No,Yes,Yes,No,No,6,Master's,"Seeking a ML Engineer to support IT Services projects. Key skills include Python, SQL, Excel, Machine Learning, Deep Learning, TensorFlow, AWS. On-site role with senior experience requirements.",1240000,9
JOB10946,Data Analyst,Cisco,Mumbai,India,Mid Level,Full Time,Hybrid,630000,830000,INR,2026-07-17,Technology,1000+,Yes,Yes,Yes,Yes,No,Yes,No,No,Yes,No,No,No,No,No,No,3,Bachelor's,"Seeking a Data Analyst to support Technology projects. Key skills include Python, SQL, Power BI, Excel, Machine Learning, PyTorch. Hybrid role with mid level experience requirements.",730000,6
JOB11914,Machine Learning Engineer,Adobe,Ahmedabad,Germany,Senior,Part Time,Remote,1440000,1830000,INR,2026-01-11,E-commerce,51-200,Yes,No,No,No,Yes,Yes,Yes,No,No,Yes,No,No,Yes,Yes,No,6,Master's,"Seeking a Machine Learning Engineer to support E-commerce projects. Key skills include Python, Tableau, Machine Learning, Deep Learning, AWS, Statistics, NLP. Remote role with senior experience requirements.",1635000,7
JOB10302,Ai Engineer,HCLTech,Remote,India,Senior,Full Time,On-site,1490000,1800000,INR,2025-07-29,Finance,51-200,Yes,No,No,No,No,Yes,Yes,No,Yes,Yes,No,No,No,No,No,6,Bachelor's,"Seeking a AI Engineer to support Finance projects. Key skills include Python, Machine Learning, Deep Learning, PyTorch, AWS. On-site role with senior experience requirements.",1645000,5
JOB10654,Bi Analyst,Amazon,Bangalore,India,Entry Level,Full Time,Remote,490000,730000,INR,2025-12-05,Technology,1000+,Yes,Yes,Yes,Yes,No,No,No,No,No,Yes,No,No,No,No,No,1,Master's,"Seeking a BI Analyst to support Technology projects. Key skills include Python, SQL, Power BI, Excel, Tableau, AWS. Remote role with entry level experience requirements.",610000,5
JOB11850,Data Engineer,Walmart Global Tech,Ahmedabad,India,Mid Level,Full Time,On-site,930000,1270000,INR,2025-01-30,Technology,501-1000,Yes,No,No,No,No,No,No,No,No,Yes,Yes,No,No,No,No,5,Bachelor's,"Seeking a Data Engineer to support Technology projects. Key skills include Python, AWS, Azure. On-site role with mid level experience requirements.",1100000,3
JOB11587,Bi Analyst,Adobe,Ahmedabad,Germany,Mid Level,Contract,Hybrid,610000,810000,CAD,2025-02-23,Healthcare,1000+,Yes,Yes,No,Yes,No,No,No,No,Yes,No,No,No,No,No,No,3,Bachelor's,"Seeking a BI Analyst to support Healthcare projects. Key skills include Python, SQL, Excel, PyTorch. Hybrid role with mid level experience requirements.",710000,4
JOB10215,Bi Analyst,NVIDIA,Pune,India,Mid Level,Full Time,On-site,690000,880000,AUD,2025-06-07,Finance,1000+,Yes,Yes,Yes,Yes,No,No,No,No,No,No,Yes,No,Yes,Yes,No,2,Bachelor's,"Seeking a BI Analyst to support Finance projects. Key skills include Python, SQL, Power BI, Excel, Azure, Statistics, NLP. On-site role with mid level experience requirements.",785000,7
JOB10834,Data Analyst,Infosys,Gurgaon,India,Mid Level,Full Time,Remote,480000,620000,INR,2025-01-14,IT Services,201-500,Yes,Yes,Yes,Yes,Yes,No,No,No,No,Yes,No,No,No,No,No,3,Master's,"Seeking a Data Analyst to support IT Services projects. Key skills include Python, SQL, Power BI, Excel, Tableau, AWS. Remote role with mid level experience requirements.",550000,6
JOB10339,Machine Learning Engineer,SAP,Delhi,India,Mid Level,Full Time,Remote,880000,1250000,INR,2026-05-18,Finance,501-1000,Yes,Yes,Yes,No,No,Yes,No,Yes,No,Yes,Yes,Yes,Yes,No,Yes,4,Bachelor's,"Seeking a Machine Learning Engineer to support Finance projects. Key skills include Python, SQL, Power BI, Machine Learning, TensorFlow, AWS, Azure. Remote role with mid level experience requirements.",1065000,10
JOB10259,Ai Engineer,Cognizant,Hyderabad,India,Entry Level,Full Time,Remote,750000,1080000,USD,2026-07-31,Telecommunications,1-50,Yes,No,No,Yes,Yes,Yes,No,No,Yes,Yes,No,Yes,No,No,Yes,1,Master's,"Seeking a AI Engineer to support Telecommunications projects. Key skills include Python, Excel, Tableau, Machine Learning, PyTorch, AWS, GCP. Remote role with entry level experience requirements.",915000,8
JOB11332,Bi Analyst,TCS,Pune,UK,Entry Level,Internship,On-site,450000,570000,INR,2025-05-28,IT Services,1000+,No,Yes,Yes,Yes,No,No,No,No,No,Yes,No,Yes,No,No,Yes,0,Master's,"Seeking a BI Analyst to support IT Services projects. Key skills include SQL, Power BI, Excel, AWS, GCP, Generative AI. On-site role with entry level experience requirements.",510000,6
JOB11822,Data Analyst,Google,Bangalore,India,Senior,Full Time,On-site,740000,890000,INR,2025-07-17,IT Services,201-500,Yes,Yes,Yes,No,No,Yes,Yes,No,No,No,No,No,Yes,No,No,10,Bachelor's,"Seeking a Data Analyst to support IT Services projects. Key skills include Python, SQL, Power BI, Machine Learning, Deep Learning, Statistics. On-site role with senior experience requirements.",815000,6
JOB10567,Machine Learning Engineer,Deloitte,Ahmedabad,India,Mid Level,Full Time,On-site,990000,1250000,INR,2025-03-27,Finance,1000+,Yes,No,No,Yes,Yes,Yes,Yes,No,No,No,No,No,No,No,No,4,Master's,"Seeking a Machine Learning Engineer to support Finance projects. Key skills include Python, Excel, Tableau, Machine Learning, Deep Learning. On-site role with mid level experience requirements.",1120000,5
JOB11283,Ai Engineer,TCS,Mumbai,USA,Mid Level,Full Time,Hybrid,990000,1430000,INR,2025-12-08,IT Services,1000+,Yes,Yes,No,Yes,Yes,No,Yes,No,No,Yes,No,No,No,No,No,4,Bachelor's,"Seeking a AI Engineer to support IT Services projects. Key skills include Python, SQL, Excel, Tableau, Deep Learning, AWS. Hybrid role with mid level experience requirements.",1210000,6
JOB11875,Bi Analyst,Siemens,Gurgaon,USA,Mid Level,Full Time,Remote,670000,900000,INR,2026-07-10,E-commerce,1000+,No,Yes,Yes,No,No,No,No,No,No,No,Yes,No,Yes,Yes,No,4,Bachelor's,"Seeking a BI Analyst to support E-commerce projects. Key skills include SQL, Power BI, Azure, Statistics, NLP. Remote role with mid level experience requirements.",785000,5
JOB10646,Business Analyst,Microsoft,Pune,India,Entry Level,Full Time,Remote,400000,560000,INR,2025-03-21,E-commerce,501-1000,No,Yes,Yes,Yes,Yes,No,No,No,No,No,No,Yes,No,No,Yes,0,Master's,"Seeking a Business Analyst to support E-commerce projects. Key skills include SQL, Power BI, Excel, Tableau, GCP, Generative AI. Remote role with entry level experience requirements.",480000,6
JOB10424,Ai Engineer,Siemens,Bangalore,India,Mid Level,Full Time,On-site,1040000,1450000,INR,2025-04-15,Technology,501-1000,No,No,Yes,No,Yes,Yes,No,No,No,Yes,No,No,No,No,Yes,2,Master's,"Seeking a AI Engineer to support Technology projects. Key skills include Power BI, Tableau, Machine Learning, AWS, Generative AI. On-site role with mid level experience requirements.",1245000,5
JOB11399,Data Engineer,Amazon,Pune,India,Lead,Internship,On-site,1240000,1490000,INR,2025-04-27,Finance,501-1000,Yes,Yes,No,Yes,No,No,Yes,No,No,Yes,No,Yes,No,No,No,10,Bachelor's,"Seeking a Data Engineer to support Finance projects. Key skills include Python, SQL, Excel, Deep Learning, AWS, GCP. On-site role with lead experience requirements.",1365000,6
JOB10101,Data Analyst,Cognizant,Hyderabad,India,Entry Level,Full Time,Hybrid,440000,660000,INR,2025-01-13,Technology,1000+,Yes,Yes,No,No,No,Yes,No,No,Yes,No,No,Yes,Yes,No,No,0,Bachelor's,"Seeking a Data Analyst to support Technology projects. Key skills include Python, SQL, Machine Learning, PyTorch, GCP, Statistics. Hybrid role with entry level experience requirements.",550000,6
JOB10309,Ml Engineer,SAP,Mumbai,India,Mid Level,Full Time,On-site,980000,1400000,INR,2026-03-30,Technology,1000+,Yes,No,Yes,No,No,Yes,No,No,No,Yes,No,No,No,Yes,No,5,Bachelor's,"Seeking a ML Engineer to support Technology projects. Key skills include Python, Power BI, Machine Learning, AWS, NLP. On-site role with mid level experience requirements.",1190000,5
JOB11621,Machine Learning Engineer,IBM,Delhi,Germany,Lead,Contract,On-site,1240000,1670000,INR,2025-11-02,Technology,1-50,Yes,No,No,No,Yes,Yes,No,No,Yes,No,No,Yes,Yes,No,No,10,Bachelor's,"Seeking a Machine Learning Engineer to support Technology projects. Key skills include Python, Tableau, Machine Learning, PyTorch, GCP, Statistics. On-site role with lead experience requirements.",1455000,6
JOB10629,Data Analyst,Tech Mahindra,Pune,India,Mid Level,Full Time,On-site,530000,670000,INR,2025-07-07,IT Services,201-500,Yes,Yes,No,Yes,No,No,No,No,No,No,Yes,No,Yes,No,No,3,Bachelor's,"Seeking a Data Analyst to support IT Services projects. Key skills include Python, SQL, Excel, Azure, Statistics. On-site role with mid level experience requirements.",600000,5
JOB11354,Bi Analyst,Microsoft,Gurgaon,India,Mid Level,Full Time,On-site,560000,680000,INR,2025-04-17,Finance,501-1000,No,No,Yes,Yes,Yes,No,No,No,No,No,Yes,No,No,No,No,4,Master's,"Seeking a BI Analyst to support Finance projects. Key skills include Power BI, Excel, Tableau, Azure. On-site role with mid level experience requirements.",620000,4
JOB11089,Nlp Engineer,IBM,Bangalore,India,Senior,Contract,Hybrid,1060000,1350000,AUD,2026-07-24,Telecommunications,201-500,Yes,No,Yes,No,No,Yes,No,Yes,No,No,No,No,Yes,Yes,Yes,5,Bachelor's,"Seeking a NLP Engineer to support Telecommunications projects. Key skills include Python, Power BI, Machine Learning, TensorFlow, Statistics, NLP, Generative AI. Hybrid role with senior experience requirements.",1205000,7
JOB11159,Business Analyst,Siemens,Gurgaon,USA,Entry Level,Full Time,Remote,360000,520000,EUR,2025-02-26,Education,201-500,No,Yes,Yes,Yes,No,No,No,No,No,Yes,No,Yes,Yes,No,No,1,Diploma,"Seeking a Business Analyst to support Education projects. Key skills include SQL, Power BI, Excel, AWS, GCP, Statistics. Remote role with entry level experience requirements.",440000,6
JOB10482,Bi Analyst,Wipro,Gurgaon,USA,Mid Level,Full Time,On-site,530000,690000,INR,2026-02-08,Technology,201-500,No,Yes,No,No,No,No,No,No,No,Yes,Yes,No,Yes,Yes,No,4,Bachelor's,"Seeking a BI Analyst to support Technology projects. Key skills include SQL, AWS, Azure, Statistics, NLP. On-site role with mid level experience requirements.",610000,5
JOB11984,Ai Engineer,Amazon,Mumbai,India,Mid Level,Internship,On-site,950000,1270000,INR,2025-12-18,Telecommunications,1000+,Yes,No,No,No,No,Yes,No,No,Yes,No,No,No,Yes,No,Yes,2,Bachelor's,"Seeking a AI Engineer to support Telecommunications projects. Key skills include Python, Machine Learning, PyTorch, Statistics, Generative AI. On-site role with mid level experience requirements.",1110000,5
JOB10038,Data Analyst,TCS,Mumbai,Canada,Entry Level,Full Time,On-site,370000,580000,INR,2025-01-11,Finance,1-50,Yes,Yes,No,No,No,Yes,No,No,No,No,Yes,No,No,No,No,1,Bachelor's,"Seeking a Data Analyst to support Finance projects. Key skills include Python, SQL, Machine Learning, Azure. On-site role with entry level experience requirements.",475000,4
JOB11276,Data Analyst,Oracle,Gurgaon,India,Mid Level,Contract,Hybrid,480000,670000,INR,2025-06-19,Healthcare,1-50,Yes,Yes,Yes,Yes,No,Yes,No,Yes,Yes,No,Yes,No,Yes,Yes,No,5,Bachelor's,"Seeking a Data Analyst to support Healthcare projects. Key skills include Python, SQL, Power BI, Excel, Machine Learning, TensorFlow, PyTorch. Hybrid role with mid level experience requirements.",575000,10
JOB11641,Ai Engineer,Tech Mahindra,Mumbai,India,Senior,Full Time,Remote,1170000,1400000,USD,2025-03-17,E-commerce,1000+,Yes,No,No,No,No,Yes,No,No,No,No,No,No,No,No,Yes,9,Diploma,"Seeking a AI Engineer to support E-commerce projects. Key skills include Python, Machine Learning, Generative AI. Remote role with senior experience requirements.",1285000,3
JOB11391,Data Scientist,LTIMindtree,Mumbai,India,Entry Level,Contract,Hybrid,760000,940000,INR,2026-03-17,IT Services,1000+,Yes,Yes,No,No,No,No,No,No,No,No,No,No,Yes,No,No,1,Bachelor's,"Seeking a Data Scientist to support IT Services projects. Key skills include Python, SQL, Statistics. Hybrid role with entry level experience requirements.",850000,3
JOB11208,Machine Learning Engineer,Wipro,Delhi,India,Lead,Full Time,On-site,1600000,2010000,INR,2025-08-13,Technology,501-1000,Yes,Yes,No,Yes,Yes,Yes,No,Yes,Yes,Yes,No,No,No,No,No,14,Bachelor's,"Seeking a Machine Learning Engineer to support Technology projects. Key skills include Python, SQL, Excel, Tableau, Machine Learning, TensorFlow, PyTorch. On-site role with lead experience requirements.",1805000,8
JOB10549,Ai Engineer,Tech Mahindra,Pune,UK,Mid Level,Full Time,Remote,1140000,1430000,INR,2026-01-16,Technology,1-50,Yes,No,No,No,Yes,Yes,Yes,No,Yes,Yes,No,No,Yes,No,Yes,3,Master's,"Seeking a AI Engineer to support Technology projects. Key skills include Python, Tableau, Machine Learning, Deep Learning, PyTorch, AWS, Statistics. Remote role with mid level experience requirements.",1285000,8
JOB10129,Data Analyst,NVIDIA,Bangalore,India,Entry Level,Full Time,On-site,380000,550000,USD,2025-11-26,Education,501-1000,No,Yes,Yes,Yes,No,No,No,No,Yes,No,No,No,Yes,No,No,2,Master's,"Seeking a Data Analyst to support Education projects. Key skills include SQL, Power BI, Excel, PyTorch, Statistics. On-site role with entry level experience requirements.",465000,5
JOB11407,Ml Engineer,Google,Gurgaon,India,Mid Level,Full Time,Hybrid,820000,1210000,INR,2025-04-17,IT Services,1-50,Yes,No,Yes,No,Yes,Yes,No,No,No,No,No,Yes,Yes,Yes,No,2,Master's,"Seeking a ML Engineer to support IT Services projects. Key skills include Python, Power BI, Tableau, Machine Learning, GCP, Statistics, NLP. Hybrid role with mid level experience requirements.",1015000,7
JOB10601,Data Analyst,Google,Bangalore,India,Lead,Full Time,On-site,660000,800000,INR,2026-05-17,Healthcare,1000+,Yes,No,Yes,No,No,Yes,No,No,No,No,No,No,Yes,No,Yes,12,Diploma,"Seeking a Data Analyst to support Healthcare projects. Key skills include Python, Power BI, Machine Learning, Statistics, Generative AI. On-site role with lead experience requirements.",730000,5
JOB11375,Data Scientist,TCS,Gurgaon,Canada,Mid Level,Contract,On-site,740000,960000,INR,2025-05-28,Manufacturing,1000+,Yes,Yes,Yes,No,No,Yes,Yes,Yes,No,No,No,No,Yes,No,No,3,Bachelor's,"Seeking a Data Scientist to support Manufacturing projects. Key skills include Python, SQL, Power BI, Machine Learning, Deep Learning, TensorFlow, Statistics. On-site role with mid level experience requirements.",850000,7
JOB10658,Machine Learning Engineer,SAP,Bangalore,Canada,Entry Level,Contract,On-site,650000,1020000,SGD,2025-09-09,Healthcare,201-500,Yes,Yes,No,No,No,Yes,No,No,No,Yes,No,Yes,Yes,No,No,0,MBA,"Seeking a Machine Learning Engineer to support Healthcare projects. Key skills include Python, SQL, Machine Learning, AWS, GCP, Statistics. On-site role with entry level experience requirements.",835000,6
JOB10041,Data Analyst,Cognizant,Gurgaon,Germany,Mid Level,Full Time,Hybrid,600000,790000,INR,2026-08-03,Technology,51-200,Yes,Yes,No,No,No,Yes,Yes,No,No,No,No,No,Yes,No,Yes,5,Master's,"Seeking a Data Analyst to support Technology projects. Key skills include Python, SQL, Machine Learning, Deep Learning, Statistics, Generative AI. Hybrid role with mid level experience requirements.",695000,6
JOB11267,Machine Learning Engineer,Genpact,Bangalore,India,Mid Level,Full Time,On-site,1130000,1420000,INR,2025-07-08,Manufacturing,501-1000,Yes,No,Yes,Yes,Yes,Yes,Yes,Yes,No,No,No,Yes,No,No,No,3,Bachelor's,"Seeking a Machine Learning Engineer to support Manufacturing projects. Key skills include Python, Power BI, Excel, Tableau, Machine Learning, Deep Learning, TensorFlow. On-site role with mid level experience requirements.",1275000,8
JOB11778,Machine Learning Engineer,Siemens,Mumbai,India,Mid Level,Full Time,Hybrid,1140000,1470000,INR,2026-05-12,Finance,51-200,Yes,Yes,Yes,Yes,No,Yes,No,No,No,No,No,Yes,No,No,No,3,Bachelor's,"Seeking a Machine Learning Engineer to support Finance projects. Key skills include Python, SQL, Power BI, Excel, Machine Learning, GCP. Hybrid role with mid level experience requirements.",1305000,6
JOB10968,Data Scientist,Google,Pune,Canada,Entry Level,Full Time,Remote,770000,1010000,INR,2026-03-21,Technology,1000+,Yes,Yes,Yes,Yes,No,No,Yes,No,No,No,No,No,Yes,No,No,0,Bachelor's,"Seeking a Data Scientist to support Technology projects. Key skills include Python, SQL, Power BI, Excel, Deep Learning, Statistics. Remote role with entry level experience requirements.",890000,6
JOB10296,Ai Engineer,Genpact,Gurgaon,USA,Entry Level,Contract,Hybrid,840000,1070000,USD,2026-03-13,Finance,201-500,Yes,No,Yes,No,Yes,Yes,No,No,No,Yes,No,Yes,No,No,No,1,MBA,"Seeking a AI Engineer to support Finance projects. Key skills include Python, Power BI, Tableau, Machine Learning, AWS, GCP. Hybrid role with entry level experience requirements.",955000,6
JOB10448,Bi Analyst,Deloitte,Hyderabad,India,Lead,Full Time,On-site,790000,990000,INR,2025-02-22,Technology,1000+,Yes,Yes,No,Yes,No,Yes,No,No,No,No,No,No,Yes,No,No,9,Master's,"Seeking a BI Analyst to support Technology projects. Key skills include Python, SQL, Excel, Machine Learning, Statistics. On-site role with lead experience requirements.",890000,5
JOB11435,Data Analyst,Deloitte,Chennai,Germany,Senior,Full Time,On-site,590000,790000,USD,2026-06-29,Finance,1000+,No,Yes,Yes,Yes,No,No,No,No,Yes,No,Yes,No,Yes,No,No,7,Bachelor's,"Seeking a Data Analyst to support Finance projects. Key skills include SQL, Power BI, Excel, PyTorch, Azure, Statistics. On-site role with senior experience requirements.",690000,6
JOB10637,Ai Engineer,Deloitte,Delhi,India,Mid Level,Full Time,Hybrid,1140000,1430000,CAD,2025-08-15,Manufacturing,51-200,Yes,No,No,No,No,Yes,No,No,No,No,No,Yes,No,No,No,3,Bachelor's,"Seeking a AI Engineer to support Manufacturing projects. Key skills include Python, Machine Learning, GCP. Hybrid role with mid level experience requirements.",1285000,3
JOB11878,Ai Engineer,SAP,Bangalore,India,Mid Level,Contract,Hybrid,1010000,1380000,INR,2025-03-26,Technology,51-200,Yes,No,Yes,Yes,Yes,Yes,No,No,No,No,No,No,Yes,No,Yes,3,PhD,"Seeking a AI Engineer to support Technology projects. Key skills include Python, Power BI, Excel, Tableau, Machine Learning, Statistics, Generative AI. Hybrid role with mid level experience requirements.",1195000,7
JOB11690,Bi Analyst,Adobe,Hyderabad,India,Mid Level,Full Time,On-site,630000,850000,INR,2025-10-05,Consulting,1000+,No,Yes,Yes,Yes,No,No,No,No,No,Yes,Yes,No,Yes,Yes,Yes,3,Bachelor's,"Seeking a BI Analyst to support Consulting projects. Key skills include SQL, Power BI, Excel, AWS, Azure, Statistics, NLP. On-site role with mid level experience requirements.",740000,8
JOB11396,Ml Engineer,NVIDIA,Noida,USA,Entry Level,Full Time,Hybrid,760000,1050000,INR,2026-08-06,Finance,1000+,Yes,No,No,Yes,Yes,Yes,Yes,No,No,No,No,No,No,No,No,0,Diploma,"Seeking a ML Engineer to support Finance projects. Key skills include Python, Excel, Tableau, Machine Learning, Deep Learning. Hybrid role with entry level experience requirements.",905000,5
JOB11566,Machine Learning Engineer,Adobe,Pune,India,Mid Level,Contract,On-site,1030000,1360000,INR,2025-11-23,Consulting,1000+,Yes,Yes,Yes,Yes,No,Yes,No,No,No,No,No,No,No,Yes,No,2,Bachelor's,"Seeking a Machine Learning Engineer to support Consulting projects. Key skills include Python, SQL, Power BI, Excel, Machine Learning, NLP. On-site role with mid level experience requirements.",1195000,6
JOB11319,Data Analyst,Google,Delhi,India,Senior,Full Time,Remote,730000,940000,INR,2025-01-09,E-commerce,201-500,Yes,Yes,No,Yes,Yes,Yes,No,No,No,No,No,No,No,No,No,6,Bachelor's,"Seeking a Data Analyst to support E-commerce projects. Key skills include Python, SQL, Excel, Tableau, Machine Learning. Remote role with senior experience requirements.",835000,5
JOB10530,Business Analyst,Google,Ahmedabad,India,Entry Level,Full Time,On-site,530000,670000,INR,2026-07-01,Technology,201-500,No,Yes,No,Yes,No,No,No,No,No,No,No,Yes,Yes,No,Yes,1,Diploma,"Seeking a Business Analyst to support Technology projects. Key skills include SQL, Excel, GCP, Statistics, Generative AI. On-site role with entry level experience requirements.",600000,5
JOB11978,Machine Learning Engineer,Bosch,Mumbai,UK,Mid Level,Contract,Hybrid,840000,1240000,INR,2025-08-13,IT Services,1000+,Yes,Yes,Yes,Yes,No,Yes,Yes,Yes,Yes,No,No,No,Yes,No,No,4,Master's,"Seeking a Machine Learning Engineer to support IT Services projects. Key skills include Python, SQL, Power BI, Excel, Machine Learning, Deep Learning, TensorFlow. Hybrid role with mid level experience requirements.",1040000,9
JOB11043,Data Scientist,JPMorgan Chase,Remote,India,Mid Level,Full Time,Hybrid,790000,1040000,INR,2026-03-21,Consulting,51-200,Yes,Yes,No,Yes,Yes,Yes,No,No,No,No,No,No,Yes,No,No,3,PhD,"Seeking a Data Scientist to support Consulting projects. Key skills include Python, SQL, Excel, Tableau, Machine Learning, Statistics. Hybrid role with mid level experience requirements.",915000,6
JOB11036,Bi Analyst,Adobe,Gurgaon,India,Mid Level,Full Time,Remote,700000,860000,INR,2026-05-23,Technology,51-200,No,Yes,Yes,No,Yes,Yes,No,No,Yes,No,No,No,No,Yes,No,4,Master's,"Seeking a BI Analyst to support Technology projects. Key skills include SQL, Power BI, Tableau, Machine Learning, PyTorch, NLP. Remote role with mid level experience requirements.",780000,6
JOB11962,Machine Learning Engineer,Tech Mahindra,Pune,India,Mid Level,Full Time,On-site,960000,1350000,USD,2026-06-07,Finance,1000+,Yes,Yes,No,No,No,Yes,No,No,No,No,Yes,Yes,No,No,No,3,Bachelor's,"Seeking a Machine Learning Engineer to support Finance projects. Key skills include Python, SQL, Machine Learning, Azure, GCP. On-site role with mid level experience requirements.",1155000,5
JOB10839,Data Engineer,IBM,Delhi,Australia,Mid Level,Full Time,On-site,650000,970000,EUR,2025-07-12,Consulting,201-500,No,Yes,Yes,No,No,Yes,Yes,No,No,No,No,Yes,No,No,No,4,Bachelor's,"Seeking a Data Engineer to support Consulting projects. Key skills include SQL, Power BI, Machine Learning, Deep Learning, GCP. On-site role with mid level experience requirements.",810000,5
JOB10595,Business Analyst,Oracle,Pune,USA,Entry Level,Full Time,On-site,380000,530000,INR,2025-10-23,Consulting,1000+,Yes,Yes,Yes,Yes,No,No,No,No,No,No,No,No,Yes,No,Yes,1,Bachelor's,"Seeking a Business Analyst to support Consulting projects. Key skills include Python, SQL, Power BI, Excel, Statistics, Generative AI. On-site role with entry level experience requirements.",455000,6
JOB10690,Data Analyst,Genpact,Pune,Singapore,Mid Level,Full Time,Remote,450000,600000,INR,2025-10-17,Healthcare,1000+,Yes,Yes,No,Yes,Yes,No,No,No,No,No,No,No,No,No,No,2,Bachelor's,"Seeking a Data Analyst to support Healthcare projects. Key skills include Python, SQL, Excel, Tableau. Remote role with mid level experience requirements.",525000,4
JOB11597,Data Scientist,Cognizant,Delhi,India,Mid Level,Full Time,Hybrid,930000,1220000,CAD,2025-12-07,Technology,51-200,Yes,Yes,No,Yes,No,Yes,No,No,No,Yes,No,Yes,Yes,No,No,5,Bachelor's,"Seeking a Data Scientist to support Technology projects. Key skills include Python, SQL, Excel, Machine Learning, AWS, GCP, Statistics. Hybrid role with mid level experience requirements.",1075000,7
JOB10580,Data Scientist,Cisco,Bangalore,Singapore,Mid Level,Part Time,Remote,760000,1040000,INR,2026-05-28,Healthcare,1000+,Yes,Yes,Yes,Yes,Yes,No,Yes,No,No,No,No,No,No,No,No,3,Diploma,"Seeking a Data Scientist to support Healthcare projects. Key skills include Python, SQL, Power BI, Excel, Tableau, Deep Learning. Remote role with mid level experience requirements.",900000,6
JOB10729,Data Analyst,LTIMindtree,Delhi,India,Senior,Full Time,Hybrid,690000,900000,USD,2026-03-20,Technology,1-50,Yes,Yes,Yes,Yes,Yes,Yes,No,No,No,Yes,No,No,Yes,No,No,7,Master's,"Seeking a Data Analyst to support Technology projects. Key skills include Python, SQL, Power BI, Excel, Tableau, Machine Learning, AWS. Hybrid role with senior experience requirements.",795000,8
JOB10726,Ml Engineer,JPMorgan Chase,Pune,USA,Mid Level,Internship,On-site,1120000,1540000,INR,2025-12-28,Finance,1000+,Yes,No,Yes,No,Yes,Yes,No,No,No,No,No,No,Yes,No,No,5,Master's,"Seeking a ML Engineer to support Finance projects. Key skills include Python, Power BI, Tableau, Machine Learning, Statistics. On-site role with mid level experience requirements.",1330000,5
JOB10987,Bi Analyst,NVIDIA,Pune,UK,Mid Level,Contract,Hybrid,620000,860000,INR,2025-04-06,Technology,1-50,No,Yes,Yes,Yes,Yes,No,Yes,No,No,Yes,No,No,No,No,No,4,Master's,"Seeking a BI Analyst to support Technology projects. Key skills include SQL, Power BI, Excel, Tableau, Deep Learning, AWS. Hybrid role with mid level experience requirements.",740000,6
JOB11902,Data Analyst,Adobe,Bangalore,USA,Entry Level,Full Time,Remote,510000,620000,INR,2026-01-29,IT Services,51-200,Yes,Yes,Yes,Yes,No,No,No,No,No,No,Yes,No,No,No,Yes,2,Bachelor's,"Seeking a Data Analyst to support IT Services projects. Key skills include Python, SQL, Power BI, Excel, Azure, Generative AI. Remote role with entry level experience requirements.",565000,6
JOB10486,Business Analyst,Wipro,Pune,India,Senior,Part Time,Remote,610000,810000,INR,2026-01-16,Consulting,201-500,Yes,Yes,Yes,Yes,Yes,No,No,Yes,No,No,Yes,No,No,Yes,No,9,Master's,"Seeking a Business Analyst to support Consulting projects. Key skills include Python, SQL, Power BI, Excel, Tableau, TensorFlow, Azure. Remote role with senior experience requirements.",710000,8
JOB10196,Data Scientist,Capgemini,Gurgaon,Canada,Mid Level,Internship,Hybrid,1000000,1210000,INR,2026-05-09,Consulting,501-1000,Yes,No,No,No,Yes,No,No,Yes,Yes,No,No,No,Yes,No,No,2,Bachelor's,"Seeking a Data Scientist to support Consulting projects. Key skills include Python, Tableau, TensorFlow, PyTorch, Statistics. Hybrid role with mid level experience requirements.",1105000,5
JOB11979,Business Analyst,Genpact,Pune,Canada,Entry Level,Full Time,Hybrid,410000,530000,USD,2025-07-01,Technology,51-200,Yes,No,No,No,Yes,No,No,No,Yes,Yes,No,Yes,Yes,No,Yes,1,Master's,"Seeking a Business Analyst to support Technology projects. Key skills include Python, Tableau, PyTorch, AWS, GCP, Statistics, Generative AI. Hybrid role with entry level experience requirements.",470000,7
JOB11253,Data Analyst,Accenture,Noida,India,Mid Level,Full Time,On-site,510000,730000,GBP,2025-09-29,Finance,501-1000,No,Yes,No,Yes,Yes,No,No,No,No,No,No,No,Yes,No,No,4,Bachelor's,"Seeking a Data Analyst to support Finance projects. Key skills include SQL, Excel, Tableau, Statistics. On-site role with mid level experience requirements.",620000,4
JOB11446,Data Analyst,IBM,Remote,India,Mid Level,Full Time,Hybrid,510000,690000,INR,2026-05-10,Manufacturing,51-200,Yes,No,Yes,Yes,No,No,No,No,No,No,No,No,Yes,No,No,4,Bachelor's,"Seeking a Data Analyst to support Manufacturing projects. Key skills include Python, Power BI, Excel, Statistics. Hybrid role with mid level experience requirements.",600000,4
JOB11471,Ai Engineer,Genpact,Bangalore,India,Mid Level,Full Time,Hybrid,1270000,1510000,USD,2025-07-23,Consulting,1000+,Yes,Yes,Yes,Yes,No,Yes,Yes,No,No,Yes,No,No,No,No,No,2,Master's,"Seeking a AI Engineer to support Consulting projects. Key skills include Python, SQL, Power BI, Excel, Machine Learning, Deep Learning, AWS. Hybrid role with mid level experience requirements.",1390000,7
JOB11150,Business Analyst,JPMorgan Chase,Remote,India,Entry Level,Full Time,Hybrid,530000,750000,GBP,2026-05-12,Finance,51-200,No,Yes,Yes,Yes,No,No,No,Yes,No,No,No,No,Yes,No,No,0,Bachelor's,"Seeking a Business Analyst to support Finance projects. Key skills include SQL, Power BI, Excel, TensorFlow, Statistics. Hybrid role with entry level experience requirements.",640000,5
JOB10481,Data Engineer,Wipro,Pune,India,Entry Level,Full Time,Hybrid,600000,900000,INR,2025-03-04,Technology,201-500,Yes,Yes,Yes,Yes,Yes,Yes,No,No,Yes,Yes,Yes,Yes,Yes,No,No,1,Bachelor's,"Seeking a Data Engineer to support Technology projects. Key skills include Python, SQL, Power BI, Excel, Tableau, Machine Learning, PyTorch. Hybrid role with entry level experience requirements.",750000,11
JOB11461,Machine Learning Engineer,JPMorgan Chase,Chennai,Germany,Entry Level,Full Time,Hybrid,700000,1060000,INR,2025-08-03,Technology,51-200,Yes,Yes,Yes,Yes,Yes,Yes,No,No,Yes,No,No,No,Yes,Yes,No,1,Master's,"Seeking a Machine Learning Engineer to support Technology projects. Key skills include Python, SQL, Power BI, Excel, Tableau, Machine Learning, PyTorch. Hybrid role with entry level experience requirements.",880000,9
JOB10387,Data Scientist,Persistent Systems,Delhi,Singapore,Mid Level,Full Time,On-site,730000,1000000,CAD,2026-02-04,Technology,51-200,Yes,No,No,No,Yes,No,No,No,No,No,No,No,Yes,Yes,No,5,Bachelor's,"Seeking a Data Scientist to support Technology projects. Key skills include Python, Tableau, Statistics, NLP. On-site role with mid level experience requirements.",865000,4
JOB10258,Bi Analyst,Accenture,Pune,India,Entry Level,Internship,Hybrid,500000,620000,INR,2026-01-29,Technology,501-1000,Yes,Yes,Yes,No,No,No,No,No,No,Yes,No,Yes,Yes,No,No,0,Bachelor's,"Seeking a BI Analyst to support Technology projects. Key skills include Python, SQL, Power BI, AWS, GCP, Statistics. Hybrid role with entry level experience requirements.",560000,6
JOB11018,Ai Engineer,TCS,Noida,India,Mid Level,Full Time,On-site,950000,1250000,GBP,2025-06-04,Technology,1-50,Yes,No,No,No,No,Yes,Yes,No,No,No,Yes,No,Yes,No,Yes,4,Bachelor's,"Seeking a AI Engineer to support Technology projects. Key skills include Python, Machine Learning, Deep Learning, Azure, Statistics, Generative AI. On-site role with mid level experience requirements.",1100000,6
JOB11268,Machine Learning Engineer,Capgemini,Bangalore,India,Senior,Full Time,On-site,1280000,1520000,USD,2025-07-30,IT Services,1000+,Yes,Yes,Yes,Yes,No,Yes,No,No,No,Yes,No,No,No,No,No,7,Master's,"Seeking a Machine Learning Engineer to support IT Services projects. Key skills include Python, SQL, Power BI, Excel, Machine Learning, AWS. On-site role with senior experience requirements.",1400000,6
JOB11235,Data Engineer,Microsoft,Chennai,USA,Entry Level,Full Time,Hybrid,710000,1030000,INR,2025-03-18,Manufacturing,501-1000,Yes,Yes,No,Yes,Yes,Yes,No,No,No,Yes,No,No,Yes,No,No,1,Bachelor's,"Seeking a Data Engineer to support Manufacturing projects. Key skills include Python, SQL, Excel, Tableau, Machine Learning, AWS, Statistics. Hybrid role with entry level experience requirements.",870000,7
JOB11035,Data Analyst,Google,Mumbai,India,Entry Level,Internship,Hybrid,400000,500000,INR,2025-10-18,Technology,201-500,Yes,Yes,Yes,No,Yes,Yes,Yes,No,No,Yes,No,No,Yes,No,No,1,Bachelor's,"Seeking a Data Analyst to support Technology projects. Key skills include Python, SQL, Power BI, Tableau, Machine Learning, Deep Learning, AWS. Hybrid role with entry level experience requirements.",450000,8
JOB11447,Bi Analyst,Cisco,Pune,India,Senior,Full Time,Hybrid,860000,1080000,GBP,2026-01-23,Technology,201-500,Yes,Yes,Yes,Yes,No,No,No,Yes,No,Yes,No,No,No,No,No,9,Bachelor's,"Seeking a BI Analyst to support Technology projects. Key skills include Python, SQL, Power BI, Excel, TensorFlow, AWS. Hybrid role with senior experience requirements.",970000,6
JOB10818,Machine Learning Engineer,Tech Mahindra,Bangalore,India,Senior,Full Time,Hybrid,1460000,1780000,INR,2025-08-04,Finance,1000+,Yes,Yes,No,Yes,No,No,Yes,No,No,No,No,Yes,Yes,No,No,5,Bachelor's,"Seeking a Machine Learning Engineer to support Finance projects. Key skills include Python, SQL, Excel, Deep Learning, GCP, Statistics. Hybrid role with senior experience requirements.",1620000,6
JOB11157,Data Analyst,Oracle,Bangalore,India,Mid Level,Full Time,On-site,560000,750000,INR,2025-07-28,Finance,501-1000,No,Yes,No,No,No,Yes,No,No,No,No,No,No,Yes,Yes,Yes,2,Bachelor's,"Seeking a Data Analyst to support Finance projects. Key skills include SQL, Machine Learning, Statistics, NLP, Generative AI. On-site role with mid level experience requirements.",655000,5
JOB11007,Bi Analyst,Walmart Global Tech,Bangalore,UK,Mid Level,Full Time,Hybrid,620000,820000,GBP,2025-03-08,Consulting,51-200,No,Yes,No,Yes,No,No,Yes,No,No,No,No,Yes,Yes,No,No,4,Bachelor's,"Seeking a BI Analyst to support Consulting projects. Key skills include SQL, Excel, Deep Learning, GCP, Statistics. Hybrid role with mid level experience requirements.",720000,5
JOB11689,Data Engineer,Microsoft,Delhi,India,Entry Level,Full Time,On-site,570000,920000,CAD,2026-04-21,Finance,501-1000,Yes,Yes,No,Yes,No,No,No,Yes,No,Yes,Yes,No,Yes,No,Yes,2,Master's,"Seeking a Data Engineer to support Finance projects. Key skills include Python, SQL, Excel, TensorFlow, AWS, Azure, Statistics. On-site role with entry level experience requirements.",745000,8
JOB10034,Ai/Ml Intern,Persistent Systems,Pune,India,Senior,Full Time,On-site,370000,470000,INR,2026-06-20,Healthcare,1-50,Yes,Yes,Yes,No,Yes,No,No,No,No,Yes,Yes,No,Yes,No,Yes,7,Bachelor's,"Seeking a AI/ML Intern to support Healthcare projects. Key skills include Python, SQL, Power BI, Tableau, AWS, Azure, Statistics. On-site role with senior experience requirements.",420000,8
JOB10081,Business Analyst,Deloitte,Kolkata,India,Mid Level,Contract,On-site,570000,810000,INR,2025-11-13,Manufacturing,1000+,Yes,Yes,Yes,Yes,Yes,No,No,No,No,No,Yes,No,No,No,No,5,Master's,"Seeking a Business Analyst to support Manufacturing projects. Key skills include Python, SQL, Power BI, Excel, Tableau, Azure. On-site role with mid level experience requirements.",690000,6
JOB11360,Data Engineer,Wipro,Pune,India,Entry Level,Full Time,On-site,670000,1000000,INR,2025-07-23,Consulting,501-1000,No,Yes,No,No,No,Yes,No,No,No,Yes,No,No,Yes,No,No,1,Bachelor's,"Seeking a Data Engineer to support Consulting projects. Key skills include SQL, Machine Learning, AWS, Statistics. On-site role with entry level experience requirements.",835000,4
JOB11257,Data Analyst,Siemens,Delhi,India,Mid Level,Contract,Hybrid,470000,650000,EUR,2026-05-24,Consulting,51-200,Yes,Yes,Yes,Yes,Yes,No,No,No,No,Yes,No,No,Yes,No,No,4,Bachelor's,"Seeking a Data Analyst to support Consulting projects. Key skills include Python, SQL, Power BI, Excel, Tableau, AWS, Statistics. Hybrid role with mid level experience requirements.",560000,7
JOB11047,Data Scientist,Siemens,Pune,India,Senior,Full Time,On-site,1200000,1410000,INR,2026-01-22,Manufacturing,51-200,Yes,Yes,No,No,No,No,Yes,No,No,No,No,No,Yes,No,No,9,Master's,"Seeking a Data Scientist to support Manufacturing projects. Key skills include Python, SQL, Deep Learning, Statistics. On-site role with senior experience requirements.",1305000,4
JOB11191,Data Analyst,Microsoft,Remote,Singapore,Entry Level,Part Time,Remote,480000,600000,INR,2026-01-04,Technology,51-200,No,Yes,Yes,Yes,No,No,Yes,No,No,No,No,No,Yes,No,No,0,Master's,"Seeking a Data Analyst to support Technology projects. Key skills include SQL, Power BI, Excel, Deep Learning, Statistics. Remote role with entry level experience requirements.",540000,5
JOB11779,Data Scientist,Tech Mahindra,Hyderabad,Canada,Senior,Full Time,Remote,1180000,1360000,INR,2026-04-18,Manufacturing,501-1000,Yes,Yes,Yes,No,Yes,Yes,No,No,No,Yes,No,No,No,No,No,7,Bachelor's,"Seeking a Data Scientist to support Manufacturing projects. Key skills include Python, SQL, Power BI, Tableau, Machine Learning, AWS. Remote role with senior experience requirements.",1270000,6
JOB11506,Machine Learning Engineer,Cisco,Pune,India,Entry Level,Full Time,Remote,840000,1200000,INR,2026-07-01,Technology,1000+,No,Yes,Yes,Yes,No,Yes,Yes,No,Yes,No,Yes,No,No,No,No,1,Master's,"Seeking a Machine Learning Engineer to support Technology projects. Key skills include SQL, Power BI, Excel, Machine Learning, Deep Learning, PyTorch, Azure. Remote role with entry level experience requirements.",1020000,7
JOB11523,Data Scientist,Cognizant,Hyderabad,India,Mid Level,Full Time,On-site,710000,1060000,USD,2025-09-18,Technology,201-500,Yes,Yes,No,No,No,Yes,No,No,No,Yes,No,No,Yes,Yes,No,2,Bachelor's,"Seeking a Data Scientist to support Technology projects. Key skills include Python, SQL, Machine Learning, AWS, Statistics, NLP. On-site role with mid level experience requirements.",885000,6
JOB10444,Machine Learning Engineer,NVIDIA,Pune,India,Lead,Full Time,On-site,1280000,1550000,INR,2025-09-12,Technology,1000+,Yes,Yes,No,No,No,No,Yes,Yes,No,Yes,Yes,No,Yes,Yes,No,11,Bachelor's,"Seeking a Machine Learning Engineer to support Technology projects. Key skills include Python, SQL, Deep Learning, TensorFlow, AWS, Azure, Statistics. On-site role with lead experience requirements.",1415000,8
JOB10066,Ai Engineer,NVIDIA,Chennai,India,Entry Level,Part Time,On-site,900000,1200000,INR,2025-07-31,IT Services,201-500,Yes,Yes,No,Yes,No,No,No,No,No,No,No,Yes,No,No,Yes,0,Bachelor's,"Seeking a AI Engineer to support IT Services projects. Key skills include Python, SQL, Excel, GCP, Generative AI. On-site role with entry level experience requirements.",1050000,5
JOB11351,Business Analyst,Wipro,Bangalore,India,Mid Level,Full Time,Remote,580000,710000,INR,2025-10-30,IT Services,201-500,No,Yes,No,Yes,No,Yes,Yes,Yes,Yes,No,No,No,No,No,No,4,Bachelor's,"Seeking a Business Analyst to support IT Services projects. Key skills include SQL, Excel, Machine Learning, Deep Learning, TensorFlow, PyTorch. Remote role with mid level experience requirements.",645000,6
JOB11277,Data Scientist,Tech Mahindra,Gurgaon,India,Mid Level,Full Time,Hybrid,910000,1130000,EUR,2025-05-26,Finance,501-1000,Yes,Yes,Yes,No,No,No,Yes,No,No,No,Yes,No,Yes,No,No,5,MBA,"Seeking a Data Scientist to support Finance projects. Key skills include Python, SQL, Power BI, Deep Learning, Azure, Statistics. Hybrid role with mid level experience requirements.",1020000,6
JOB10548,Data Engineer,Wipro,Mumbai,India,Mid Level,Full Time,On-site,710000,960000,GBP,2026-02-25,Technology,51-200,Yes,Yes,No,No,No,No,No,No,No,No,Yes,No,No,No,No,3,Bachelor's,"Seeking a Data Engineer to support Technology projects. Key skills include Python, SQL, Azure. On-site role with mid level experience requirements.",835000,3
JOB11629,Data Analyst,SAP,Bangalore,India,Mid Level,Full Time,Remote,490000,610000,GBP,2025-02-06,Technology,201-500,Yes,No,Yes,Yes,No,No,No,Yes,No,Yes,No,No,No,No,Yes,4,Bachelor's,"Seeking a Data Analyst to support Technology projects. Key skills include Python, Power BI, Excel, TensorFlow, AWS, Generative AI. Remote role with mid level experience requirements.",550000,6
JOB10059,Data Analyst,NVIDIA,Delhi,India,Entry Level,Full Time,Remote,400000,580000,INR,2026-01-09,Technology,1-50,Yes,No,Yes,Yes,Yes,No,No,No,No,No,No,No,Yes,No,No,1,Master's,"Seeking a Data Analyst to support Technology projects. Key skills include Python, Power BI, Excel, Tableau, Statistics. Remote role with entry level experience requirements.",490000,5
JOB11806,Ml Engineer,JPMorgan Chase,Hyderabad,India,Senior,Full Time,Hybrid,1250000,1650000,INR,2025-04-15,IT Services,201-500,Yes,Yes,No,No,No,Yes,No,No,No,No,Yes,No,No,No,No,6,Bachelor's,"Seeking a ML Engineer to support IT Services projects. Key skills include Python, SQL, Machine Learning, Azure. Hybrid role with senior experience requirements.",1450000,4
JOB11946,Ai Engineer,JPMorgan Chase,Chennai,India,Senior,Full Time,Hybrid,1230000,1610000,AUD,2025-09-19,Technology,1000+,No,Yes,No,Yes,Yes,Yes,No,No,No,Yes,No,Yes,No,No,Yes,10,Bachelor's,"Seeking a AI Engineer to support Technology projects. Key skills include SQL, Excel, Tableau, Machine Learning, AWS, GCP, Generative AI. Hybrid role with senior experience requirements.",1420000,7
JOB11552,Data Engineer,Genpact,Pune,Singapore,Entry Level,Full Time,Hybrid,580000,780000,INR,2026-04-09,IT Services,51-200,Yes,No,No,No,No,No,No,No,No,No,Yes,No,Yes,No,No,1,MBA,"Seeking a Data Engineer to support IT Services projects. Key skills include Python, Azure, Statistics. Hybrid role with entry level experience requirements.",680000,3
JOB10089,Business Analyst,Google,Noida,India,Senior,Full Time,Hybrid,790000,1030000,INR,2025-03-09,IT Services,1000+,No,Yes,No,No,No,No,No,No,No,Yes,No,No,No,No,No,8,Bachelor's,"Seeking a Business Analyst to support IT Services projects. Key skills include SQL, AWS. Hybrid role with senior experience requirements.",910000,2
JOB10566,Data Engineer,Google,Bangalore,India,Mid Level,Full Time,Hybrid,950000,1200000,INR,2025-07-09,Consulting,501-1000,Yes,Yes,No,Yes,No,Yes,No,No,No,No,Yes,No,No,No,Yes,3,Bachelor's,"Seeking a Data Engineer to support Consulting projects. Key skills include Python, SQL, Excel, Machine Learning, Azure, Generative AI. Hybrid role with mid level experience requirements.",1075000,6
JOB11861,Ml Engineer,Microsoft,Bangalore,India,Mid Level,Full Time,Hybrid,980000,1340000,INR,2026-07-25,Telecommunications,501-1000,Yes,No,No,No,No,No,Yes,No,Yes,No,No,No,Yes,No,No,4,Bachelor's,"Seeking a ML Engineer to support Telecommunications projects. Key skills include Python, Deep Learning, PyTorch, Statistics. Hybrid role with mid level experience requirements.",1160000,4
JOB11309,Data Scientist,Amazon,Ahmedabad,Canada,Entry Level,Full Time,Remote,780000,1070000,GBP,2025-07-15,Finance,1000+,Yes,No,Yes,No,No,Yes,No,No,No,No,No,No,No,No,No,1,Bachelor's,"Seeking a Data Scientist to support Finance projects. Key skills include Python, Power BI, Machine Learning. Remote role with entry level experience requirements.",925000,3
JOB11080,Ai/Ml Intern,Tech Mahindra,Delhi,India,Entry Level,Full Time,Remote,250000,360000,INR,2026-03-15,Finance,1000+,Yes,Yes,No,No,No,No,Yes,No,No,No,Yes,No,Yes,No,Yes,2,MBA,"Seeking a AI/ML Intern to support Finance projects. Key skills include Python, SQL, Deep Learning, Azure, Statistics, Generative AI. Remote role with entry level experience requirements.",305000,6
JOB10255,Data Analyst,Adobe,Remote,India,Mid Level,Contract,On-site,620000,790000,INR,2025-11-30,Consulting,1000+,No,Yes,No,Yes,No,No,No,Yes,No,No,No,No,Yes,No,No,3,Master's,"Seeking a Data Analyst to support Consulting projects. Key skills include SQL, Excel, TensorFlow, Statistics. On-site role with mid level experience requirements.",705000,4
JOB11114,Ai Engineer,JPMorgan Chase,Delhi,India,Mid Level,Full Time,On-site,930000,1220000,INR,2025-12-24,Consulting,51-200,Yes,No,No,Yes,No,Yes,Yes,No,No,Yes,Yes,No,Yes,No,No,2,Master's,"Seeking a AI Engineer to support Consulting projects. Key skills include Python, Excel, Machine Learning, Deep Learning, AWS, Azure, Statistics. On-site role with mid level experience requirements.",1075000,7
JOB11707,Data Engineer,JPMorgan Chase,Bangalore,USA,Mid Level,Full Time,On-site,840000,1180000,INR,2025-07-11,E-commerce,1-50,No,Yes,Yes,Yes,Yes,No,No,No,No,Yes,Yes,No,Yes,No,Yes,3,Bachelor's,"Seeking a Data Engineer to support E-commerce projects. Key skills include SQL, Power BI, Excel, Tableau, AWS, Azure, Statistics. On-site role with mid level experience requirements.",1010000,8
JOB11708,Data Analyst,IBM,Bangalore,India,Mid Level,Full Time,Hybrid,600000,710000,INR,2025-10-05,E-commerce,1000+,Yes,Yes,No,No,No,Yes,No,No,Yes,Yes,Yes,No,Yes,No,No,2,Bachelor's,"Seeking a Data Analyst to support E-commerce projects. Key skills include Python, SQL, Machine Learning, PyTorch, AWS, Azure, Statistics. Hybrid role with mid level experience requirements.",655000,7
JOB10018,Ai Engineer,Bosch,Hyderabad,USA,Senior,Full Time,Hybrid,1090000,1380000,USD,2025-01-12,Technology,1000+,No,Yes,No,Yes,Yes,Yes,No,No,No,No,No,Yes,Yes,No,Yes,5,Bachelor's,"Seeking a AI Engineer to support Technology projects. Key skills include SQL, Excel, Tableau, Machine Learning, GCP, Statistics, Generative AI. Hybrid role with senior experience requirements.",1235000,7
JOB10961,Data Analyst,NVIDIA,Pune,India,Senior,Contract,On-site,730000,860000,GBP,2025-08-21,Technology,1000+,No,Yes,No,No,No,No,No,Yes,No,Yes,No,No,Yes,No,No,8,Master's,"Seeking a Data Analyst to support Technology projects. Key skills include SQL, TensorFlow, AWS, Statistics. On-site role with senior experience requirements.",795000,4
JOB10996,Data Analyst,Oracle,Bangalore,India,Mid Level,Full Time,On-site,480000,650000,INR,2025-05-17,Technology,501-1000,No,No,Yes,Yes,No,No,No,Yes,No,Yes,No,No,Yes,No,No,3,Bachelor's,"Seeking a Data Analyst to support Technology projects. Key skills include Power BI, Excel, TensorFlow, AWS, Statistics. On-site role with mid level experience requirements.",565000,5
JOB11817,Data Scientist,HCLTech,Delhi,India,Entry Level,Full Time,Hybrid,780000,1050000,INR,2026-06-20,Healthcare,501-1000,Yes,Yes,No,Yes,No,Yes,Yes,Yes,No,No,No,No,No,Yes,No,2,Master's,"Seeking a Data Scientist to support Healthcare projects. Key skills include Python, SQL, Excel, Machine Learning, Deep Learning, TensorFlow, NLP. Hybrid role with entry level experience requirements.",915000,7
JOB11289,Data Analyst,JPMorgan Chase,Chennai,India,Entry Level,Full Time,Hybrid,480000,640000,INR,2025-05-18,E-commerce,1-50,No,Yes,No,No,Yes,Yes,No,No,No,Yes,No,No,Yes,No,No,0,Master's,"Seeking a Data Analyst to support E-commerce projects. Key skills include SQL, Tableau, Machine Learning, AWS, Statistics. Hybrid role with entry level experience requirements.",560000,5
JOB10100,Data Analyst,JPMorgan Chase,Delhi,India,Mid Level,Full Time,On-site,520000,680000,USD,2025-12-24,Technology,501-1000,Yes,Yes,Yes,No,Yes,No,No,Yes,No,No,Yes,No,Yes,No,No,4,Bachelor's,"Seeking a Data Analyst to support Technology projects. Key skills include Python, SQL, Power BI, Tableau, TensorFlow, Azure, Statistics. On-site role with mid level experience requirements.",600000,7
JOB11913,Nlp Engineer,Cisco,Chennai,India,Senior,Full Time,Hybrid,1270000,1600000,INR,2025-01-10,Technology,51-200,Yes,Yes,No,No,No,No,Yes,No,Yes,No,No,No,No,No,No,6,PhD,"Seeking a NLP Engineer to support Technology projects. Key skills include Python, SQL, Deep Learning, PyTorch. Hybrid role with senior experience requirements.",1435000,4
JOB10364,Ai Engineer,Wipro,Mumbai,India,Entry Level,Full Time,On-site,890000,1360000,INR,2025-10-19,Consulting,1-50,Yes,Yes,No,Yes,Yes,Yes,Yes,No,No,No,No,No,Yes,No,Yes,1,Bachelor's,"Seeking a AI Engineer to support Consulting projects. Key skills include Python, SQL, Excel, Tableau, Machine Learning, Deep Learning, Statistics. On-site role with entry level experience requirements.",1125000,8
JOB11832,Data Engineer,Bosch,Pune,India,Senior,Full Time,Hybrid,920000,1260000,INR,2025-10-10,Finance,201-500,Yes,Yes,No,No,No,No,No,Yes,Yes,Yes,No,No,Yes,Yes,No,5,Bachelor's,"Seeking a Data Engineer to support Finance projects. Key skills include Python, SQL, TensorFlow, PyTorch, AWS, Statistics, NLP. Hybrid role with senior experience requirements.",1090000,7
JOB10820,Data Scientist,Adobe,Pune,USA,Mid Level,Full Time,On-site,810000,1040000,USD,2025-04-29,IT Services,501-1000,Yes,Yes,No,No,No,Yes,Yes,No,Yes,Yes,No,No,Yes,No,No,4,Bachelor's,"Seeking a Data Scientist to support IT Services projects. Key skills include Python, SQL, Machine Learning, Deep Learning, PyTorch, AWS, Statistics. On-site role with mid level experience requirements.",925000,7
JOB10037,Data Scientist,ADOBE,Pune,Canada,Senior,Full Time,Hybrid,1050000,1410000,CAD,2025-12-31,Telecommunications,1000+,Yes,No,Yes,No,Yes,No,No,No,No,No,Yes,No,Yes,Yes,No,7,Bachelor's,"Seeking a Data Scientist to support Telecommunications projects. Key skills include Python, Power BI, Tableau, Azure, Statistics, NLP. Hybrid role with senior experience requirements.",1230000,6
JOB10097,Ai Engineer,Adobe,Hyderabad,USA,Entry Level,Full Time,On-site,740000,1050000,USD,2025-09-20,Consulting,1-50,Yes,Yes,Yes,Yes,No,Yes,Yes,Yes,No,Yes,No,No,Yes,No,Yes,0,Master's,"Seeking a AI Engineer to support Consulting projects. Key skills include Python, SQL, Power BI, Excel, Machine Learning, Deep Learning, TensorFlow. On-site role with entry level experience requirements.",895000,10
JOB10095,Ml Engineer,Google,Pune,India,Mid Level,Full Time,On-site,1080000,1430000,SGD,2025-10-06,Technology,1000+,Yes,No,No,Yes,No,Yes,Yes,Yes,No,No,Yes,No,Yes,No,No,5,Master's,"Seeking a ML Engineer to support Technology projects. Key skills include Python, Excel, Machine Learning, Deep Learning, TensorFlow, Azure, Statistics. On-site role with mid level experience requirements.",1255000,7
JOB10940,Ai Engineer,Bosch,Delhi,India,Senior,Full Time,Hybrid,1340000,1680000,INR,2025-12-16,Telecommunications,51-200,Yes,Yes,Yes,No,No,Yes,No,No,Yes,Yes,No,No,Yes,No,No,9,Bachelor's,"Seeking a AI Engineer to support Telecommunications projects. Key skills include Python, SQL, Power BI, Machine Learning, PyTorch, AWS, Statistics. Hybrid role with senior experience requirements.",1510000,7
JOB10857,Data Analyst,Google,Hyderabad,India,Senior,Full Time,Hybrid,660000,830000,INR,2026-02-08,Healthcare,1000+,Yes,Yes,Yes,Yes,Yes,No,No,No,No,No,No,Yes,No,No,Yes,10,Bachelor's,"Seeking a Data Analyst to support Healthcare projects. Key skills include Python, SQL, Power BI, Excel, Tableau, GCP, Generative AI. Hybrid role with senior experience requirements.",745000,7
JOB10135,Ai/Ml Intern,Tech Mahindra,Noida,Singapore,Mid Level,Full Time,On-site,320000,400000,INR,2026-01-17,Healthcare,1000+,Yes,No,No,Yes,No,No,No,No,No,No,No,No,Yes,No,Yes,2,Bachelor's,"Seeking a AI/ML Intern to support Healthcare projects. Key skills include Python, Excel, Statistics, Generative AI. On-site role with mid level experience requirements.",360000,4
JOB10755,Data Analyst,Persistent Systems,Pune,Canada,Senior,Internship,Hybrid,660000,770000,INR,2025-11-23,Healthcare,1000+,Yes,Yes,Yes,No,No,No,Yes,No,Yes,Yes,Yes,No,Yes,Yes,Yes,7,Bachelor's,"Seeking a Data Analyst to support Healthcare projects. Key skills include Python, SQL, Power BI, Deep Learning, PyTorch, AWS, Azure. Hybrid role with senior experience requirements.",715000,10
JOB11638,Data Analyst,Wipro,Delhi,India,Lead,Full Time,Remote,840000,970000,INR,2025-11-22,Technology,1-50,No,Yes,Yes,Yes,No,No,No,No,No,No,No,No,Yes,No,No,12,Bachelor's,"Seeking a Data Analyst to support Technology projects. Key skills include SQL, Power BI, Excel, Statistics. Remote role with lead experience requirements.",905000,4
JOB10847,Data Analyst,Infosys,Bangalore,India,Entry Level,Full Time,Hybrid,410000,610000,INR,2025-06-16,Education,201-500,Yes,Yes,No,Yes,No,Yes,No,No,No,No,No,No,No,No,Yes,0,Master's,"Seeking a Data Analyst to support Education projects. Key skills include Python, SQL, Excel, Machine Learning, Generative AI. Hybrid role with entry level experience requirements.",510000,5
JOB11863,Data Analyst,Cognizant,Remote,India,Senior,Full Time,Hybrid,650000,840000,INR,2025-04-30,Consulting,1000+,Yes,Yes,Yes,Yes,Yes,Yes,No,No,Yes,No,No,No,Yes,No,Yes,8,Bachelor's,"Seeking a Data Analyst to support Consulting projects. Key skills include Python, SQL, Power BI, Excel, Tableau, Machine Learning, PyTorch. Hybrid role with senior experience requirements.",745000,9
JOB10650,Ai Engineer,HCLTech,Pune,Singapore,Senior,Contract,On-site,1070000,1320000,INR,2026-03-22,Technology,1000+,Yes,Yes,No,Yes,No,Yes,No,No,No,No,Yes,Yes,Yes,No,No,5,Diploma,"Seeking a AI Engineer to support Technology projects. Key skills include Python, SQL, Excel, Machine Learning, Azure, GCP, Statistics. On-site role with senior experience requirements.",1195000,7
JOB11066,Bi Analyst,IBM,Kolkata,India,Mid Level,Full Time,Hybrid,650000,800000,INR,2026-02-20,Education,201-500,Yes,Yes,Yes,No,No,No,No,No,No,No,No,No,No,No,No,5,Bachelor's,"Seeking a BI Analyst to support Education projects. Key skills include Python, SQL, Power BI. Hybrid role with mid level experience requirements.",725000,3
JOB11988,Ai Engineer,Walmart Global Tech,Kolkata,India,Entry Level,Full Time,On-site,780000,990000,AUD,2025-10-21,Healthcare,1000+,Yes,Yes,Yes,Yes,Yes,No,Yes,No,No,No,Yes,No,No,No,Yes,1,Bachelor's,"Seeking a AI Engineer to support Healthcare projects. Key skills include Python, SQL, Power BI, Excel, Tableau, Deep Learning, Azure. On-site role with entry level experience requirements.",885000,8
JOB11721,Data Analyst,Microsoft,Pune,India,Mid Level,Contract,On-site,620000,830000,USD,2026-06-25,Technology,501-1000,Yes,Yes,No,No,No,No,No,No,No,No,Yes,No,No,Yes,No,5,MBA,"Seeking a Data Analyst to support Technology projects. Key skills include Python, SQL, Azure, NLP. On-site role with mid level experience requirements.",725000,4
JOB10499,Nlp Engineer,Capgemini,Delhi,India,Mid Level,Full Time,On-site,900000,1280000,CAD,2025-10-07,Finance,201-500,Yes,Yes,Yes,No,No,No,No,No,No,No,No,No,No,No,No,5,Master's,"Seeking a NLP Engineer to support Finance projects. Key skills include Python, SQL, Power BI. On-site role with mid level experience requirements.",1090000,3
JOB11869,Data Analyst,Persistent Systems,Delhi,Singapore,Mid Level,Full Time,Remote,500000,660000,USD,2025-09-14,E-commerce,1000+,Yes,Yes,No,Yes,Yes,Yes,No,No,No,Yes,No,No,Yes,No,No,5,Diploma,"Seeking a Data Analyst to support E-commerce projects. Key skills include Python, SQL, Excel, Tableau, Machine Learning, AWS, Statistics. Remote role with mid level experience requirements.",580000,7
JOB10765,Data Analyst,Cognizant,Remote,India,Entry Level,Contract,On-site,490000,700000,INR,2025-04-16,IT Services,201-500,No,Yes,Yes,Yes,No,Yes,No,No,No,No,No,No,No,No,No,2,Bachelor's,"Seeking a Data Analyst to support IT Services projects. Key skills include SQL, Power BI, Excel, Machine Learning. On-site role with entry level experience requirements.",595000,4
JOB10295,Data Analyst,Cognizant,Delhi,India,Senior,Full Time,On-site,650000,800000,INR,2026-04-01,Technology,501-1000,Yes,No,No,No,Yes,No,No,No,No,No,Yes,No,Yes,No,No,9,Master's,"Seeking a Data Analyst to support Technology projects. Key skills include Python, Tableau, Azure, Statistics. On-site role with senior experience requirements.",725000,4
JOB11745,Machine Learning Engineer,Bosch,Bangalore,India,Entry Level,Full Time,Remote,660000,890000,INR,2026-06-17,Finance,201-500,Yes,Yes,No,No,Yes,Yes,No,No,No,No,Yes,No,No,No,No,0,Bachelor's,"Seeking a Machine Learning Engineer to support Finance projects. Key skills include Python, SQL, Tableau, Machine Learning, Azure. Remote role with entry level experience requirements.",775000,5
JOB10224,Machine Learning Engineer,Deloitte,Hyderabad,India,Entry Level,Full Time,Hybrid,750000,1030000,INR,2025-06-02,IT Services,1000+,Yes,No,Yes,No,No,Yes,No,No,No,No,No,No,Yes,No,No,2,Bachelor's,"Seeking a Machine Learning Engineer to support IT Services projects. Key skills include Python, Power BI, Machine Learning, Statistics. Hybrid role with entry level experience requirements.",890000,4
JOB11801,Ai/Ml Intern,Capgemini,Mumbai,India,Mid Level,Full Time,On-site,280000,360000,INR,2025-03-20,Healthcare,501-1000,Yes,No,No,No,No,No,No,No,No,No,No,Yes,Yes,No,No,5,Bachelor's,"Seeking a AI/ML Intern to support Healthcare projects. Key skills include Python, GCP, Statistics. On-site role with mid level experience requirements.",320000,3
JOB10667,Data Scientist,Tech Mahindra,Bangalore,India,Mid Level,Contract,On-site,980000,1310000,INR,2026-05-23,IT Services,51-200,Yes,Yes,Yes,No,Yes,Yes,No,No,No,Yes,No,Yes,Yes,Yes,No,2,Diploma,"Seeking a Data Scientist to support IT Services projects. Key skills include Python, SQL, Power BI, Tableau, Machine Learning, AWS, GCP. On-site role with mid level experience requirements.",1145000,9
JOB11377,Machine Learning Engineer,Accenture,Kolkata,India,Senior,Part Time,Hybrid,1120000,1380000,INR,2025-03-31,Consulting,51-200,Yes,Yes,No,Yes,Yes,Yes,No,Yes,Yes,No,Yes,No,No,No,Yes,9,Bachelor's,"Seeking a Machine Learning Engineer to support Consulting projects. Key skills include Python, SQL, Excel, Tableau, Machine Learning, TensorFlow, PyTorch. Hybrid role with senior experience requirements.",1250000,9
JOB10969,Ai Engineer,Cognizant,Gurgaon,Germany,Senior,Full Time,On-site,1440000,1720000,INR,2025-12-06,Consulting,501-1000,Yes,Yes,Yes,Yes,No,Yes,No,No,No,No,No,No,Yes,No,No,9,Master's,"Seeking a AI Engineer to support Consulting projects. Key skills include Python, SQL, Power BI, Excel, Machine Learning, Statistics. On-site role with senior experience requirements.",1580000,6
JOB10401,Data Analyst,Infosys,Chennai,India,Senior,Full Time,On-site,790000,930000,INR,2025-05-10,Technology,51-200,Yes,Yes,Yes,Yes,Yes,No,No,No,No,Yes,No,No,Yes,No,No,6,Master's,"Seeking a Data Analyst to support Technology projects. Key skills include Python, SQL, Power BI, Excel, Tableau, AWS, Statistics. On-site role with senior experience requirements.",860000,7
JOB11813,Data Scientist,Capgemini,Hyderabad,India,Mid Level,Full Time,On-site,780000,1110000,INR,2025-07-12,Technology,501-1000,Yes,Yes,Yes,No,Yes,Yes,No,No,No,No,No,No,Yes,No,No,3,PhD,"Seeking a Data Scientist to support Technology projects. Key skills include Python, SQL, Power BI, Tableau, Machine Learning, Statistics. On-site role with mid level experience requirements.",945000,6
JOB11662,Ai Engineer,Bosch,Mumbai,India,Mid Level,Full Time,On-site,1200000,1450000,INR,2026-07-04,IT Services,1-50,Yes,Yes,No,No,No,Yes,No,No,No,Yes,No,No,Yes,No,Yes,2,Master's,"Seeking a AI Engineer to support IT Services projects. Key skills include Python, SQL, Machine Learning, AWS, Statistics, Generative AI. On-site role with mid level experience requirements.",1325000,6
JOB11591,Bi Analyst,HCLTech,Bangalore,Singapore,Senior,Full Time,Hybrid,880000,1100000,INR,2025-09-02,Technology,201-500,No,Yes,No,Yes,No,No,No,No,No,No,No,No,No,No,No,9,Bachelor's,"Seeking a BI Analyst to support Technology projects. Key skills include SQL, Excel. Hybrid role with senior experience requirements.",990000,2
JOB11596,Ai Engineer,Genpact,Bangalore,India,Mid Level,Full Time,On-site,1230000,1570000,CAD,2025-06-12,IT Services,201-500,Yes,Yes,Yes,No,No,Yes,Yes,No,No,No,No,No,Yes,No,No,4,Master's,"Seeking a AI Engineer to support IT Services projects. Key skills include Python, SQL, Power BI, Machine Learning, Deep Learning, Statistics. On-site role with mid level experience requirements.",1400000,6
JOB10513,Ai/Ml Intern,Adobe,Noida,India,Lead,Full Time,Hybrid,300000,380000,INR,2026-02-01,IT Services,1000+,Yes,No,No,Yes,No,Yes,Yes,No,No,Yes,Yes,No,No,No,No,10,Bachelor's,"Seeking a AI/ML Intern to support IT Services projects. Key skills include Python, Excel, Machine Learning, Deep Learning, AWS, Azure. Hybrid role with lead experience requirements.",340000,6
JOB10617,Data Analyst,Google,Delhi,UK,Mid Level,Full Time,Hybrid,590000,720000,INR,2025-07-06,Technology,501-1000,Yes,Yes,Yes,Yes,No,No,No,No,No,No,No,No,Yes,Yes,No,4,Master's,"Seeking a Data Analyst to support Technology projects. Key skills include Python, SQL, Power BI, Excel, Statistics, NLP. Hybrid role with mid level experience requirements.",655000,6
JOB10616,Ai/Ml Intern,TCS,Gurgaon,Germany,Mid Level,Contract,On-site,270000,360000,USD,2025-03-03,Technology,201-500,Yes,Yes,No,Yes,Yes,Yes,No,No,No,Yes,No,No,Yes,No,No,2,Bachelor's,"Seeking a AI/ML Intern to support Technology projects. Key skills include Python, SQL, Excel, Tableau, Machine Learning, AWS, Statistics. On-site role with mid level experience requirements.",315000,7
JOB10686,Ai Engineer,IBM,Pune,India,Senior,Full Time,Remote,1190000,1520000,CAD,2025-05-12,IT Services,501-1000,Yes,Yes,No,Yes,No,No,No,No,No,Yes,Yes,No,Yes,No,No,8,PhD,"Seeking a AI Engineer to support IT Services projects. Key skills include Python, SQL, Excel, AWS, Azure, Statistics. Remote role with senior experience requirements.",1355000,6
JOB10933,Nlp Engineer,Infosys,Bangalore,India,Mid Level,Full Time,On-site,840000,1050000,CAD,2026-01-21,Consulting,1000+,Yes,No,Yes,No,No,No,No,Yes,No,No,Yes,No,No,Yes,Yes,2,Bachelor's,"Seeking a NLP Engineer to support Consulting projects. Key skills include Python, Power BI, TensorFlow, Azure, NLP, Generative AI. On-site role with mid level experience requirements.",945000,6
JOB10680,Business Analyst,Cisco,Noida,India,Entry Level,Full Time,On-site,490000,630000,SGD,2025-04-04,Consulting,51-200,Yes,Yes,No,Yes,Yes,Yes,No,No,No,No,No,No,Yes,Yes,Yes,2,Bachelor's,"Seeking a Business Analyst to support Consulting projects. Key skills include Python, SQL, Excel, Tableau, Machine Learning, Statistics, NLP. On-site role with entry level experience requirements.",560000,8
JOB10782,Ai Engineer,Walmart Global Tech,Delhi,India,Mid Level,Full Time,Hybrid,1050000,1290000,INR,2025-01-29,Healthcare,1000+,Yes,Yes,Yes,No,No,Yes,Yes,No,No,No,No,No,Yes,Yes,Yes,2,Master's,"Seeking a AI Engineer to support Healthcare projects. Key skills include Python, SQL, Power BI, Machine Learning, Deep Learning, Statistics, NLP. Hybrid role with mid level experience requirements.",1170000,8
JOB11524,Data Analyst,Adobe,Pune,India,Mid Level,Full Time,Remote,570000,770000,USD,2026-01-18,Consulting,51-200,Yes,Yes,Yes,No,Yes,Yes,No,No,No,Yes,No,No,Yes,No,No,4,Master's,"Seeking a Data Analyst to support Consulting projects. Key skills include Python, SQL, Power BI, Tableau, Machine Learning, AWS, Statistics. Remote role with mid level experience requirements.",670000,7
JOB11126,Ai Engineer,Siemens,Bangalore,India,Mid Level,Full Time,On-site,1120000,1530000,INR,2025-12-19,Technology,1000+,Yes,Yes,No,Yes,No,Yes,No,No,No,No,No,No,No,No,Yes,5,Bachelor's,"Seeking a AI Engineer to support Technology projects. Key skills include Python, SQL, Excel, Machine Learning, Generative AI. On-site role with mid level experience requirements.",1325000,5
JOB10024,Machine Learning Engineer,Walmart Global Tech,Bangalore,India,Lead,Internship,On-site,1690000,2000000,INR,2025-05-21,Technology,1000+,No,Yes,Yes,Yes,No,Yes,Yes,No,Yes,Yes,No,No,Yes,No,No,10,Master's,"Seeking a Machine Learning Engineer to support Technology projects. Key skills include SQL, Power BI, Excel, Machine Learning, Deep Learning, PyTorch, AWS. On-site role with lead experience requirements.",1845000,8
JOB11078,Data Engineer,Cisco,Gurgaon,India,Mid Level,Full Time,On-site,910000,1200000,INR,2025-05-01,IT Services,51-200,Yes,Yes,No,Yes,No,Yes,No,No,Yes,Yes,No,No,Yes,No,No,3,Bachelor's,"Seeking a Data Engineer to support IT Services projects. Key skills include Python, SQL, Excel, Machine Learning, PyTorch, AWS, Statistics. On-site role with mid level experience requirements.",1055000,7
JOB10200,Ml Engineer,Microsoft,Chennai,India,Entry Level,Full Time,On-site,630000,840000,AUD,2025-03-07,Healthcare,1000+,Yes,No,No,No,No,Yes,No,Yes,No,No,Yes,No,No,No,No,1,Bachelor's,"Seeking a ML Engineer to support Healthcare projects. Key skills include Python, Machine Learning, TensorFlow, Azure. On-site role with entry level experience requirements.",735000,4
JOB10306,Nlp Engineer,Siemens,Mumbai,Australia,Senior,Full Time,Remote,1070000,1280000,INR,2025-09-08,Finance,1000+,Yes,No,No,No,No,No,Yes,No,Yes,Yes,Yes,No,Yes,No,No,5,Bachelor's,"Seeking a NLP Engineer to support Finance projects. Key skills include Python, Deep Learning, PyTorch, AWS, Azure, Statistics. Remote role with senior experience requirements.",1175000,6
JOB10246,Ai/Ml Intern,Persistent Systems,Pune,USA,Entry Level,Full Time,On-site,210000,330000,INR,2025-05-20,Telecommunications,201-500,Yes,Yes,No,Yes,No,No,Yes,No,No,Yes,No,No,Yes,No,No,2,Bachelor's,"Seeking a AI/ML Intern to support Telecommunications projects. Key skills include Python, SQL, Excel, Deep Learning, AWS, Statistics. On-site role with entry level experience requirements.",270000,6
JOB11264,Machine Learning Engineer,Cognizant,Delhi,India,Mid Level,Full Time,Hybrid,1160000,1490000,INR,2025-11-30,Technology,1000+,Yes,Yes,No,Yes,No,Yes,Yes,No,Yes,Yes,No,Yes,Yes,No,No,4,Bachelor's,"Seeking a Machine Learning Engineer to support Technology projects. Key skills include Python, SQL, Excel, Machine Learning, Deep Learning, PyTorch, AWS. Hybrid role with mid level experience requirements.",1325000,9
JOB11481,Ml Engineer,JPMorgan Chase,Gurgaon,India,Entry Level,Full Time,On-site,870000,1290000,INR,2025-03-25,Finance,51-200,Yes,Yes,No,Yes,Yes,Yes,Yes,No,No,No,No,No,Yes,No,Yes,1,Bachelor's,"Seeking a ML Engineer to support Finance projects. Key skills include Python, SQL, Excel, Tableau, Machine Learning, Deep Learning, Statistics. On-site role with entry level experience requirements.",1080000,8
JOB10468,Business Analyst,SAP,Delhi,India,Entry Level,Full Time,On-site,510000,650000,INR,2025-11-08,Manufacturing,201-500,Yes,Yes,Yes,Yes,No,Yes,No,No,No,No,No,No,No,No,Yes,1,Bachelor's,"Seeking a Business Analyst to support Manufacturing projects. Key skills include Python, SQL, Power BI, Excel, Machine Learning, Generative AI. On-site role with entry level experience requirements.",580000,6
JOB10656,Data Analyst,ORACLE,Gurgaon,India,Senior,Part Time,On-site,680000,900000,INR,2026-03-15,Technology,1000+,No,Yes,Yes,Yes,No,No,No,No,No,Yes,No,No,No,Yes,No,9,Bachelor's,"Seeking a Data Analyst to support Technology projects. Key skills include SQL, Power BI, Excel, AWS, NLP. On-site role with senior experience requirements.",790000,5
JOB10021,Data Engineer,HCLTech,Pune,India,Entry Level,Full Time,Hybrid,640000,840000,GBP,2026-03-07,Finance,1000+,Yes,Yes,Yes,No,No,No,No,No,No,Yes,No,No,No,No,No,0,Bachelor's,"Seeking a Data Engineer to support Finance projects. Key skills include Python, SQL, Power BI, AWS. Hybrid role with entry level experience requirements.",740000,4
JOB10378,Data Analyst,Cognizant,Remote,India,Mid Level,Full Time,Remote,520000,710000,INR,2025-08-27,E-commerce,51-200,No,Yes,No,Yes,No,No,No,No,Yes,Yes,No,Yes,No,No,Yes,5,Diploma,"Seeking a Data Analyst to support E-commerce projects. Key skills include SQL, Excel, PyTorch, AWS, GCP, Generative AI. Remote role with mid level experience requirements.",615000,6
JOB10028,Ai Engineer,TCS,Noida,India,Mid Level,Full Time,On-site,970000,1300000,GBP,2025-10-15,Technology,201-500,Yes,Yes,No,No,No,No,No,No,No,Yes,No,Yes,Yes,Yes,No,2,Master's,"Seeking a AI Engineer to support Technology projects. Key skills include Python, SQL, AWS, GCP, Statistics, NLP. On-site role with mid level experience requirements.",1135000,6
JOB11301,Data Analyst,Infosys,Hyderabad,India,Entry Level,Full Time,On-site,480000,670000,INR,2026-01-26,Finance,1000+,No,Yes,No,No,No,No,No,No,No,No,No,No,No,No,No,2,Bachelor's,Seeking a Data Analyst to support Finance projects. Key skills include SQL. On-site role with entry level experience requirements.,575000,1
JOB10404,Ml Engineer,Cisco,Hyderabad,India,Mid Level,Full Time,On-site,860000,1180000,INR,2026-01-15,Finance,1000+,Yes,No,No,Yes,No,Yes,No,No,Yes,Yes,No,No,Yes,Yes,No,4,Bachelor's,"Seeking a ML Engineer to support Finance projects. Key skills include Python, Excel, Machine Learning, PyTorch, AWS, Statistics, NLP. On-site role with mid level experience requirements.",1020000,7
JOB10226,Data Scientist,Cognizant,Kolkata,Canada,Senior,Full Time,On-site,910000,1160000,EUR,2026-02-03,Technology,1-50,No,No,No,No,No,Yes,Yes,No,No,Yes,No,Yes,Yes,No,No,5,Master's,"Seeking a Data Scientist to support Technology projects. Key skills include Machine Learning, Deep Learning, AWS, GCP, Statistics. On-site role with senior experience requirements.",1035000,5
JOB10645,Data Analyst,Deloitte,Chennai,Australia,Mid Level,Full Time,Remote,480000,680000,INR,2025-03-07,Consulting,201-500,Yes,Yes,Yes,Yes,Yes,Yes,No,No,No,No,No,No,Yes,No,No,3,Bachelor's,"Seeking a Data Analyst to support Consulting projects. Key skills include Python, SQL, Power BI, Excel, Tableau, Machine Learning, Statistics. Remote role with mid level experience requirements.",580000,7
JOB10829,Bi Analyst,Amazon,Gurgaon,India,Senior,Part Time,On-site,890000,1010000,EUR,2026-05-16,E-commerce,1000+,Yes,Yes,No,No,No,No,No,No,No,No,No,No,Yes,No,No,10,Bachelor's,"Seeking a BI Analyst to support E-commerce projects. Key skills include Python, SQL, Statistics. On-site role with senior experience requirements.",950000,3
JOB10784,Data Scientist,HCLTech,Bangalore,India,Mid Level,Full Time,Hybrid,900000,1200000,SGD,2025-07-07,Consulting,1000+,Yes,No,No,Yes,No,Yes,No,Yes,No,Yes,Yes,No,No,Yes,No,3,Master's,"Seeking a Data Scientist to support Consulting projects. Key skills include Python, Excel, Machine Learning, TensorFlow, AWS, Azure, NLP. Hybrid role with mid level experience requirements.",1050000,7
JOB11876,Ai Engineer,Accenture,Kolkata,India,Mid Level,Full Time,Hybrid,1260000,1620000,USD,2025-03-17,Consulting,51-200,Yes,Yes,No,No,Yes,Yes,No,No,Yes,Yes,No,No,No,No,Yes,3,MBA,"Seeking a AI Engineer to support Consulting projects. Key skills include Python, SQL, Tableau, Machine Learning, PyTorch, AWS, Generative AI. Hybrid role with mid level experience requirements.",1440000,7
JOB10618,Data Scientist,Bosch,Pune,India,Mid Level,Full Time,On-site,980000,1200000,CAD,2026-08-03,E-commerce,1000+,Yes,Yes,No,No,No,Yes,No,No,Yes,Yes,No,Yes,No,No,No,5,Master's,"Seeking a Data Scientist to support E-commerce projects. Key skills include Python, SQL, Machine Learning, PyTorch, AWS, GCP. On-site role with mid level experience requirements.",1090000,6
JOB10794,Data Engineer,Infosys,Bangalore,USA,Entry Level,Full Time,Hybrid,670000,910000,INR,2025-12-10,Manufacturing,1000+,Yes,Yes,No,No,Yes,No,Yes,No,No,Yes,No,No,Yes,No,No,0,Master's,"Seeking a Data Engineer to support Manufacturing projects. Key skills include Python, SQL, Tableau, Deep Learning, AWS, Statistics. Hybrid role with entry level experience requirements.",790000,6
JOB10085,Data Scientist,Microsoft,Gurgaon,India,Lead,Contract,On-site,1240000,1450000,USD,2025-12-17,Technology,501-1000,Yes,Yes,No,No,Yes,No,No,No,No,Yes,Yes,Yes,No,No,No,13,Bachelor's,"Seeking a Data Scientist to support Technology projects. Key skills include Python, SQL, Tableau, AWS, Azure, GCP. On-site role with lead experience requirements.",1345000,6
JOB11179,Bi Analyst,Tech Mahindra,Pune,UK,Mid Level,Full Time,Remote,540000,710000,CAD,2026-08-01,Manufacturing,1000+,No,Yes,Yes,Yes,Yes,Yes,No,No,No,No,Yes,Yes,No,No,No,4,Bachelor's,"Seeking a BI Analyst to support Manufacturing projects. Key skills include SQL, Power BI, Excel, Tableau, Machine Learning, Azure, GCP. Remote role with mid level experience requirements.",625000,7
JOB11848,Data Analyst,Genpact,Hyderabad,India,Senior,Full Time,On-site,720000,880000,INR,2026-06-09,Healthcare,201-500,Yes,Yes,Yes,Yes,No,Yes,No,No,No,No,No,No,No,Yes,Yes,7,MBA,"Seeking a Data Analyst to support Healthcare projects. Key skills include Python, SQL, Power BI, Excel, Machine Learning, NLP, Generative AI. On-site role with senior experience requirements.",800000,7
JOB11364,Data Engineer,Bosch,Remote,India,Senior,Internship,On-site,820000,1040000,INR,2025-04-25,Technology,501-1000,Yes,Yes,No,Yes,No,No,Yes,No,No,Yes,No,No,Yes,No,No,9,Bachelor's,"Seeking a Data Engineer to support Technology projects. Key skills include Python, SQL, Excel, Deep Learning, AWS, Statistics. On-site role with senior experience requirements.",930000,6
JOB11664,Ai Engineer,Deloitte,Pune,India,Mid Level,Full Time,Hybrid,1070000,1520000,INR,2025-10-17,Telecommunications,501-1000,Yes,No,Yes,Yes,No,Yes,Yes,Yes,No,No,No,No,Yes,No,Yes,2,Master's,"Seeking a AI Engineer to support Telecommunications projects. Key skills include Python, Power BI, Excel, Machine Learning, Deep Learning, TensorFlow, Statistics. Hybrid role with mid level experience requirements.",1295000,8
JOB10604,Data Analyst,Cognizant,Pune,India,Mid Level,Full Time,Remote,580000,690000,INR,2025-04-15,Technology,1000+,Yes,Yes,Yes,Yes,Yes,No,No,Yes,No,No,Yes,No,No,Yes,Yes,3,Bachelor's,"Seeking a Data Analyst to support Technology projects. Key skills include Python, SQL, Power BI, Excel, Tableau, TensorFlow, Azure. Remote role with mid level experience requirements.",635000,9
JOB10454,Business Analyst,Oracle,Ahmedabad,India,Entry Level,Internship,On-site,540000,760000,INR,2026-08-01,Telecommunications,1-50,No,Yes,Yes,Yes,Yes,No,Yes,No,No,No,No,No,Yes,No,No,0,PhD,"Seeking a Business Analyst to support Telecommunications projects. Key skills include SQL, Power BI, Excel, Tableau, Deep Learning, Statistics. On-site role with entry level experience requirements.",650000,6
JOB11948,Data Analyst,JPMorgan Chase,Bangalore,Germany,Entry Level,Full Time,On-site,380000,480000,CAD,2026-01-15,IT Services,201-500,No,Yes,Yes,No,No,Yes,No,No,No,No,No,No,Yes,No,No,1,Bachelor's,"Seeking a Data Analyst to support IT Services projects. Key skills include SQL, Power BI, Machine Learning, Statistics. On-site role with entry level experience requirements.",430000,4
JOB11701,Nlp Engineer,Cisco,Mumbai,India,Entry Level,Full Time,Remote,720000,1130000,INR,2026-04-02,Technology,1000+,Yes,Yes,No,No,Yes,No,Yes,No,Yes,Yes,Yes,No,Yes,No,No,2,Master's,"Seeking a NLP Engineer to support Technology projects. Key skills include Python, SQL, Tableau, Deep Learning, PyTorch, AWS, Azure. Remote role with entry level experience requirements.",925000,8
JOB11462,Data Engineer,IBM,Ahmedabad,India,Mid Level,Full Time,On-site,870000,1120000,INR,2026-01-02,E-commerce,501-1000,Yes,Yes,Yes,Yes,No,Yes,No,No,No,Yes,Yes,Yes,Yes,No,Yes,4,PhD,"Seeking a Data Engineer to support E-commerce projects. Key skills include Python, SQL, Power BI, Excel, Machine Learning, AWS, Azure. On-site role with mid level experience requirements.",995000,10
JOB10814,Ai/Ml Intern,Capgemini,Bangalore,India,Mid Level,Full Time,On-site,290000,370000,INR,2026-05-01,Finance,1000+,Yes,Yes,No,Yes,No,Yes,No,No,No,No,No,No,No,No,No,5,Bachelor's,"Seeking a AI/ML Intern to support Finance projects. Key skills include Python, SQL, Excel, Machine Learning. On-site role with mid level experience requirements.",330000,4
JOB11551,Ai/Ml Intern,Microsoft,Pune,Australia,Entry Level,Internship,On-site,230000,320000,CAD,2025-05-14,IT Services,51-200,Yes,No,Yes,No,No,Yes,No,No,No,No,No,No,Yes,No,No,0,Bachelor's,"Seeking a AI/ML Intern to support IT Services projects. Key skills include Python, Power BI, Machine Learning, Statistics. On-site role with entry level experience requirements.",275000,4
JOB10214,Data Scientist,IBM,Delhi,Australia,Mid Level,Full Time,On-site,860000,1160000,INR,2026-03-29,Education,1000+,Yes,No,No,No,Yes,Yes,Yes,No,No,No,No,No,Yes,No,No,5,Bachelor's,"Seeking a Data Scientist to support Education projects. Key skills include Python, Tableau, Machine Learning, Deep Learning, Statistics. On-site role with mid level experience requirements.",1010000,5
JOB11421,Data Scientist,Oracle,Pune,India,Entry Level,Internship,Hybrid,640000,930000,GBP,2026-07-17,Consulting,1000+,Yes,No,No,No,No,Yes,No,No,No,No,No,No,No,No,No,1,Master's,"Seeking a Data Scientist to support Consulting projects. Key skills include Python, Machine Learning. Hybrid role with entry level experience requirements.",785000,2
JOB11464,Data Engineer,Adobe,Bangalore,India,Lead,Full Time,Hybrid,1070000,1360000,INR,2025-07-19,Technology,1000+,Yes,Yes,No,Yes,No,No,Yes,No,No,Yes,No,No,Yes,Yes,No,15,MBA,"Seeking a Data Engineer to support Technology projects. Key skills include Python, SQL, Excel, Deep Learning, AWS, Statistics, NLP. Hybrid role with lead experience requirements.",1215000,7
JOB10363,Machine Learning Engineer,SAP,Bangalore,India,Mid Level,Full Time,On-site,990000,1320000,INR,2025-04-27,E-commerce,201-500,Yes,Yes,No,No,No,Yes,Yes,No,No,No,Yes,No,Yes,No,No,3,Bachelor's,"Seeking a Machine Learning Engineer to support E-commerce projects. Key skills include Python, SQL, Machine Learning, Deep Learning, Azure, Statistics. On-site role with mid level experience requirements.",1155000,6
JOB10915,Ai Engineer,Tech Mahindra,Bangalore,USA,Entry Level,Contract,Hybrid,810000,1040000,INR,2025-09-14,Finance,201-500,Yes,No,No,No,Yes,Yes,No,No,No,Yes,Yes,No,Yes,No,Yes,0,Bachelor's,"Seeking a AI Engineer to support Finance projects. Key skills include Python, Tableau, Machine Learning, AWS, Azure, Statistics, Generative AI. Hybrid role with entry level experience requirements.",925000,7
JOB11032,Data Engineer,Accenture,Delhi,USA,Entry Level,Part Time,Hybrid,740000,950000,INR,2025-10-11,Technology,201-500,Yes,Yes,No,Yes,No,No,No,Yes,Yes,No,No,No,No,No,Yes,0,MBA,"Seeking a Data Engineer to support Technology projects. Key skills include Python, SQL, Excel, TensorFlow, PyTorch, Generative AI. Hybrid role with entry level experience requirements.",845000,6
JOB10560,Data Engineer,NVIDIA,Noida,India,Mid Level,Contract,Remote,700000,1020000,INR,2025-05-07,Technology,201-500,Yes,No,No,No,No,No,No,No,No,No,No,No,No,No,No,5,Bachelor's,Seeking a Data Engineer to support Technology projects. Key skills include Python. Remote role with mid level experience requirements.,860000,1
JOB11661,Data Engineer,Google,Remote,India,Entry Level,Full Time,Hybrid,740000,1070000,INR,2026-06-14,Finance,51-200,Yes,Yes,No,Yes,No,No,Yes,No,No,No,No,No,No,No,No,0,Bachelor's,"Seeking a Data Engineer to support Finance projects. Key skills include Python, SQL, Excel, Deep Learning. Hybrid role with entry level experience requirements.",905000,4
JOB11046,Data Engineer,Oracle,Bangalore,India,Senior,Full Time,On-site,950000,1160000,INR,2025-01-21,Technology,1000+,Yes,No,No,Yes,No,No,No,No,No,Yes,No,No,No,No,No,5,Diploma,"Seeking a Data Engineer to support Technology projects. Key skills include Python, Excel, AWS. On-site role with senior experience requirements.",1055000,3
JOB10535,Bi Analyst,Accenture,Pune,India,Senior,Full Time,Hybrid,670000,810000,INR,2025-11-24,IT Services,51-200,Yes,Yes,Yes,Yes,No,Yes,Yes,No,No,No,Yes,No,No,No,No,8,Bachelor's,"Seeking a BI Analyst to support IT Services projects. Key skills include Python, SQL, Power BI, Excel, Machine Learning, Deep Learning, Azure. Hybrid role with senior experience requirements.",740000,7
JOB10697,Data Scientist,LTIMindtree,Delhi,Germany,Mid Level,Full Time,On-site,870000,1170000,INR,2026-07-22,Consulting,201-500,Yes,No,No,Yes,Yes,Yes,No,No,No,No,Yes,Yes,Yes,No,Yes,3,Bachelor's,"Seeking a Data Scientist to support Consulting projects. Key skills include Python, Excel, Tableau, Machine Learning, Azure, GCP, Statistics. On-site role with mid level experience requirements.",1020000,8
JOB11408,Ml Engineer,Bosch,Gurgaon,India,Entry Level,Full Time,On-site,670000,940000,INR,2025-06-21,Manufacturing,201-500,Yes,No,Yes,Yes,Yes,Yes,No,No,Yes,Yes,No,No,Yes,No,Yes,1,Master's,"Seeking a ML Engineer to support Manufacturing projects. Key skills include Python, Power BI, Excel, Tableau, Machine Learning, PyTorch, AWS. On-site role with entry level experience requirements.",805000,9
JOB11800,Data Analyst,Deloitte,Chennai,India,Senior,Internship,Remote,640000,780000,INR,2026-07-20,Technology,501-1000,Yes,Yes,Yes,No,No,Yes,Yes,No,No,Yes,No,Yes,No,No,No,6,Bachelor's,"Seeking a Data Analyst to support Technology projects. Key skills include Python, SQL, Power BI, Machine Learning, Deep Learning, AWS, GCP. Remote role with senior experience requirements.",710000,7
JOB11961,Data Analyst,Cisco,Gurgaon,India,Senior,Full Time,Remote,770000,900000,USD,2025-08-15,Telecommunications,1000+,Yes,Yes,Yes,Yes,No,No,No,No,No,No,No,No,Yes,No,Yes,6,Bachelor's,"Seeking a Data Analyst to support Telecommunications projects. Key skills include Python, SQL, Power BI, Excel, Statistics, Generative AI. Remote role with senior experience requirements.",835000,6
JOB10237,Data Scientist,JPMorgan Chase,Noida,India,Mid Level,Full Time,On-site,940000,1190000,SGD,2025-07-02,IT Services,501-1000,No,Yes,Yes,No,No,Yes,No,No,No,No,No,No,Yes,No,No,3,Bachelor's,"Seeking a Data Scientist to support IT Services projects. Key skills include SQL, Power BI, Machine Learning, Statistics. On-site role with mid level experience requirements.",1065000,4
JOB11856,Data Scientist,Persistent Systems,Hyderabad,India,Mid Level,Full Time,Hybrid,750000,930000,USD,2026-08-07,Finance,201-500,Yes,Yes,Yes,No,Yes,Yes,No,No,Yes,Yes,Yes,Yes,Yes,No,Yes,2,Bachelor's,"Seeking a Data Scientist to support Finance projects. Key skills include Python, SQL, Power BI, Tableau, Machine Learning, PyTorch, AWS. Hybrid role with mid level experience requirements.",840000,11
JOB11968,Machine Learning Engineer,JPMorgan Chase,Pune,India,Mid Level,Full Time,Remote,1150000,1570000,INR,2026-05-08,Technology,1000+,Yes,Yes,Yes,No,No,No,Yes,No,No,No,Yes,No,No,No,No,4,PhD,"Seeking a Machine Learning Engineer to support Technology projects. Key skills include Python, SQL, Power BI, Deep Learning, Azure. Remote role with mid level experience requirements.",1360000,5
JOB11198,Nlp Engineer,NVIDIA,Kolkata,USA,Entry Level,Full Time,Hybrid,850000,1100000,INR,2025-04-23,Technology,51-200,Yes,Yes,No,No,No,Yes,Yes,No,No,Yes,No,No,No,Yes,Yes,2,Bachelor's,"Seeking a NLP Engineer to support Technology projects. Key skills include Python, SQL, Machine Learning, Deep Learning, AWS, NLP, Generative AI. Hybrid role with entry level experience requirements.",975000,7
JOB11426,Nlp Engineer,NVIDIA,Mumbai,India,Mid Level,Full Time,Remote,1000000,1390000,INR,2025-06-04,IT Services,501-1000,Yes,No,Yes,No,No,No,Yes,No,No,Yes,Yes,No,No,Yes,No,5,Bachelor's,"Seeking a NLP Engineer to support IT Services projects. Key skills include Python, Power BI, Deep Learning, AWS, Azure, NLP. Remote role with mid level experience requirements.",1195000,6
JOB10850,Data Engineer,Microsoft,Mumbai,India,Mid Level,Full Time,Hybrid,790000,1010000,SGD,2025-09-16,IT Services,1000+,Yes,Yes,No,No,No,No,No,No,No,No,No,No,No,No,Yes,2,Diploma,"Seeking a Data Engineer to support IT Services projects. Key skills include Python, SQL, Generative AI. Hybrid role with mid level experience requirements.",900000,3
JOB11666,Business Analyst,Capgemini,Delhi,USA,Senior,Full Time,On-site,800000,960000,INR,2025-06-22,Consulting,Unknown,Yes,Yes,No,Yes,No,Yes,No,No,No,Yes,Yes,No,No,No,Yes,10,PhD,"Seeking a Business Analyst to support Consulting projects. Key skills include Python, SQL, Excel, Machine Learning, AWS, Azure, Generative AI. On-site role with senior experience requirements.",880000,7
JOB11488,Bi Analyst,NVIDIA,Remote,India,Mid Level,Full Time,On-site,680000,880000,INR,2025-09-09,Technology,501-1000,Yes,Yes,No,Yes,Yes,Yes,Yes,No,No,Yes,No,Yes,Yes,Yes,Yes,3,Master's,"Seeking a BI Analyst to support Technology projects. Key skills include Python, SQL, Excel, Tableau, Machine Learning, Deep Learning, AWS. On-site role with mid level experience requirements.",780000,11
JOB11583,Data Engineer,Bosch,Delhi,India,Mid Level,Full Time,On-site,960000,1240000,EUR,2025-11-14,Finance,1000+,No,Yes,No,No,No,No,No,No,No,No,No,No,Yes,No,No,3,Bachelor's,"Seeking a Data Engineer to support Finance projects. Key skills include SQL, Statistics. On-site role with mid level experience requirements.",1100000,2
JOB11491,Data Scientist,Deloitte,Chennai,India,Mid Level,Full Time,On-site,830000,1150000,INR,2025-03-02,Technology,51-200,Yes,Yes,No,Yes,Yes,No,No,No,Yes,No,Yes,No,Yes,No,No,2,Bachelor's,"Seeking a Data Scientist to support Technology projects. Key skills include Python, SQL, Excel, Tableau, PyTorch, Azure, Statistics. On-site role with mid level experience requirements.",990000,7
JOB10579,Ai Engineer,Oracle,Pune,India,Mid Level,Full Time,On-site,960000,1180000,INR,2025-11-15,Technology,51-200,Yes,Yes,No,Yes,Yes,Yes,No,No,No,No,No,No,No,No,Yes,5,Master's,"Seeking a AI Engineer to support Technology projects. Key skills include Python, SQL, Excel, Tableau, Machine Learning, Generative AI. On-site role with mid level experience requirements.",1070000,6
JOB11917,Business Analyst,Genpact,Ahmedabad,India,Lead,Full Time,Remote,790000,980000,INR,2025-05-04,Technology,1-50,Yes,No,Yes,No,Yes,No,No,No,No,No,Yes,No,No,No,Yes,9,Bachelor's,"Seeking a Business Analyst to support Technology projects. Key skills include Python, Power BI, Tableau, Azure, Generative AI. Remote role with lead experience requirements.",885000,5
JOB11142,Data Scientist,Capgemini,Gurgaon,India,Mid Level,Full Time,Remote,710000,980000,INR,2025-03-30,Technology,1000+,Yes,Yes,No,Yes,No,No,No,No,No,No,No,No,Yes,No,No,5,Diploma,"Seeking a Data Scientist to support Technology projects. Key skills include Python, SQL, Excel, Statistics. Remote role with mid level experience requirements.",845000,4
JOB10819,Data Analyst,Walmart Global Tech,Chennai,India,Senior,Full Time,On-site,720000,900000,INR,2025-04-07,Telecommunications,201-500,No,Yes,Yes,Yes,No,No,No,No,No,No,No,Yes,Yes,No,No,10,Diploma,"Seeking a Data Analyst to support Telecommunications projects. Key skills include SQL, Power BI, Excel, GCP, Statistics. On-site role with senior experience requirements.",810000,5
JOB11783,Machine Learning Engineer,IBM,Pune,India,Mid Level,Part Time,On-site,850000,1080000,INR,2025-08-05,Finance,501-1000,Yes,No,No,No,Yes,No,Yes,No,No,No,Yes,No,Yes,No,No,2,Bachelor's,"Seeking a Machine Learning Engineer to support Finance projects. Key skills include Python, Tableau, Deep Learning, Azure, Statistics. On-site role with mid level experience requirements.",965000,5
JOB10919,Bi Analyst,Persistent Systems,Chennai,India,Senior,Full Time,Hybrid,670000,860000,INR,2026-06-18,IT Services,501-1000,Yes,Yes,No,Yes,No,No,No,No,No,Yes,Yes,No,No,No,No,6,Bachelor's,"Seeking a BI Analyst to support IT Services projects. Key skills include Python, SQL, Excel, AWS, Azure. Hybrid role with senior experience requirements.",765000,5
JOB11250,Data Engineer,NVIDIA,Delhi,India,Mid Level,Full Time,Remote,940000,1130000,USD,2025-08-13,Telecommunications,1000+,No,Yes,No,No,No,Yes,No,No,No,Yes,No,No,No,Yes,No,4,Bachelor's,"Seeking a Data Engineer to support Telecommunications projects. Key skills include SQL, Machine Learning, AWS, NLP. Remote role with mid level experience requirements.",1035000,4
JOB10368,Business Analyst,Google,Hyderabad,India,Entry Level,Full Time,On-site,520000,690000,INR,2026-07-26,E-commerce,1000+,Yes,Yes,Yes,Yes,No,No,No,Yes,No,No,No,No,No,No,No,1,Master's,"Seeking a Business Analyst to support E-commerce projects. Key skills include Python, SQL, Power BI, Excel, TensorFlow. On-site role with entry level experience requirements.",605000,5
JOB11595,Bi Analyst,Microsoft,Pune,India,Mid Level,Full Time,On-site,630000,870000,CAD,2026-01-15,E-commerce,1000+,No,Yes,No,No,No,No,Yes,No,No,No,No,Yes,No,Yes,No,2,Bachelor's,"Seeking a BI Analyst to support E-commerce projects. Key skills include SQL, Deep Learning, GCP, NLP. On-site role with mid level experience requirements.",750000,4
JOB10888,Data Scientist,TCS,Delhi,UK,Senior,Contract,On-site,1260000,1450000,INR,2025-03-14,Technology,51-200,Yes,Yes,Yes,No,No,Yes,No,No,No,No,Yes,No,Yes,No,No,5,Master's,"Seeking a Data Scientist to support Technology projects. Key skills include Python, SQL, Power BI, Machine Learning, Azure, Statistics. On-site role with senior experience requirements.",1355000,6
JOB10300,Data Analyst,Oracle,Mumbai,India,Mid Level,Full Time,Hybrid,540000,710000,AUD,2025-07-01,Technology,501-1000,No,Yes,No,No,No,Yes,Yes,Yes,Yes,No,Yes,No,No,No,No,2,Diploma,"Seeking a Data Analyst to support Technology projects. Key skills include SQL, Machine Learning, Deep Learning, TensorFlow, PyTorch, Azure. Hybrid role with mid level experience requirements.",625000,6
JOB10049,Ai Engineer,Amazon,Delhi,India,Entry Level,Full Time,Hybrid,810000,1270000,INR,2026-03-26,E-commerce,1000+,Yes,No,Yes,Yes,No,No,Yes,No,No,No,No,Yes,Yes,No,No,2,Bachelor's,"Seeking a AI Engineer to support E-commerce projects. Key skills include Python, Power BI, Excel, Deep Learning, GCP, Statistics. Hybrid role with entry level experience requirements.",1040000,6
JOB11169,Data Analyst,Capgemini,Kolkata,India,Entry Level,Full Time,Remote,450000,600000,INR,2025-05-09,IT Services,201-500,Yes,Yes,Yes,No,No,No,Yes,No,No,Yes,No,Yes,Yes,No,Yes,0,Bachelor's,"Seeking a Data Analyst to support IT Services projects. Key skills include Python, SQL, Power BI, Deep Learning, AWS, GCP, Statistics. Remote role with entry level experience requirements.",525000,8
JOB10772,Ml Engineer,Microsoft,Delhi,India,Senior,Full Time,Hybrid,1110000,1390000,INR,2025-02-18,Technology,1000+,Yes,No,No,Yes,No,Yes,Yes,Yes,No,No,No,No,Yes,Yes,No,8,Bachelor's,"Seeking a ML Engineer to support Technology projects. Key skills include Python, Excel, Machine Learning, Deep Learning, TensorFlow, Statistics, NLP. Hybrid role with senior experience requirements.",1250000,7
JOB10148,Ai Engineer,Capgemini,Bangalore,India,Senior,Full Time,Hybrid,1350000,1610000,INR,2025-05-29,Consulting,201-500,Yes,Yes,Yes,Yes,No,No,Yes,No,No,No,No,No,No,No,No,9,Master's,"Seeking a AI Engineer to support Consulting projects. Key skills include Python, SQL, Power BI, Excel, Deep Learning. Hybrid role with senior experience requirements.",1480000,5
JOB11140,Data Engineer,LTIMindtree,Bangalore,India,Lead,Full Time,Remote,1150000,1450000,USD,2026-07-27,Consulting,1000+,Yes,Yes,No,No,No,No,No,No,No,No,No,No,Yes,No,No,15,Diploma,"Seeking a Data Engineer to support Consulting projects. Key skills include Python, SQL, Statistics. Remote role with lead experience requirements.",1300000,3
JOB10743,Bi Analyst,JPMorgan Chase,Gurgaon,India,Mid Level,Full Time,On-site,620000,800000,INR,2025-12-07,IT Services,51-200,Yes,Yes,No,Yes,Yes,No,Yes,No,No,Yes,No,No,Yes,Yes,No,3,Bachelor's,"Seeking a BI Analyst to support IT Services projects. Key skills include Python, SQL, Excel, Tableau, Deep Learning, AWS, Statistics. On-site role with mid level experience requirements.",710000,8
JOB11788,Data Engineer,Tech Mahindra,Pune,Germany,Entry Level,Full Time,On-site,660000,960000,INR,2026-02-04,IT Services,1-50,Yes,Yes,No,Yes,No,Yes,No,No,No,Yes,No,Yes,Yes,No,No,2,PhD,"Seeking a Data Engineer to support IT Services projects. Key skills include Python, SQL, Excel, Machine Learning, AWS, GCP, Statistics. On-site role with entry level experience requirements.",810000,7
JOB11436,Data Analyst,Walmart Global Tech,Hyderabad,India,Mid Level,Full Time,Hybrid,520000,690000,INR,2025-10-02,Finance,1000+,Yes,Yes,Yes,Yes,Yes,No,No,No,No,No,Yes,No,No,No,No,4,Master's,"Seeking a Data Analyst to support Finance projects. Key skills include Python, SQL, Power BI, Excel, Tableau, Azure. Hybrid role with mid level experience requirements.",605000,6
JOB11424,Data Analyst,Wipro,Kolkata,USA,Mid Level,Contract,Hybrid,560000,670000,INR,2025-05-16,IT Services,1000+,Yes,Yes,No,Yes,No,No,Yes,No,No,Yes,Yes,Yes,Yes,Yes,No,5,Bachelor's,"Seeking a Data Analyst to support IT Services projects. Key skills include Python, SQL, Excel, Deep Learning, AWS, Azure, GCP. Hybrid role with mid level experience requirements.",615000,9
JOB10379,Ml Engineer,Amazon,Chennai,USA,Entry Level,Full Time,On-site,820000,1060000,INR,2025-11-28,IT Services,1-50,Yes,Yes,No,No,No,No,No,Yes,Yes,No,No,No,No,No,No,0,Bachelor's,"Seeking a ML Engineer to support IT Services projects. Key skills include Python, SQL, TensorFlow, PyTorch. On-site role with entry level experience requirements.",940000,4
JOB11854,Ml Engineer,Oracle,Delhi,India,Lead,Full Time,On-site,1160000,1570000,GBP,2025-04-03,IT Services,501-1000,Yes,No,Yes,No,No,No,Yes,No,No,No,No,No,No,No,No,9,Master's,"Seeking a ML Engineer to support IT Services projects. Key skills include Python, Power BI, Deep Learning. On-site role with lead experience requirements.",1365000,3
JOB10625,Data Engineer,Microsoft,Bangalore,Germany,Senior,Full Time,On-site,1200000,1460000,INR,2025-08-07,Healthcare,1000+,Yes,Yes,Yes,Yes,No,No,No,No,No,No,Yes,No,Yes,Yes,No,7,Bachelor's,"Seeking a Data Engineer to support Healthcare projects. Key skills include Python, SQL, Power BI, Excel, Azure, Statistics, NLP. On-site role with senior experience requirements.",1330000,7
JOB10194,Data Engineer,Wipro,Gurgaon,India,Mid Level,Internship,On-site,720000,1030000,INR,2026-06-19,Healthcare,501-1000,Yes,Yes,No,Yes,No,No,No,No,No,No,Yes,Yes,No,No,No,3,Master's,"Seeking a Data Engineer to support Healthcare projects. Key skills include Python, SQL, Excel, Azure, GCP. On-site role with mid level experience requirements.",875000,5
JOB11003,Business Analyst,IBM,Delhi,India,Mid Level,Internship,On-site,580000,700000,USD,2025-09-03,Technology,1000+,No,No,Yes,No,No,No,No,No,Yes,No,Yes,No,No,No,No,4,Master's,"Seeking a Business Analyst to support Technology projects. Key skills include Power BI, PyTorch, Azure. On-site role with mid level experience requirements.",640000,3
JOB10543,Data Scientist,LTIMindtree,Hyderabad,India,Entry Level,Internship,On-site,650000,950000,INR,2025-12-07,Healthcare,201-500,No,Yes,Yes,Yes,No,Yes,Yes,No,No,Yes,No,No,Yes,No,No,1,Master's,"Seeking a Data Scientist to support Healthcare projects. Key skills include SQL, Power BI, Excel, Machine Learning, Deep Learning, AWS, Statistics. On-site role with entry level experience requirements.",800000,7
JOB10516,Data Analyst,TCS,Mumbai,UK,Senior,Full Time,Hybrid,740000,870000,INR,2026-01-18,Technology,201-500,No,Yes,Yes,Yes,No,Yes,Yes,No,No,No,No,Yes,Yes,No,Yes,6,Master's,"Seeking a Data Analyst to support Technology projects. Key skills include SQL, Power BI, Excel, Machine Learning, Deep Learning, GCP, Statistics. Hybrid role with senior experience requirements.",805000,8
JOB10649,Ml Engineer,Oracle,Ahmedabad,India,Mid Level,Full Time,Remote,940000,1320000,INR,2025-05-10,Technology,1000+,Yes,Yes,No,No,No,Yes,No,No,No,No,Yes,No,Yes,No,No,4,Bachelor's,"Seeking a ML Engineer to support Technology projects. Key skills include Python, SQL, Machine Learning, Azure, Statistics. Remote role with mid level experience requirements.",1130000,5
JOB11802,Bi Analyst,NVIDIA,Bangalore,India,Mid Level,Full Time,Hybrid,660000,800000,INR,2026-02-28,Technology,201-500,No,Yes,Yes,Yes,No,No,No,No,Yes,Yes,Yes,No,No,No,No,5,Bachelor's,"Seeking a BI Analyst to support Technology projects. Key skills include SQL, Power BI, Excel, PyTorch, AWS, Azure. Hybrid role with mid level experience requirements.",730000,6
JOB10769,Data Scientist,IBM,Kolkata,India,Lead,Internship,Hybrid,1270000,1470000,INR,2025-03-30,Technology,51-200,Yes,Yes,No,No,No,Yes,No,No,No,No,No,Yes,Yes,No,No,10,Bachelor's,"Seeking a Data Scientist to support Technology projects. Key skills include Python, SQL, Machine Learning, GCP, Statistics. Hybrid role with lead experience requirements.",1370000,5
JOB11826,Ai Engineer,Oracle,Hyderabad,India,Entry Level,Contract,On-site,980000,1420000,INR,2026-01-31,Finance,51-200,Yes,No,Yes,Yes,No,Yes,No,Yes,No,Yes,No,No,No,No,Yes,0,Master's,"Seeking a AI Engineer to support Finance projects. Key skills include Python, Power BI, Excel, Machine Learning, TensorFlow, AWS, Generative AI. On-site role with entry level experience requirements.",1200000,7
JOB11072,Data Scientist,Genpact,Noida,UK,Mid Level,Full Time,Hybrid,890000,1250000,INR,2025-06-01,Telecommunications,1000+,Yes,Yes,Yes,Yes,No,Yes,No,Yes,Yes,Yes,No,No,No,No,No,2,Master's,"Seeking a Data Scientist to support Telecommunications projects. Key skills include Python, SQL, Power BI, Excel, Machine Learning, TensorFlow, PyTorch. Hybrid role with mid level experience requirements.",1070000,8
JOB11392,Data Analyst,Adobe,Noida,USA,Mid Level,Full Time,Hybrid,550000,670000,INR,2026-04-19,Finance,1000+,No,Yes,No,Yes,No,No,No,No,No,No,No,No,Yes,No,Yes,3,Bachelor's,"Seeking a Data Analyst to support Finance projects. Key skills include SQL, Excel, Statistics, Generative AI. Hybrid role with mid level experience requirements.",610000,4
JOB11831,Nlp Engineer,JPMorgan Chase,Delhi,Singapore,Mid Level,Full Time,On-site,920000,1220000,INR,2025-07-01,Technology,501-1000,Yes,No,Yes,No,No,No,No,Yes,Yes,No,No,Yes,No,Yes,Yes,4,Master's,"Seeking a NLP Engineer to support Technology projects. Key skills include Python, Power BI, TensorFlow, PyTorch, GCP, NLP, Generative AI. On-site role with mid level experience requirements.",1070000,7
JOB10440,Data Analyst,Siemens,Chennai,Singapore,Mid Level,Contract,On-site,480000,670000,INR,2025-05-22,Technology,1000+,No,No,Yes,No,No,Yes,No,No,Yes,No,No,No,Yes,No,Yes,4,Master's,"Seeking a Data Analyst to support Technology projects. Key skills include Power BI, Machine Learning, PyTorch, Statistics, Generative AI. On-site role with mid level experience requirements.",575000,5
JOB10078,Data Analyst,Genpact,Hyderabad,India,Lead,Contract,Remote,780000,970000,AUD,2025-06-10,Finance,501-1000,Yes,Yes,Yes,No,No,No,No,No,No,No,No,No,No,No,No,11,Bachelor's,"Seeking a Data Analyst to support Finance projects. Key skills include Python, SQL, Power BI. Remote role with lead experience requirements.",875000,3
JOB11970,Data Analyst,Google,Pune,Germany,Mid Level,Contract,On-site,540000,710000,INR,2025-01-05,Finance,501-1000,Yes,No,No,Yes,No,No,No,No,No,Yes,No,No,Yes,No,No,2,Bachelor's,"Seeking a Data Analyst to support Finance projects. Key skills include Python, Excel, AWS, Statistics. On-site role with mid level experience requirements.",625000,4
JOB10332,Bi Analyst,Amazon,Hyderabad,India,Senior,Full Time,Remote,670000,900000,INR,2026-01-23,Finance,1000+,No,Yes,Yes,Yes,No,Yes,No,No,Yes,No,Yes,Yes,No,No,No,8,Bachelor's,"Seeking a BI Analyst to support Finance projects. Key skills include SQL, Power BI, Excel, Machine Learning, PyTorch, Azure, GCP. Remote role with senior experience requirements.",785000,7
JOB11698,Data Analyst,NVIDIA,Pune,India,Entry Level,Full Time,On-site,440000,630000,INR,2025-08-19,Healthcare,501-1000,No,Yes,Yes,Yes,No,No,No,Yes,No,No,Yes,Yes,Yes,No,Yes,1,Bachelor's,"Seeking a Data Analyst to support Healthcare projects. Key skills include SQL, Power BI, Excel, TensorFlow, Azure, GCP, Statistics. On-site role with entry level experience requirements.",535000,8
JOB11450,Bi Analyst,Oracle,Bangalore,India,Senior,Full Time,On-site,850000,970000,INR,2025-12-08,Technology,201-500,Yes,Yes,Yes,No,Yes,No,No,No,No,No,No,No,No,No,No,8,Master's,"Seeking a BI Analyst to support Technology projects. Key skills include Python, SQL, Power BI, Tableau. On-site role with senior experience requirements.",910000,4
JOB11685,Data Analyst,Deloitte,Pune,India,Mid Level,Full Time,Remote,450000,580000,INR,2025-09-18,Manufacturing,51-200,Yes,Yes,Yes,No,No,No,No,No,No,Yes,Yes,No,Yes,Yes,Yes,4,Bachelor's,"Seeking a Data Analyst to support Manufacturing projects. Key skills include Python, SQL, Power BI, AWS, Azure, Statistics, NLP. Remote role with mid level experience requirements.",515000,8
JOB10586,Data Scientist,Bosch,Delhi,India,Entry Level,Full Time,On-site,740000,1010000,GBP,2026-04-16,Manufacturing,501-1000,Yes,Yes,No,Yes,No,Yes,Yes,No,No,No,Yes,No,Yes,No,Yes,2,Master's,"Seeking a Data Scientist to support Manufacturing projects. Key skills include Python, SQL, Power BI, Excel, Machine Learning, Deep Learning, Azure. On-site role with entry level experience requirements.",875000,8
JOB10718,Nlp Engineer,Google,Kolkata,UK,Senior,Contract,Remote,1340000,1530000,SGD,2025-04-03,Technology,501-1000,Yes,Yes,No,Yes,Yes,Yes,Yes,No,Yes,No,Yes,No,No,Yes,No,7,Bachelor's,"Seeking a NLP Engineer to support Technology projects. Key skills include Python, SQL, Excel, Tableau, Machine Learning, Deep Learning, PyTorch. Remote role with senior experience requirements.",1435000,9
JOB11327,Data Analyst,Persistent Systems,Pune,Germany,Mid Level,Full Time,Hybrid,470000,580000,SGD,2026-05-19,IT Services,1000+,No,Yes,No,Yes,No,No,Yes,No,No,Yes,No,No,Yes,No,No,3,Master's,"Seeking a Data Analyst to support IT Services projects. Key skills include SQL, Excel, Deep Learning, AWS, Statistics. Hybrid role with mid level experience requirements.",525000,5
JOB11343,Business Analyst,HCLTech,Hyderabad,India,Entry Level,Full Time,Remote,490000,610000,INR,2026-07-27,Finance,501-1000,No,Yes,Yes,Yes,No,No,No,No,No,No,No,No,No,No,No,2,Master's,"Seeking a Business Analyst to support Finance projects. Key skills include SQL, Power BI, Excel. Remote role with entry level experience requirements.",550000,3
JOB11211,Machine Learning Engineer,JPMorgan Chase,Delhi,India,Senior,Full Time,On-site,1490000,1760000,CAD,2026-07-02,Technology,1-50,Yes,Yes,No,Yes,Yes,Yes,Yes,No,Yes,No,No,No,No,No,No,6,MBA,"Seeking a Machine Learning Engineer to support Technology projects. Key skills include Python, SQL, Excel, Tableau, Machine Learning, Deep Learning, PyTorch. On-site role with senior experience requirements.",1625000,7
JOB10537,Ml Engineer,Cisco,Bangalore,India,Entry Level,Part Time,On-site,910000,1280000,INR,2026-05-30,IT Services,1000+,Yes,Yes,No,No,Yes,Yes,No,No,No,No,No,No,No,No,No,0,Bachelor's,"Seeking a ML Engineer to support IT Services projects. Key skills include Python, SQL, Tableau, Machine Learning. On-site role with entry level experience requirements.",1095000,4
JOB11090,Data Scientist,SAP,Delhi,India,Entry Level,Contract,On-site,800000,1040000,INR,2026-06-24,Consulting,Unknown,Yes,Yes,Yes,No,Yes,Yes,No,No,No,Yes,No,Yes,No,No,No,0,Master's,"Seeking a Data Scientist to support Consulting projects. Key skills include Python, SQL, Power BI, Tableau, Machine Learning, AWS, GCP. On-site role with entry level experience requirements.",920000,7
JOB11564,Data Scientist,LTIMindtree,Bangalore,India,Entry Level,Internship,Hybrid,760000,1110000,INR,2025-08-12,IT Services,51-200,Yes,Yes,No,No,Yes,No,No,No,No,No,No,No,Yes,No,Yes,1,PhD,"Seeking a Data Scientist to support IT Services projects. Key skills include Python, SQL, Tableau, Statistics, Generative AI. Hybrid role with entry level experience requirements.",935000,5
JOB10529,Data Analyst,HCLTech,Hyderabad,India,Entry Level,Full Time,On-site,380000,580000,SGD,2025-12-07,Manufacturing,Unknown,Yes,Yes,No,No,No,Yes,No,No,No,No,No,No,No,No,Yes,1,Diploma,"Seeking a Data Analyst to support Manufacturing projects. Key skills include Python, SQL, Machine Learning, Generative AI. On-site role with entry level experience requirements.",480000,4
JOB11088,Data Analyst,Genpact,Hyderabad,India,Entry Level,Full Time,Hybrid,450000,650000,INR,2026-06-22,Consulting,1000+,No,Yes,Yes,Yes,No,No,No,No,No,No,No,No,Yes,Yes,No,1,Bachelor's,"Seeking a Data Analyst to support Consulting projects. Key skills include SQL, Power BI, Excel, Statistics, NLP. Hybrid role with entry level experience requirements.",550000,5
JOB11731,Data Scientist,Genpact,Noida,UK,Senior,Full Time,Remote,990000,1310000,USD,2026-08-07,Finance,1000+,Yes,Yes,Yes,Yes,No,Yes,No,No,Yes,No,Yes,No,No,No,Yes,8,Bachelor's,"Seeking a Data Scientist to support Finance projects. Key skills include Python, SQL, Power BI, Excel, Machine Learning, PyTorch, Azure. Remote role with senior experience requirements.",1150000,8
JOB11233,Data Analyst,Capgemini,Mumbai,India,Entry Level,Full Time,On-site,370000,520000,INR,2026-06-18,Technology,51-200,No,Yes,Yes,Yes,Yes,No,Yes,No,Yes,No,No,No,No,No,No,1,Master's,"Seeking a Data Analyst to support Technology projects. Key skills include SQL, Power BI, Excel, Tableau, Deep Learning, PyTorch. On-site role with entry level experience requirements.",445000,6
JOB10141,Nlp Engineer,Siemens,Bangalore,USA,Entry Level,Full Time,On-site,810000,1170000,INR,2025-06-08,Technology,1000+,Yes,Yes,Yes,No,Yes,Yes,No,No,No,No,No,No,No,Yes,No,2,Bachelor's,"Seeking a NLP Engineer to support Technology projects. Key skills include Python, SQL, Power BI, Tableau, Machine Learning, NLP. On-site role with entry level experience requirements.",990000,6
JOB11008,Ml Engineer,Persistent Systems,Pune,India,Entry Level,Full Time,On-site,910000,1200000,INR,2025-02-19,Finance,501-1000,Yes,Yes,Yes,No,No,Yes,Yes,No,No,No,No,No,Yes,No,No,1,Master's,"Seeking a ML Engineer to support Finance projects. Key skills include Python, SQL, Power BI, Machine Learning, Deep Learning, Statistics. On-site role with entry level experience requirements.",1055000,6
JOB11843,Machine Learning Engineer,Deloitte,Hyderabad,India,Mid Level,Full Time,Hybrid,1120000,1540000,INR,2025-10-01,Technology,1000+,Yes,No,Yes,Yes,No,Yes,No,No,No,No,Yes,Yes,No,Yes,No,5,Bachelor's,"Seeking a Machine Learning Engineer to support Technology projects. Key skills include Python, Power BI, Excel, Machine Learning, Azure, GCP, NLP. Hybrid role with mid level experience requirements.",1330000,7
JOB11428,Ai/Ml Intern,Deloitte,Remote,India,Mid Level,Full Time,On-site,290000,430000,INR,2025-08-08,Healthcare,1-50,Yes,No,No,No,No,Yes,No,No,No,No,Yes,No,Yes,Yes,No,5,Master's,"Seeking a AI/ML Intern to support Healthcare projects. Key skills include Python, Machine Learning, Azure, Statistics, NLP. On-site role with mid level experience requirements.",360000,5
JOB10466,Machine Learning Engineer,Deloitte,Chennai,India,Entry Level,Full Time,Hybrid,890000,1140000,INR,2025-09-04,Consulting,1000+,Yes,No,Yes,Yes,No,Yes,Yes,Yes,Yes,No,No,No,Yes,Yes,No,2,Bachelor's,"Seeking a Machine Learning Engineer to support Consulting projects. Key skills include Python, Power BI, Excel, Machine Learning, Deep Learning, TensorFlow, PyTorch. Hybrid role with entry level experience requirements.",1015000,9
JOB10613,Data Engineer,IBM,Kolkata,India,Entry Level,Full Time,Hybrid,770000,1080000,INR,2025-11-20,IT Services,1000+,Yes,Yes,No,Yes,No,No,No,No,Yes,No,Yes,No,Yes,No,Yes,0,Bachelor's,"Seeking a Data Engineer to support IT Services projects. Key skills include Python, SQL, Excel, PyTorch, Azure, Statistics, Generative AI. Hybrid role with entry level experience requirements.",925000,7
JOB10163,Data Engineer,Adobe,Gurgaon,India,Entry Level,Full Time,Remote,730000,990000,INR,2025-06-06,IT Services,501-1000,Yes,Yes,No,Yes,No,No,No,No,No,Yes,No,No,No,No,No,1,Bachelor's,"Seeking a Data Engineer to support IT Services projects. Key skills include Python, SQL, Excel, AWS. Remote role with entry level experience requirements.",860000,4
JOB10114,Ml Engineer,SAP,Kolkata,India,Mid Level,Contract,Hybrid,940000,1200000,CAD,2025-06-11,IT Services,1000+,Yes,No,Yes,Yes,No,Yes,No,No,No,No,Yes,Yes,No,No,No,5,Master's,"Seeking a ML Engineer to support IT Services projects. Key skills include Python, Power BI, Excel, Machine Learning, Azure, GCP. Hybrid role with mid level experience requirements.",1070000,6
JOB11175,Data Engineer,TCS,Hyderabad,Singapore,Mid Level,Full Time,Hybrid,710000,900000,INR,2026-01-19,Manufacturing,1000+,Yes,No,No,Yes,Yes,No,No,No,No,No,No,No,No,No,No,5,Bachelor's,"Seeking a Data Engineer to support Manufacturing projects. Key skills include Python, Excel, Tableau. Hybrid role with mid level experience requirements.",805000,3
JOB10955,Machine Learning Engineer,HCLTech,Pune,India,Mid Level,Full Time,On-site,960000,1220000,INR,2026-07-27,Finance,51-200,Yes,No,Yes,Yes,Yes,No,No,No,Yes,No,No,No,Yes,Yes,No,5,Master's,"Seeking a Machine Learning Engineer to support Finance projects. Key skills include Python, Power BI, Excel, Tableau, PyTorch, Statistics, NLP. On-site role with mid level experience requirements.",1090000,7
JOB10720,Bi Analyst,IBM,Hyderabad,India,Entry Level,Full Time,On-site,530000,690000,USD,2025-02-04,Healthcare,201-500,Yes,Yes,Yes,Yes,No,Yes,No,No,No,Yes,No,No,Yes,No,No,1,MBA,"Seeking a BI Analyst to support Healthcare projects. Key skills include Python, SQL, Power BI, Excel, Machine Learning, AWS, Statistics. On-site role with entry level experience requirements.",610000,7
JOB10904,Data Engineer,Walmart Global Tech,Remote,India,Entry Level,Full Time,Hybrid,710000,940000,INR,2026-06-15,Manufacturing,201-500,Yes,Yes,No,Yes,No,Yes,No,No,No,No,No,No,No,No,Yes,1,PhD,"Seeking a Data Engineer to support Manufacturing projects. Key skills include Python, SQL, Excel, Machine Learning, Generative AI. Hybrid role with entry level experience requirements.",825000,5
JOB11995,Bi Analyst,Cisco,Hyderabad,India,Entry Level,Full Time,On-site,560000,680000,INR,2026-02-22,Technology,201-500,Yes,Yes,Yes,Yes,Yes,No,No,No,No,No,No,No,No,No,No,1,Bachelor's,"Seeking a BI Analyst to support Technology projects. Key skills include Python, SQL, Power BI, Excel, Tableau, AWS. On-site role with entry level experience requirements.",620000,5
JOB11676,Data Scientist,LTIMindtree,Chennai,India,Senior,Internship,On-site,1280000,1600000,INR,2026-05-18,IT Services,1000+,Yes,Yes,Yes,No,No,Yes,No,No,Yes,No,No,No,Yes,No,No,7,Master's,"Seeking a Data Scientist to support IT Services projects. Key skills include Python, SQL, Power BI, Machine Learning, PyTorch, Statistics. On-site role with senior experience requirements.",1440000,6
JOB10611,Data Analyst,NVIDIA,Remote,India,Mid Level,Full Time,On-site,630000,740000,USD,2025-09-14,Healthcare,201-500,Yes,Yes,Yes,Yes,No,No,No,No,No,No,No,No,Yes,No,No,5,Bachelor's,"Seeking a Data Analyst to support Healthcare projects. Key skills include Python, SQL, Power BI, Excel, Statistics. On-site role with mid level experience requirements.",685000,5
JOB11278,Nlp Engineer,Infosys,Noida,India,Entry Level,Full Time,Remote,830000,1110000,EUR,2025-02-02,Healthcare,1-50,Yes,Yes,No,Yes,Yes,Yes,No,No,Yes,No,No,Yes,Yes,Yes,No,1,Bachelor's,"Seeking a NLP Engineer to support Healthcare projects. Key skills include Python, SQL, Excel, Tableau, Machine Learning, PyTorch, GCP. Remote role with entry level experience requirements.",970000,9
JOB10531,Ml Engineer,IBM,Noida,India,Lead,Full Time,On-site,1310000,1740000,INR,2026-02-06,Education,501-1000,Yes,Yes,No,No,Yes,Yes,Yes,No,Yes,No,No,No,No,No,Yes,15,Bachelor's,"Seeking a ML Engineer to support Education projects. Key skills include Python, SQL, Tableau, Machine Learning, Deep Learning, PyTorch, Generative AI. On-site role with lead experience requirements.",1525000,7
JOB11630,Machine Learning Engineer,Siemens,Mumbai,India,Senior,Full Time,On-site,1220000,1550000,INR,2025-01-16,Technology,51-200,Yes,No,No,No,No,Yes,No,No,No,Yes,No,No,Yes,No,No,10,Bachelor's,"Seeking a Machine Learning Engineer to support Technology projects. Key skills include Python, Machine Learning, AWS, Statistics. On-site role with senior experience requirements.",1385000,4
JOB11696,Data Analyst,Microsoft,Chennai,India,Senior,Full Time,Hybrid,780000,950000,INR,2025-08-24,IT Services,51-200,Yes,Yes,No,Yes,No,Yes,No,No,Yes,Yes,No,No,Yes,No,No,5,Bachelor's,"Seeking a Data Analyst to support IT Services projects. Key skills include Python, SQL, Excel, Machine Learning, PyTorch, AWS, Statistics. Hybrid role with senior experience requirements.",865000,7
JOB10455,Data Analyst,Genpact,Bangalore,India,Entry Level,Contract,On-site,420000,630000,INR,2025-07-31,Education,501-1000,No,Yes,No,No,Yes,No,No,No,No,No,No,No,No,No,No,1,Bachelor's,"Seeking a Data Analyst to support Education projects. Key skills include SQL, Tableau. On-site role with entry level experience requirements.",525000,2
JOB10804,Data Engineer,Amazon,Delhi,India,Entry Level,Full Time,Remote,580000,760000,INR,2026-02-25,Healthcare,51-200,Yes,No,No,Yes,No,No,No,No,No,Yes,Yes,Yes,No,No,Yes,1,Unknown,"Seeking a Data Engineer to support Healthcare projects. Key skills include Python, Excel, AWS, Azure, GCP, Generative AI. Remote role with entry level experience requirements.",670000,6
JOB10431,Data Analyst,JPMorgan Chase,Pune,India,Mid Level,Full Time,On-site,590000,700000,INR,2025-04-16,E-commerce,201-500,Yes,Yes,No,Yes,No,No,No,No,No,No,No,No,No,No,No,4,Bachelor's,"Seeking a Data Analyst to support E-commerce projects. Key skills include Python, SQL, Excel. On-site role with mid level experience requirements.",645000,3
JOB10830,Machine Learning Engineer,LTIMindtree,Pune,USA,Lead,Full Time,On-site,1280000,1630000,INR,2025-11-19,E-commerce,1-50,Yes,Yes,Yes,No,No,Yes,Yes,No,Yes,No,No,No,No,No,No,8,Master's,"Seeking a Machine Learning Engineer to support E-commerce projects. Key skills include Python, SQL, Power BI, Machine Learning, Deep Learning, PyTorch. On-site role with lead experience requirements.",1455000,6
JOB11825,Data Engineer,NVIDIA,Noida,UK,Entry Level,Full Time,On-site,710000,930000,USD,2025-07-20,IT Services,1000+,Yes,Yes,No,No,Yes,Yes,Yes,No,No,No,No,No,No,No,No,0,Master's,"Seeking a Data Engineer to support IT Services projects. Key skills include Python, SQL, Tableau, Machine Learning, Deep Learning. On-site role with entry level experience requirements.",820000,5
JOB10477,Data Analyst,Genpact,Pune,Australia,Mid Level,Full Time,On-site,530000,710000,AUD,2025-04-09,E-commerce,1-50,Yes,Yes,Yes,Yes,Yes,No,Yes,No,No,No,Yes,No,Yes,No,No,5,Bachelor's,"Seeking a Data Analyst to support E-commerce projects. Key skills include Python, SQL, Power BI, Excel, Tableau, Deep Learning, Azure. On-site role with mid level experience requirements.",620000,8
JOB10981,Data Scientist,Cognizant,Pune,India,Entry Level,Full Time,Hybrid,590000,890000,GBP,2025-12-28,Finance,1-50,Yes,Yes,No,No,Yes,Yes,No,No,Yes,Yes,No,No,Yes,No,No,0,Master's,"Seeking a Data Scientist to support Finance projects. Key skills include Python, SQL, Tableau, Machine Learning, PyTorch, AWS, Statistics. Hybrid role with entry level experience requirements.",740000,7
JOB10626,Machine Learning Engineer,Cisco,Noida,India,Mid Level,Full Time,Remote,990000,1260000,INR,2026-02-25,Technology,1000+,Yes,Yes,No,No,No,Yes,No,Yes,No,No,Yes,No,No,No,No,4,MBA,"Seeking a Machine Learning Engineer to support Technology projects. Key skills include Python, SQL, Machine Learning, TensorFlow, Azure. Remote role with mid level experience requirements.",1125000,5
JOB11311,Data Analyst,Oracle,Chennai,USA,Senior,Full Time,Hybrid,740000,850000,INR,2026-02-01,Finance,1000+,Yes,Yes,Yes,Yes,Yes,Yes,No,No,No,No,No,No,Yes,No,Yes,10,Bachelor's,"Seeking a Data Analyst to support Finance projects. Key skills include Python, SQL, Power BI, Excel, Tableau, Machine Learning, Statistics. Hybrid role with senior experience requirements.",795000,8
JOB10284,Data Analyst,Deloitte,Delhi,India,Mid Level,Contract,Hybrid,620000,820000,INR,2026-06-20,IT Services,1000+,No,Yes,Yes,No,No,Yes,No,No,No,No,Yes,No,No,No,Yes,4,Bachelor's,"Seeking a Data Analyst to support IT Services projects. Key skills include SQL, Power BI, Machine Learning, Azure, Generative AI. Hybrid role with mid level experience requirements.",720000,5
JOB10006,Data Analyst,Tech Mahindra,Mumbai,India,Entry Level,Full Time,Hybrid,430000,600000,INR,2025-08-08,E-commerce,1000+,No,Yes,No,No,No,No,No,Yes,No,No,No,No,Yes,No,Yes,0,Master's,"Seeking a Data Analyst to support E-commerce projects. Key skills include SQL, TensorFlow, Statistics, Generative AI. Hybrid role with entry level experience requirements.",515000,4
JOB11886,Machine Learning Engineer,Walmart Global Tech,Chennai,India,Mid Level,Full Time,On-site,1140000,1520000,INR,2026-05-08,Healthcare,501-1000,Yes,Yes,No,No,No,Yes,No,Yes,No,No,No,No,Yes,No,No,2,Bachelor's,"Seeking a Machine Learning Engineer to support Healthcare projects. Key skills include Python, SQL, Machine Learning, TensorFlow, Statistics. On-site role with mid level experience requirements.",1330000,5
JOB10421,Ml Engineer,NVIDIA,Chennai,India,Entry Level,Full Time,Hybrid,730000,980000,INR,2025-11-24,Consulting,501-1000,Yes,Yes,No,Yes,No,No,Yes,No,No,No,Yes,No,No,No,Yes,1,PhD,"Seeking a ML Engineer to support Consulting projects. Key skills include Python, SQL, Excel, Deep Learning, Azure, Generative AI. Hybrid role with entry level experience requirements.",855000,6
JOB10612,Ml Engineer,JPMorgan Chase,Hyderabad,Australia,Senior,Internship,On-site,990000,1210000,INR,2025-04-04,Technology,51-200,Yes,No,Yes,No,Yes,No,Yes,No,No,No,No,No,No,No,No,10,Master's,"Seeking a ML Engineer to support Technology projects. Key skills include Python, Power BI, Tableau, Deep Learning. On-site role with senior experience requirements.",1100000,4
JOB11648,Ml Engineer,HCLTech,Pune,India,Mid Level,Full Time,Hybrid,890000,1160000,INR,2026-02-03,Finance,1000+,Yes,Yes,No,Yes,No,Yes,No,No,No,No,No,No,No,No,Yes,4,Unknown,"Seeking a ML Engineer to support Finance projects. Key skills include Python, SQL, Excel, Machine Learning, Generative AI. Hybrid role with mid level experience requirements.",1025000,5
JOB11610,Ai Engineer,Bosch,Mumbai,India,Mid Level,Full Time,Remote,1170000,1500000,INR,2025-12-13,Technology,1000+,Yes,Yes,Yes,No,No,Yes,No,Yes,Yes,Yes,No,Yes,Yes,No,Yes,4,Bachelor's,"Seeking a AI Engineer to support Technology projects. Key skills include Python, SQL, Power BI, Machine Learning, TensorFlow, PyTorch, AWS. Remote role with mid level experience requirements.",1335000,10
JOB11325,Nlp Engineer,Amazon,Chennai,India,Mid Level,Full Time,Hybrid,820000,1210000,INR,2025-04-09,Telecommunications,51-200,Yes,Yes,No,No,No,No,No,Yes,No,No,Yes,Yes,No,No,No,4,Bachelor's,"Seeking a NLP Engineer to support Telecommunications projects. Key skills include Python, SQL, TensorFlow, Azure, GCP. Hybrid role with mid level experience requirements.",1015000,5
JOB10370,Data Analyst,SAP,Kolkata,UK,Mid Level,Full Time,Remote,540000,750000,CAD,2026-02-28,Finance,201-500,Yes,Yes,Yes,No,No,Yes,Yes,No,No,No,Yes,Yes,Yes,No,No,2,Bachelor's,"Seeking a Data Analyst to support Finance projects. Key skills include Python, SQL, Power BI, Machine Learning, Deep Learning, Azure, GCP. Remote role with mid level experience requirements.",645000,8
JOB10676,Nlp Engineer,HCLTech,Delhi,India,Senior,Full Time,On-site,1390000,1580000,INR,2026-04-30,IT Services,1000+,Yes,Yes,No,Yes,No,No,Yes,No,No,Yes,No,No,Yes,No,No,6,Bachelor's,"Seeking a NLP Engineer to support IT Services projects. Key skills include Python, SQL, Excel, Deep Learning, AWS, Statistics. On-site role with senior experience requirements.",1485000,6
JOB10273,Business Analyst,Deloitte,Kolkata,India,Entry Level,Full Time,Hybrid,490000,600000,AUD,2025-09-28,Technology,1000+,No,Yes,No,No,Yes,No,No,No,No,No,No,No,Yes,No,No,2,Bachelor's,"Seeking a Business Analyst to support Technology projects. Key skills include SQL, Tableau, Statistics. Hybrid role with entry level experience requirements.",545000,3
JOB10103,Data Scientist,Cisco,Noida,India,Entry Level,Full Time,Remote,760000,1110000,INR,2026-04-21,Finance,1-50,Yes,No,No,No,Yes,Yes,No,No,No,Yes,No,Yes,Yes,No,No,1,Bachelor's,"Seeking a Data Scientist to support Finance projects. Key skills include Python, Tableau, Machine Learning, AWS, GCP, Statistics. Remote role with entry level experience requirements.",935000,6
JOB10276,Ai Engineer,Microsoft,Mumbai,India,Entry Level,Full Time,Remote,950000,1330000,INR,2025-06-17,Finance,51-200,Yes,Yes,Yes,No,No,Yes,Yes,No,No,No,No,No,No,No,Yes,0,Bachelor's,"Seeking a AI Engineer to support Finance projects. Key skills include Python, SQL, Power BI, Machine Learning, Deep Learning, Generative AI. Remote role with entry level experience requirements.",1140000,6
JOB10270,Data Scientist,Bosch,Noida,India,Entry Level,Full Time,On-site,800000,1090000,INR,2025-05-06,Manufacturing,201-500,Yes,Yes,No,Yes,Yes,No,No,Yes,No,Yes,No,Yes,No,No,No,1,Master's,"Seeking a Data Scientist to support Manufacturing projects. Key skills include Python, SQL, Excel, Tableau, TensorFlow, AWS, GCP. On-site role with entry level experience requirements.",945000,7
JOB11384,Data Scientist,Cisco,Bangalore,India,Mid Level,Internship,On-site,760000,960000,GBP,2025-12-17,Consulting,501-1000,Yes,Yes,No,Yes,No,Yes,No,Yes,No,No,Yes,No,Yes,No,Yes,3,Master's,"Seeking a Data Scientist to support Consulting projects. Key skills include Python, SQL, Excel, Machine Learning, TensorFlow, Azure, Statistics. On-site role with mid level experience requirements.",860000,8
JOB10354,Data Analyst,Microsoft,Hyderabad,UK,Mid Level,Full Time,On-site,500000,720000,INR,2026-02-28,IT Services,201-500,Yes,Yes,Yes,No,No,No,No,Yes,No,No,Yes,No,No,No,No,4,Bachelor's,"Seeking a Data Analyst to support IT Services projects. Key skills include Python, SQL, Power BI, TensorFlow, Azure. On-site role with mid level experience requirements.",610000,5
JOB10924,Ml Engineer,SAP,Hyderabad,India,Mid Level,Internship,Hybrid,1060000,1290000,GBP,2026-04-07,Technology,501-1000,Yes,Yes,Yes,Yes,No,Yes,Yes,No,No,No,No,No,No,No,No,4,Bachelor's,"Seeking a ML Engineer to support Technology projects. Key skills include Python, SQL, Power BI, Excel, Machine Learning, Deep Learning. Hybrid role with mid level experience requirements.",1175000,6
JOB10326,Bi Analyst,JPMorgan Chase,Delhi,India,Entry Level,Full Time,On-site,410000,540000,INR,2025-10-11,Technology,1000+,Yes,Yes,Yes,Yes,Yes,No,No,No,Yes,No,No,No,No,No,No,0,Bachelor's,"Seeking a BI Analyst to support Technology projects. Key skills include Python, SQL, Power BI, Excel, Tableau, PyTorch. On-site role with entry level experience requirements.",475000,6
JOB11365,Bi Analyst,LTIMindtree,Pune,Germany,Senior,Full Time,Hybrid,870000,1010000,AUD,2026-04-21,IT Services,1000+,Yes,Yes,Yes,No,No,No,No,No,No,No,No,No,Yes,No,Yes,10,Master's,"Seeking a BI Analyst to support IT Services projects. Key skills include Python, SQL, Power BI, Statistics, Generative AI. Hybrid role with senior experience requirements.",940000,5
JOB11780,Ml Engineer,HCLTech,Noida,India,Mid Level,Full Time,On-site,1000000,1430000,INR,2025-11-07,Consulting,1-50,Yes,No,Yes,Yes,No,Yes,No,No,No,No,No,No,Yes,No,No,5,Bachelor's,"Seeking a ML Engineer to support Consulting projects. Key skills include Python, Power BI, Excel, Machine Learning, Statistics. On-site role with mid level experience requirements.",1215000,5
JOB11314,Ml Engineer,IBM,Remote,India,Mid Level,Full Time,On-site,1060000,1410000,CAD,2025-10-11,IT Services,1000+,Yes,Yes,No,No,No,No,No,No,Yes,No,No,No,No,Yes,No,5,Bachelor's,"Seeking a ML Engineer to support IT Services projects. Key skills include Python, SQL, PyTorch, NLP. On-site role with mid level experience requirements.",1235000,4
JOB10071,Ml Engineer,Genpact,Gurgaon,India,Mid Level,Contract,On-site,870000,1240000,GBP,2025-07-08,IT Services,201-500,Yes,Yes,Yes,Yes,No,Yes,No,No,No,Yes,No,No,Yes,No,Yes,3,Master's,"Seeking a ML Engineer to support IT Services projects. Key skills include Python, SQL, Power BI, Excel, Machine Learning, AWS, Statistics. On-site role with mid level experience requirements.",1055000,8
JOB10467,Data Scientist,Genpact,Chennai,India,Mid Level,Full Time,Hybrid,1030000,1370000,INR,2025-04-01,Technology,201-500,Yes,Yes,No,Yes,No,Yes,No,No,No,No,No,No,Yes,No,Yes,4,Bachelor's,"Seeking a Data Scientist to support Technology projects. Key skills include Python, SQL, Excel, Machine Learning, Statistics, Generative AI. Hybrid role with mid level experience requirements.",1200000,6
JOB11536,Data Analyst,LTIMindtree,Remote,India,Senior,Full Time,On-site,610000,810000,INR,2026-01-05,Consulting,1000+,Yes,No,Yes,No,No,No,No,No,No,No,No,Yes,No,No,Yes,6,Bachelor's,"Seeking a Data Analyst to support Consulting projects. Key skills include Python, Power BI, GCP, Generative AI. On-site role with senior experience requirements.",710000,4
JOB10047,Data Scientist,HCLTech,Noida,India,Mid Level,Full Time,On-site,930000,1210000,AUD,2025-03-15,Manufacturing,1000+,Yes,No,No,Yes,No,Yes,No,No,No,No,No,Yes,Yes,No,Yes,3,Unknown,"Seeking a Data Scientist to support Manufacturing projects. Key skills include Python, Excel, Machine Learning, GCP, Statistics, Generative AI. On-site role with mid level experience requirements.",1070000,6
JOB11837,Data Analyst,Amazon,Chennai,Canada,Entry Level,Full Time,Remote,470000,630000,INR,2025-02-13,Healthcare,1000+,Yes,Yes,No,Yes,Yes,Yes,No,No,No,No,No,Yes,Yes,No,No,1,Diploma,"Seeking a Data Analyst to support Healthcare projects. Key skills include Python, SQL, Excel, Tableau, Machine Learning, GCP, Statistics. Remote role with entry level experience requirements.",550000,7
JOB11925,Ml Engineer,HCLTech,Chennai,India,Senior,Contract,Remote,950000,1350000,CAD,2025-06-24,Consulting,51-200,Yes,Yes,No,No,No,No,No,Yes,No,No,No,No,No,No,No,8,Bachelor's,"Seeking a ML Engineer to support Consulting projects. Key skills include Python, SQL, TensorFlow. Remote role with senior experience requirements.",1150000,3
JOB10398,Machine Learning Engineer,Google,Mumbai,USA,Mid Level,Full Time,On-site,1120000,1360000,CAD,2025-08-06,Manufacturing,1-50,Yes,Yes,No,Yes,No,Yes,Yes,Yes,No,No,No,No,No,No,No,5,Bachelor's,"Seeking a Machine Learning Engineer to support Manufacturing projects. Key skills include Python, SQL, Excel, Machine Learning, Deep Learning, TensorFlow. On-site role with mid level experience requirements.",1240000,6
JOB10826,Ai/Ml Intern,Bosch,Bangalore,Canada,Entry Level,Full Time,Remote,240000,360000,INR,2026-01-17,Education,201-500,Yes,Yes,Yes,Yes,No,Yes,Yes,No,No,No,No,No,Yes,Yes,No,0,Diploma,"Seeking a AI/ML Intern to support Education projects. Key skills include Python, SQL, Power BI, Excel, Machine Learning, Deep Learning, Statistics. Remote role with entry level experience requirements.",300000,8
JOB10051,Nlp Engineer,Accenture,Chennai,India,Mid Level,Full Time,On-site,1090000,1430000,INR,2026-06-17,Healthcare,1-50,Yes,Yes,No,No,No,Yes,Yes,Yes,No,No,Yes,No,No,No,No,3,Master's,"Seeking a NLP Engineer to support Healthcare projects. Key skills include Python, SQL, Power BI, Machine Learning, Deep Learning, TensorFlow, Azure. On-site role with mid level experience requirements.",1260000,6
JOB10409,Business Analyst,SAP,Chennai,India,Senior,Full Time,On-site,770000,920000,GBP,2026-02-13,Telecommunications,1000+,Yes,Yes,Yes,Yes,No,Yes,No,No,No,Yes,Yes,No,Yes,No,No,8,Bachelor's,"Seeking a Business Analyst to support Telecommunications projects. Key skills include Python, SQL, Power BI, Excel, Machine Learning, AWS, Azure. On-site role with senior experience requirements.",845000,8
JOB11320,Data Analyst,LTIMindtree,Hyderabad,India,Entry Level,Full Time,Hybrid,500000,700000,CAD,2025-03-23,Education,1000+,No,Yes,Yes,Yes,Yes,Yes,No,No,No,Yes,No,Yes,Yes,No,No,1,Bachelor's,"Seeking a Data Analyst to support Education projects. Key skills include SQL, Power BI, Excel, Tableau, Machine Learning, AWS, GCP. Hybrid role with entry level experience requirements.",600000,8
JOB10644,Data Scientist,Cognizant,Pune,India,Entry Level,Internship,Remote,640000,990000,GBP,2026-07-28,E-commerce,201-500,Yes,Yes,No,No,No,Yes,No,No,No,No,Yes,No,Yes,No,No,0,Bachelor's,"Seeking a Data Scientist to support E-commerce projects. Key skills include Python, SQL, Machine Learning, Azure, Statistics. Remote role with entry level experience requirements.",815000,5
JOB10884,Data Analyst,Oracle,Bangalore,India,Entry Level,Full Time,On-site,390000,560000,INR,2026-05-10,Consulting,201-500,No,Yes,No,No,No,Yes,No,No,Yes,No,No,Yes,Yes,No,No,0,Bachelor's,"Seeking a Data Analyst to support Consulting projects. Key skills include SQL, Machine Learning, PyTorch, GCP, Statistics. On-site role with entry level experience requirements.",475000,5
JOB10785,Data Analyst,LTIMindtree,Noida,India,Mid Level,Full Time,Remote,500000,670000,INR,2025-05-30,Finance,201-500,Yes,Yes,Yes,Yes,Yes,No,No,Yes,Yes,Yes,No,Yes,Yes,Yes,No,2,MBA,"Seeking a Data Analyst to support Finance projects. Key skills include Python, SQL, Power BI, Excel, Tableau, TensorFlow, PyTorch. Remote role with mid level experience requirements.",585000,11
JOB10540,Data Analyst,Genpact,Mumbai,Australia,Entry Level,Contract,Remote,450000,570000,AUD,2025-10-24,Technology,1-50,Yes,Yes,Yes,No,Yes,No,No,No,No,No,No,No,No,No,No,1,Bachelor's,"Seeking a Data Analyst to support Technology projects. Key skills include Python, SQL, Power BI, Tableau. Remote role with entry level experience requirements.",510000,4
JOB10005,Data Analyst,Bosch,Noida,India,Mid Level,Full Time,On-site,450000,580000,EUR,2026-04-14,Finance,201-500,Yes,Yes,No,Yes,No,Yes,No,No,No,No,No,No,Yes,No,No,5,Bachelor's,"Seeking a Data Analyst to support Finance projects. Key skills include Python, SQL, Excel, Machine Learning, Statistics. On-site role with mid level experience requirements.",515000,5
JOB10702,Data Analyst,LTIMindtree,Gurgaon,Canada,Senior,Full Time,Hybrid,790000,900000,CAD,2025-09-25,Manufacturing,501-1000,Yes,Yes,No,Yes,No,Yes,Yes,No,No,Yes,No,No,Yes,No,No,5,Master's,"Seeking a Data Analyst to support Manufacturing projects. Key skills include Python, SQL, Excel, Machine Learning, Deep Learning, AWS, Statistics. Hybrid role with senior experience requirements.",845000,7
JOB10517,Machine Learning Engineer,Accenture,Bangalore,Australia,Entry Level,Full Time,Hybrid,940000,1340000,CAD,2026-05-27,E-commerce,201-500,No,Yes,Yes,Yes,Yes,Yes,No,No,No,No,No,No,No,No,Yes,1,Bachelor's,"Seeking a Machine Learning Engineer to support E-commerce projects. Key skills include SQL, Power BI, Excel, Tableau, Machine Learning, Generative AI. Hybrid role with entry level experience requirements.",1140000,6
JOB11934,Data Engineer,Tech Mahindra,Pune,India,Entry Level,Internship,Remote,630000,820000,INR,2026-04-12,IT Services,501-1000,Yes,Yes,Yes,No,Yes,No,No,No,No,Yes,Yes,No,Yes,No,No,1,Master's,"Seeking a Data Engineer to support IT Services projects. Key skills include Python, SQL, Power BI, Tableau, AWS, Azure, Statistics. Remote role with entry level experience requirements.",725000,7
JOB11872,Data Analyst,Oracle,Chennai,India,Mid Level,Full Time,On-site,460000,600000,INR,2025-06-05,IT Services,501-1000,Yes,Yes,No,Yes,No,Yes,No,No,No,No,No,No,No,No,No,5,Bachelor's,"Seeking a Data Analyst to support IT Services projects. Key skills include Python, SQL, Excel, Machine Learning. On-site role with mid level experience requirements.",530000,4
JOB11823,Data Engineer,JPMorgan Chase,Bangalore,India,Mid Level,Full Time,Remote,700000,990000,EUR,2025-02-22,Healthcare,1000+,Yes,No,No,No,No,No,No,No,No,No,Yes,No,No,Yes,No,3,Bachelor's,"Seeking a Data Engineer to support Healthcare projects. Key skills include Python, Azure, NLP. Remote role with mid level experience requirements.",845000,3
JOB11478,Bi Analyst,Genpact,Noida,India,Entry Level,Full Time,On-site,440000,580000,INR,2025-02-06,Education,51-200,Yes,Yes,Yes,Yes,Yes,No,No,Yes,Yes,No,No,No,Yes,No,No,0,Master's,"Seeking a BI Analyst to support Education projects. Key skills include Python, SQL, Power BI, Excel, Tableau, TensorFlow, PyTorch. On-site role with entry level experience requirements.",510000,8
JOB10671,Data Analyst,Accenture,Bangalore,India,Senior,Full Time,On-site,690000,790000,AUD,2025-04-03,Technology,501-1000,Yes,No,No,Yes,No,No,No,No,Yes,Yes,No,Yes,No,No,No,9,Master's,"Seeking a Data Analyst to support Technology projects. Key skills include Python, Excel, PyTorch, AWS, GCP. On-site role with senior experience requirements.",740000,5
JOB10817,Data Engineer,Tech Mahindra,Noida,India,Entry Level,Full Time,Hybrid,730000,1070000,INR,2025-07-04,Technology,1000+,Yes,No,No,Yes,No,No,Yes,No,No,Yes,Yes,No,No,Yes,Yes,1,Bachelor's,"Seeking a Data Engineer to support Technology projects. Key skills include Python, Excel, Deep Learning, AWS, Azure, NLP, Generative AI. Hybrid role with entry level experience requirements.",900000,7
JOB11815,Data Analyst,Infosys,Chennai,India,Mid Level,Internship,On-site,530000,700000,AUD,2025-10-04,Consulting,1000+,No,Yes,Yes,Yes,No,No,No,Yes,No,No,No,No,Yes,No,No,5,Bachelor's,"Seeking a Data Analyst to support Consulting projects. Key skills include SQL, Power BI, Excel, TensorFlow, Statistics. On-site role with mid level experience requirements.",615000,5
JOB11619,Ai Engineer,CISCO,Pune,India,Entry Level,Contract,Hybrid,830000,1240000,GBP,2026-02-28,E-commerce,501-1000,Yes,Yes,Yes,Yes,No,Yes,Yes,No,No,No,No,No,Yes,Yes,Yes,2,Bachelor's,"Seeking a AI Engineer to support E-commerce projects. Key skills include Python, SQL, Power BI, Excel, Machine Learning, Deep Learning, Statistics. Hybrid role with entry level experience requirements.",1035000,9
JOB10533,Nlp Engineer,IBM,Hyderabad,India,Entry Level,Full Time,Remote,750000,1090000,INR,2026-03-01,Consulting,201-500,Yes,Yes,Yes,Yes,No,No,Yes,Yes,No,No,Yes,No,Yes,Yes,Yes,1,Diploma,"Seeking a NLP Engineer to support Consulting projects. Key skills include Python, SQL, Power BI, Excel, Deep Learning, TensorFlow, Azure. Remote role with entry level experience requirements.",920000,10
JOB11438,Bi Analyst,Amazon,Gurgaon,Germany,Senior,Full Time,On-site,700000,840000,EUR,2025-12-19,Technology,501-1000,Yes,Yes,No,No,No,No,No,No,No,Yes,No,No,Yes,No,No,5,Bachelor's,"Seeking a BI Analyst to support Technology projects. Key skills include Python, SQL, AWS, Statistics. On-site role with senior experience requirements.",770000,4
JOB11053,Ai/Ml Intern,Infosys,Noida,India,Entry Level,Full Time,On-site,260000,400000,INR,2026-04-03,Education,1000+,Yes,Yes,No,Yes,No,Yes,No,Yes,No,Yes,No,No,No,No,Yes,0,Bachelor's,"Seeking a AI/ML Intern to support Education projects. Key skills include Python, SQL, Excel, Machine Learning, TensorFlow, AWS, Generative AI. On-site role with entry level experience requirements.",330000,7
JOB11259,Data Analyst,Deloitte,Hyderabad,India,Senior,Full Time,On-site,670000,850000,INR,2025-02-11,Finance,1000+,Yes,Yes,No,Yes,No,No,No,No,No,No,No,No,No,No,No,6,Bachelor's,"Seeking a Data Analyst to support Finance projects. Key skills include Python, SQL, Excel. On-site role with senior experience requirements.",760000,3
JOB11133,Data Analyst,Capgemini,Remote,India,Mid Level,Part Time,Remote,560000,670000,INR,2025-05-06,Finance,1000+,No,Yes,Yes,Yes,Yes,Yes,No,No,No,No,No,No,Yes,No,No,2,Bachelor's,"Seeking a Data Analyst to support Finance projects. Key skills include SQL, Power BI, Excel, Tableau, Machine Learning, Statistics. Remote role with mid level experience requirements.",615000,6
JOB11022,Data Scientist,Adobe,Kolkata,India,Entry Level,Full Time,Hybrid,780000,1050000,EUR,2026-07-23,Technology,1000+,Yes,Yes,No,Yes,No,No,No,No,No,No,No,Yes,Yes,No,No,0,Bachelor's,"Seeking a Data Scientist to support Technology projects. Key skills include Python, SQL, Excel, GCP, Statistics. Hybrid role with entry level experience requirements.",915000,5
JOB10475,Ai Engineer,Walmart Global Tech,Gurgaon,India,Entry Level,Full Time,On-site,1010000,1450000,CAD,2025-11-25,Education,1000+,No,Yes,Yes,Yes,Yes,No,No,No,No,No,No,Yes,Yes,No,No,0,Diploma,"Seeking a AI Engineer to support Education projects. Key skills include SQL, Power BI, Excel, Tableau, GCP, Statistics. On-site role with entry level experience requirements.",1230000,6
JOB11546,Ai Engineer,IBM,Noida,Germany,Mid Level,Full Time,Remote,1260000,1490000,INR,2025-05-27,IT Services,Unknown,Yes,Yes,No,Yes,No,Yes,No,No,No,Yes,Yes,No,Yes,No,No,2,Bachelor's,"Seeking a AI Engineer to support IT Services projects. Key skills include Python, SQL, Excel, Machine Learning, AWS, Azure, Statistics. Remote role with mid level experience requirements.",1375000,7
JOB11484,Data Analyst,IBM,Kolkata,India,Senior,Full Time,Remote,660000,810000,INR,2026-02-24,Consulting,501-1000,No,No,No,Yes,Yes,No,No,No,No,No,No,No,Yes,Yes,Yes,6,Bachelor's,"Seeking a Data Analyst to support Consulting projects. Key skills include Excel, Tableau, Statistics, NLP, Generative AI. Remote role with senior experience requirements.",735000,5
JOB11459,Data Analyst,Adobe,Bangalore,India,Entry Level,Full Time,On-site,500000,660000,SGD,2026-01-08,Education,501-1000,No,Yes,Yes,Yes,No,No,No,No,Yes,Yes,No,Yes,No,No,Yes,2,MBA,"Seeking a Data Analyst to support Education projects. Key skills include SQL, Power BI, Excel, PyTorch, AWS, GCP, Generative AI. On-site role with entry level experience requirements.",580000,7
JOB10359,Ai/Ml Intern,Capgemini,Chennai,USA,Mid Level,Full Time,Remote,310000,450000,INR,2025-08-10,Technology,201-500,Yes,No,No,Yes,No,Yes,No,No,No,No,Yes,No,Yes,No,No,3,Master's,"Seeking a AI/ML Intern to support Technology projects. Key skills include Python, Excel, Machine Learning, Azure, Statistics. Remote role with mid level experience requirements.",380000,5
JOB11585,Nlp Engineer,Amazon,Bangalore,India,Entry Level,Full Time,Remote,710000,900000,INR,2026-08-09,Finance,1000+,Yes,Yes,No,Yes,No,No,No,No,No,Yes,Yes,No,Yes,Yes,No,1,Bachelor's,"Seeking a NLP Engineer to support Finance projects. Key skills include Python, SQL, Excel, AWS, Azure, Statistics, NLP. Remote role with entry level experience requirements.",805000,7
JOB10435,Data Analyst,Google,Chennai,Canada,Mid Level,Full Time,Remote,570000,690000,INR,2025-07-16,Finance,201-500,No,Yes,Yes,Yes,No,Yes,Yes,No,No,No,Yes,Yes,No,Yes,No,3,Master's,"Seeking a Data Analyst to support Finance projects. Key skills include SQL, Power BI, Excel, Machine Learning, Deep Learning, Azure, GCP. Remote role with mid level experience requirements.",630000,8
JOB11355,Ai Engineer,Genpact,Pune,UK,Entry Level,Contract,On-site,730000,1190000,EUR,2025-03-16,IT Services,501-1000,Yes,Yes,No,No,No,Yes,Yes,No,No,Yes,No,No,No,No,Yes,2,Bachelor's,"Seeking a AI Engineer to support IT Services projects. Key skills include Python, SQL, Machine Learning, Deep Learning, AWS, Generative AI. On-site role with entry level experience requirements.",960000,6
JOB10896,Data Analyst,TCS,Bangalore,Australia,Mid Level,Full Time,Hybrid,580000,720000,GBP,2026-06-22,Manufacturing,1000+,No,Yes,Yes,Yes,Yes,No,No,No,No,Yes,No,No,Yes,No,No,5,Bachelor's,"Seeking a Data Analyst to support Manufacturing projects. Key skills include SQL, Power BI, Excel, Tableau, AWS, Statistics. Hybrid role with mid level experience requirements.",650000,6
JOB10856,Data Analyst,Wipro,Ahmedabad,India,Senior,Contract,Remote,640000,750000,INR,2026-03-29,Technology,201-500,No,Yes,No,Yes,No,No,No,No,No,Yes,No,No,No,No,Yes,7,Diploma,"Seeking a Data Analyst to support Technology projects. Key skills include SQL, Excel, AWS, Generative AI. Remote role with senior experience requirements.",695000,4
JOB11269,Data Engineer,Capgemini,Bangalore,India,Mid Level,Full Time,On-site,950000,1250000,INR,2025-04-07,IT Services,1-50,No,Yes,No,Yes,No,Yes,No,No,Yes,Yes,No,No,Yes,No,Yes,2,Master's,"Seeking a Data Engineer to support IT Services projects. Key skills include SQL, Excel, Machine Learning, PyTorch, AWS, Statistics, Generative AI. On-site role with mid level experience requirements.",1100000,7
JOB11930,Data Analyst,Capgemini,Remote,India,Mid Level,Full Time,Hybrid,620000,740000,INR,2026-06-12,Finance,1000+,No,No,Yes,Yes,No,Yes,No,No,Yes,Yes,Yes,No,Yes,No,No,5,Bachelor's,"Seeking a Data Analyst to support Finance projects. Key skills include Power BI, Excel, Machine Learning, PyTorch, AWS, Azure, Statistics. Hybrid role with mid level experience requirements.",680000,7
JOB11132,Ai Engineer,Adobe,Pune,Canada,Mid Level,Full Time,On-site,1050000,1510000,INR,2025-02-27,Consulting,501-1000,Yes,Yes,No,No,No,No,No,No,No,Yes,No,No,No,No,Yes,5,Master's,"Seeking a AI Engineer to support Consulting projects. Key skills include Python, SQL, AWS, Generative AI. On-site role with mid level experience requirements.",1280000,4
JOB11359,Data Scientist,Oracle,Bangalore,India,Mid Level,Full Time,Hybrid,1020000,1400000,GBP,2026-07-06,Manufacturing,51-200,No,No,Yes,No,Yes,No,No,No,No,No,No,No,No,Yes,No,3,PhD,"Seeking a Data Scientist to support Manufacturing projects. Key skills include Power BI, Tableau, NLP. Hybrid role with mid level experience requirements.",1210000,3
JOB10989,Data Scientist,Siemens,Bangalore,India,Entry Level,Full Time,Remote,790000,1110000,GBP,2025-09-15,IT Services,201-500,Yes,Yes,Yes,No,Yes,Yes,No,No,No,No,No,No,Yes,No,No,1,Bachelor's,"Seeking a Data Scientist to support IT Services projects. Key skills include Python, SQL, Power BI, Tableau, Machine Learning, Statistics. Remote role with entry level experience requirements.",950000,6
JOB10094,Ai Engineer,Tech Mahindra,Gurgaon,Australia,Mid Level,Full Time,Hybrid,910000,1290000,INR,2025-01-14,Healthcare,1-50,Yes,Yes,No,No,Yes,No,Yes,No,No,No,Yes,Yes,No,Yes,No,4,Diploma,"Seeking a AI Engineer to support Healthcare projects. Key skills include Python, SQL, Tableau, Deep Learning, Azure, GCP, NLP. Hybrid role with mid level experience requirements.",1100000,7
JOB11109,Bi Analyst,Adobe,Bangalore,India,Mid Level,Full Time,On-site,560000,780000,INR,2026-04-22,Telecommunications,1-50,Yes,Yes,Yes,Yes,No,No,No,No,No,Yes,No,No,No,No,No,3,Bachelor's,"Seeking a BI Analyst to support Telecommunications projects. Key skills include Python, SQL, Power BI, Excel, AWS. On-site role with mid level experience requirements.",670000,5
JOB11920,Machine Learning Engineer,Walmart Global Tech,Gurgaon,India,Entry Level,Full Time,On-site,930000,1250000,INR,2026-06-07,Technology,1000+,Yes,Yes,No,No,No,Yes,No,No,No,Yes,No,No,Yes,Yes,No,0,Diploma,"Seeking a Machine Learning Engineer to support Technology projects. Key skills include Python, SQL, Machine Learning, AWS, Statistics, NLP. On-site role with entry level experience requirements.",1090000,6
JOB11272,Business Analyst,Google,Hyderabad,India,Mid Level,Full Time,On-site,570000,790000,INR,2025-02-26,IT Services,501-1000,Yes,No,Yes,No,No,Yes,No,No,No,No,No,No,No,No,No,3,Master's,"Seeking a Business Analyst to support IT Services projects. Key skills include Python, Power BI, Machine Learning. On-site role with mid level experience requirements.",680000,3
JOB10709,Data Scientist,Capgemini,Noida,India,Entry Level,Full Time,On-site,740000,960000,CAD,2025-11-05,Technology,1000+,No,Yes,Yes,No,No,Yes,No,No,No,No,No,No,No,No,No,0,Bachelor's,"Seeking a Data Scientist to support Technology projects. Key skills include SQL, Power BI, Machine Learning. On-site role with entry level experience requirements.",850000,3
JOB11752,Data Analyst,Persistent Systems,Chennai,USA,Mid Level,Full Time,Hybrid,530000,650000,INR,2026-02-13,Consulting,1-50,Yes,Yes,Yes,No,No,Yes,No,No,No,No,Yes,No,Yes,Yes,No,5,PhD,"Seeking a Data Analyst to support Consulting projects. Key skills include Python, SQL, Power BI, Machine Learning, Azure, Statistics, NLP. Hybrid role with mid level experience requirements.",590000,7
JOB11100,Data Scientist,Persistent Systems,Pune,India,Mid Level,Internship,On-site,810000,1110000,INR,2026-02-24,E-commerce,1000+,Yes,Yes,Yes,No,No,Yes,No,No,Yes,Yes,No,No,No,No,No,5,Master's,"Seeking a Data Scientist to support E-commerce projects. Key skills include Python, SQL, Power BI, Machine Learning, PyTorch, AWS. On-site role with mid level experience requirements.",960000,6
JOB11293,Ai Engineer,Tech Mahindra,Hyderabad,India,Mid Level,Full Time,On-site,1100000,1540000,INR,2026-04-28,Finance,1000+,Yes,No,No,Yes,No,Yes,Yes,No,Yes,Yes,Yes,No,No,No,No,3,Bachelor's,"Seeking a AI Engineer to support Finance projects. Key skills include Python, Excel, Machine Learning, Deep Learning, PyTorch, AWS, Azure. On-site role with mid level experience requirements.",1320000,7
JOB11344,Bi Analyst,Microsoft,Pune,USA,Lead,Full Time,Hybrid,1010000,1230000,INR,2026-04-09,Manufacturing,201-500,Yes,Yes,No,Yes,No,No,No,Yes,No,Yes,No,No,Yes,No,No,10,Master's,"Seeking a BI Analyst to support Manufacturing projects. Key skills include Python, SQL, Excel, TensorFlow, AWS, Statistics. Hybrid role with lead experience requirements.",1120000,6
JOB11635,Ai/Ml Intern,Bosch,Remote,India,Mid Level,Full Time,Hybrid,320000,460000,USD,2026-07-30,Finance,201-500,Yes,No,Yes,No,No,Yes,No,No,No,No,No,No,Yes,No,No,5,Master's,"Seeking a AI/ML Intern to support Finance projects. Key skills include Python, Power BI, Machine Learning, Statistics. Hybrid role with mid level experience requirements.",390000,4
JOB11573,Bi Analyst,Siemens,Bangalore,Germany,Entry Level,Full Time,Hybrid,400000,540000,SGD,2026-05-06,Consulting,501-1000,No,Yes,Yes,No,Yes,Yes,No,No,No,No,No,No,Yes,No,No,1,Master's,"Seeking a BI Analyst to support Consulting projects. Key skills include SQL, Power BI, Tableau, Machine Learning, Statistics. Hybrid role with entry level experience requirements.",470000,5
JOB10189,Ai Engineer,IBM,Hyderabad,UK,Mid Level,Full Time,On-site,1110000,1530000,INR,2026-04-19,Education,51-200,Yes,No,No,Yes,No,Yes,No,Yes,No,No,Yes,Yes,Yes,Yes,Yes,4,Bachelor's,"Seeking a AI Engineer to support Education projects. Key skills include Python, Excel, Machine Learning, TensorFlow, Azure, GCP, Statistics. On-site role with mid level experience requirements.",1320000,9
JOB11675,Ml Engineer,Cognizant,Delhi,India,Senior,Full Time,Hybrid,1050000,1460000,AUD,2025-12-26,Technology,1000+,Yes,No,No,No,Yes,No,Yes,No,No,Yes,No,No,No,No,Yes,8,Bachelor's,"Seeking a ML Engineer to support Technology projects. Key skills include Python, Tableau, Deep Learning, AWS, Generative AI. Hybrid role with senior experience requirements.",1255000,5
JOB11203,Data Analyst,Genpact,Gurgaon,India,Senior,Full Time,Hybrid,670000,880000,INR,2025-04-17,IT Services,1000+,No,Yes,Yes,Yes,No,No,No,No,No,No,No,Yes,Yes,No,No,7,PhD,"Seeking a Data Analyst to support IT Services projects. Key skills include SQL, Power BI, Excel, GCP, Statistics. Hybrid role with senior experience requirements.",775000,5
JOB11161,Ml Engineer,IBM,Mumbai,Canada,Entry Level,Full Time,Remote,840000,1250000,INR,2025-11-04,Technology,1000+,Yes,Yes,No,No,No,No,Yes,No,No,No,No,No,Yes,No,No,0,Bachelor's,"Seeking a ML Engineer to support Technology projects. Key skills include Python, SQL, Deep Learning, Statistics. Remote role with entry level experience requirements.",1045000,4
JOB11891,Data Analyst,Amazon,Pune,India,Senior,Contract,Hybrid,570000,690000,USD,2025-04-29,IT Services,501-1000,Yes,Yes,Yes,Yes,Yes,No,No,Yes,No,Yes,No,No,No,No,No,8,Bachelor's,"Seeking a Data Analyst to support IT Services projects. Key skills include Python, SQL, Power BI, Excel, Tableau, TensorFlow, AWS. Hybrid role with senior experience requirements.",630000,7
JOB11369,Data Analyst,LTIMindtree,Ahmedabad,USA,Senior,Full Time,On-site,610000,760000,INR,2025-10-04,Finance,1000+,No,Yes,Yes,Yes,Yes,Yes,Yes,No,Yes,No,No,Yes,Yes,No,No,10,MBA,"Seeking a Data Analyst to support Finance projects. Key skills include SQL, Power BI, Excel, Tableau, Machine Learning, Deep Learning, PyTorch. On-site role with senior experience requirements.",685000,9
JOB10344,Machine Learning Engineer,Cisco,Bangalore,UK,Mid Level,Contract,Hybrid,1140000,1540000,INR,2025-12-08,E-commerce,201-500,Yes,Yes,No,No,Yes,Yes,No,No,Yes,Yes,Yes,No,No,No,Yes,4,Bachelor's,"Seeking a Machine Learning Engineer to support E-commerce projects. Key skills include Python, SQL, Tableau, Machine Learning, PyTorch, AWS, Azure. Hybrid role with mid level experience requirements.",1340000,8
JOB11192,Data Engineer,Genpact,Bangalore,India,Senior,Internship,Hybrid,810000,1160000,INR,2025-09-18,Technology,1000+,No,Yes,No,No,No,No,No,Yes,No,No,No,No,Yes,No,No,7,Bachelor's,"Seeking a Data Engineer to support Technology projects. Key skills include SQL, TensorFlow, Statistics. Hybrid role with senior experience requirements.",985000,3
JOB10008,Business Analyst,Adobe,Noida,India,Mid Level,Full Time,Hybrid,660000,790000,INR,2025-04-11,Manufacturing,1000+,Yes,No,Yes,Yes,No,No,No,No,No,Yes,No,No,Yes,No,Yes,3,Bachelor's,"Seeking a Business Analyst to support Manufacturing projects. Key skills include Python, Power BI, Excel, AWS, Statistics, Generative AI. Hybrid role with mid level experience requirements.",725000,6
JOB10760,Ml Engineer,Genpact,Hyderabad,India,Mid Level,Part Time,On-site,860000,1060000,INR,2026-03-05,Consulting,51-200,Yes,No,No,No,No,No,No,No,No,No,No,No,Yes,Yes,No,3,Master's,"Seeking a ML Engineer to support Consulting projects. Key skills include Python, Statistics, NLP. On-site role with mid level experience requirements.",960000,3
JOB11864,Ai Engineer,Bosch,Pune,USA,Mid Level,Full Time,Remote,910000,1360000,INR,2026-05-29,Technology,1000+,Yes,Yes,No,Yes,Yes,No,Yes,No,No,No,No,No,No,No,No,3,Master's,"Seeking a AI Engineer to support Technology projects. Key skills include Python, SQL, Excel, Tableau, Deep Learning. Remote role with mid level experience requirements.",1135000,5
JOB11127,Data Analyst,TCS,Bangalore,India,Senior,Full Time,Hybrid,740000,930000,GBP,2026-04-10,Consulting,1-50,Yes,Yes,No,Yes,Yes,No,No,No,No,No,Yes,No,No,No,Yes,9,Master's,"Seeking a Data Analyst to support Consulting projects. Key skills include Python, SQL, Excel, Tableau, Azure, Generative AI. Hybrid role with senior experience requirements.",835000,6
JOB11356,Business Analyst,JPMorgan Chase,Mumbai,India,Senior,Full Time,Remote,740000,950000,SGD,2025-02-09,IT Services,1000+,No,Yes,No,Yes,Yes,No,Yes,No,No,Yes,Yes,No,Yes,No,Yes,6,Bachelor's,"Seeking a Business Analyst to support IT Services projects. Key skills include SQL, Excel, Tableau, Deep Learning, AWS, Azure, Statistics. Remote role with senior experience requirements.",845000,8
JOB11367,Bi Analyst,Amazon,Chennai,India,Mid Level,Full Time,On-site,660000,900000,CAD,2025-06-17,E-commerce,201-500,No,Yes,No,Yes,No,No,No,No,No,Yes,No,Yes,Yes,No,No,2,Master's,"Seeking a BI Analyst to support E-commerce projects. Key skills include SQL, Excel, AWS, GCP, Statistics. On-site role with mid level experience requirements.",780000,5
JOB10216,Data Scientist,Persistent Systems,Bangalore,India,Lead,Full Time,On-site,1130000,1320000,INR,2026-07-31,E-commerce,1-50,Yes,Yes,No,No,No,Yes,No,No,Yes,No,No,No,Yes,No,Yes,10,Bachelor's,"Seeking a Data Scientist to support E-commerce projects. Key skills include Python, SQL, Machine Learning, PyTorch, Statistics, Generative AI. On-site role with lead experience requirements.",1225000,6
JOB10110,Data Analyst,TCS,Pune,India,Entry Level,Full Time,Hybrid,430000,570000,INR,2025-09-12,Technology,201-500,No,Yes,Yes,Yes,Yes,No,Yes,No,Yes,No,No,No,Yes,No,No,0,Master's,"Seeking a Data Analyst to support Technology projects. Key skills include SQL, Power BI, Excel, Tableau, Deep Learning, PyTorch, Statistics. Hybrid role with entry level experience requirements.",500000,7
JOB10220,Ml Engineer,Wipro,Delhi,USA,Mid Level,Full Time,On-site,770000,1150000,AUD,2026-03-16,Technology,51-200,Yes,No,No,No,Yes,Yes,No,No,No,Yes,Yes,No,Yes,No,No,4,Bachelor's,"Seeking a ML Engineer to support Technology projects. Key skills include Python, Tableau, Machine Learning, AWS, Azure, Statistics. On-site role with mid level experience requirements.",960000,6
JOB11712,Data Analyst,Microsoft,Noida,UK,Mid Level,Full Time,Remote,600000,730000,USD,2025-08-04,IT Services,1000+,No,Yes,Yes,Yes,No,No,No,No,Yes,No,Yes,No,Yes,No,Yes,4,Bachelor's,"Seeking a Data Analyst to support IT Services projects. Key skills include SQL, Power BI, Excel, PyTorch, Azure, Statistics, Generative AI. Remote role with mid level experience requirements.",665000,7
JOB10073,Data Analyst,Google,Mumbai,Singapore,Mid Level,Full Time,On-site,560000,770000,INR,2025-11-28,Finance,1000+,No,Yes,Yes,Yes,No,No,Yes,No,No,No,No,No,No,No,No,5,Bachelor's,"Seeking a Data Analyst to support Finance projects. Key skills include SQL, Power BI, Excel, Deep Learning. On-site role with mid level experience requirements.",665000,4
JOB10555,Business Analyst,SAP,Mumbai,India,Lead,Full Time,On-site,790000,900000,INR,2025-12-21,Finance,201-500,No,Yes,Yes,Yes,No,No,No,No,No,No,No,No,No,No,No,10,Bachelor's,"Seeking a Business Analyst to support Finance projects. Key skills include SQL, Power BI, Excel. On-site role with lead experience requirements.",845000,3
JOB11636,Data Scientist,HCLTech,Hyderabad,UK,Mid Level,Full Time,Remote,990000,1240000,INR,2026-02-20,Finance,1-50,Yes,No,No,No,No,Yes,Yes,No,Yes,No,No,No,Yes,No,Yes,3,Master's,"Seeking a Data Scientist to support Finance projects. Key skills include Python, Machine Learning, Deep Learning, PyTorch, Statistics, Generative AI. Remote role with mid level experience requirements.",1115000,6
JOB11563,Ml Engineer,Amazon,Delhi,Germany,Lead,Full Time,On-site,1350000,1700000,INR,2025-09-21,E-commerce,1000+,Yes,No,Yes,Yes,No,No,Yes,No,No,No,Yes,No,No,No,No,10,Bachelor's,"Seeking a ML Engineer to support E-commerce projects. Key skills include Python, Power BI, Excel, Deep Learning, Azure. On-site role with lead experience requirements.",1525000,5
JOB11723,Data Scientist,IBM,Bangalore,Germany,Entry Level,Contract,On-site,780000,1060000,INR,2026-07-25,Consulting,201-500,Yes,Yes,No,Yes,No,No,No,No,No,No,No,No,Yes,No,No,1,MBA,"Seeking a Data Scientist to support Consulting projects. Key skills include Python, SQL, Excel, Statistics. On-site role with entry level experience requirements.",920000,4
JOB11669,Data Analyst,Cisco,Pune,UK,Mid Level,Full Time,On-site,600000,750000,GBP,2025-07-10,Finance,1000+,No,Yes,Yes,Yes,No,No,No,No,Yes,Yes,No,No,Yes,Yes,Yes,2,Master's,"Seeking a Data Analyst to support Finance projects. Key skills include SQL, Power BI, Excel, PyTorch, AWS, Statistics, NLP. On-site role with mid level experience requirements.",675000,8
JOB10231,Ml Engineer,Cognizant,Remote,India,Entry Level,Full Time,Hybrid,710000,1000000,INR,2025-11-01,Technology,201-500,Yes,Yes,Yes,Yes,Yes,Yes,No,No,No,Yes,No,No,Yes,No,Yes,0,PhD,"Seeking a ML Engineer to support Technology projects. Key skills include Python, SQL, Power BI, Excel, Tableau, Machine Learning, AWS. Hybrid role with entry level experience requirements.",855000,9
JOB10607,Data Analyst,Siemens,Delhi,India,Mid Level,Full Time,Hybrid,570000,680000,INR,2026-02-11,E-commerce,1-50,Yes,Yes,Yes,Yes,No,Yes,No,No,No,No,No,No,No,Yes,No,4,Bachelor's,"Seeking a Data Analyst to support E-commerce projects. Key skills include Python, SQL, Power BI, Excel, Machine Learning, NLP. Hybrid role with mid level experience requirements.",625000,6
JOB10507,Ai/Ml Intern,Cognizant,Gurgaon,UK,Senior,Full Time,Remote,350000,500000,INR,2026-05-23,Consulting,1-50,Yes,No,Yes,No,Yes,No,No,No,No,No,No,No,Yes,No,No,7,Bachelor's,"Seeking a AI/ML Intern to support Consulting projects. Key skills include Python, Power BI, Tableau, Statistics. Remote role with senior experience requirements.",425000,4
JOB10416,Machine Learning Engineer,Infosys,Pune,Germany,Mid Level,Full Time,Hybrid,920000,1340000,INR,2026-04-16,Education,51-200,Yes,Yes,No,Yes,No,Yes,No,No,No,No,No,Yes,No,No,Yes,5,MBA,"Seeking a Machine Learning Engineer to support Education projects. Key skills include Python, SQL, Excel, Machine Learning, GCP, Generative AI. Hybrid role with mid level experience requirements.",1130000,6
JOB11687,Ai/Ml Intern,Tech Mahindra,Hyderabad,India,Mid Level,Full Time,On-site,300000,380000,INR,2025-11-25,Healthcare,1000+,Yes,Yes,No,Yes,No,Yes,No,No,No,No,No,No,Yes,No,No,5,Bachelor's,"Seeking a AI/ML Intern to support Healthcare projects. Key skills include Python, SQL, Excel, Machine Learning, Statistics. On-site role with mid level experience requirements.",340000,5
JOB10809,Machine Learning Engineer,Siemens,Gurgaon,India,Mid Level,Full Time,Hybrid,990000,1210000,INR,2025-11-18,Technology,501-1000,Yes,Yes,No,Yes,Yes,Yes,No,Yes,Yes,Yes,No,No,No,No,No,5,Bachelor's,"Seeking a Machine Learning Engineer to support Technology projects. Key skills include Python, SQL, Excel, Tableau, Machine Learning, TensorFlow, PyTorch. Hybrid role with mid level experience requirements.",1100000,8
JOB11321,Data Scientist,Microsoft,Mumbai,India,Mid Level,Full Time,On-site,840000,1120000,INR,2025-10-21,Consulting,1000+,Yes,No,No,Yes,No,No,No,No,No,No,No,No,No,No,No,2,Bachelor's,"Seeking a Data Scientist to support Consulting projects. Key skills include Python, Excel. On-site role with mid level experience requirements.",980000,2
JOB10882,Data Engineer,Google,Pune,India,Lead,Full Time,Hybrid,990000,1260000,INR,2026-05-21,Technology,201-500,Yes,Yes,Yes,No,Yes,No,No,No,No,Yes,No,No,No,Yes,No,13,Bachelor's,"Seeking a Data Engineer to support Technology projects. Key skills include Python, SQL, Power BI, Tableau, AWS, NLP. Hybrid role with lead experience requirements.",1125000,6
JOB11734,Machine Learning Engineer,JPMorgan Chase,Bangalore,India,Mid Level,Internship,Hybrid,1110000,1460000,INR,2026-03-21,Technology,1000+,Yes,Yes,Yes,No,Yes,Yes,No,No,No,No,No,No,No,No,No,4,Bachelor's,"Seeking a Machine Learning Engineer to support Technology projects. Key skills include Python, SQL, Power BI, Tableau, Machine Learning. Hybrid role with mid level experience requirements.",1285000,5
JOB10801,Bi Analyst,Infosys,Delhi,India,Senior,Full Time,On-site,880000,1090000,INR,2025-04-16,IT Services,1000+,Yes,Yes,Yes,Yes,No,Yes,No,No,No,No,No,Yes,No,No,No,7,MBA,"Seeking a BI Analyst to support IT Services projects. Key skills include Python, SQL, Power BI, Excel, Machine Learning, GCP. On-site role with senior experience requirements.",985000,6
JOB10376,Data Scientist,Genpact,Pune,USA,Entry Level,Full Time,On-site,630000,1000000,GBP,2025-10-01,Healthcare,1000+,Yes,No,No,Yes,No,No,Yes,No,Yes,No,No,No,Yes,No,No,1,Master's,"Seeking a Data Scientist to support Healthcare projects. Key skills include Python, Excel, Deep Learning, PyTorch, Statistics. On-site role with entry level experience requirements.",815000,5
JOB10197,Bi Analyst,SAP,Noida,UK,Mid Level,Full Time,On-site,680000,810000,INR,2025-01-31,Technology,1000+,Yes,Yes,Yes,Yes,No,No,No,No,No,No,No,Yes,No,Yes,No,3,Diploma,"Seeking a BI Analyst to support Technology projects. Key skills include Python, SQL, Power BI, Excel, GCP, NLP. On-site role with mid level experience requirements.",745000,6
JOB11294,Bi Analyst,IBM,Kolkata,India,Mid Level,Full Time,Hybrid,510000,740000,INR,2025-02-28,Technology,1000+,Yes,Yes,Yes,Yes,Yes,Yes,No,No,No,Yes,No,No,No,No,No,4,MBA,"Seeking a BI Analyst to support Technology projects. Key skills include Python, SQL, Power BI, Excel, Tableau, Machine Learning, AWS. Hybrid role with mid level experience requirements.",625000,7
JOB10065,Data Scientist,Tech Mahindra,Kolkata,India,Entry Level,Full Time,On-site,840000,1210000,INR,2025-08-17,Manufacturing,1-50,Yes,No,Yes,Yes,No,Yes,No,No,No,No,No,No,Yes,No,Yes,2,Bachelor's,"Seeking a Data Scientist to support Manufacturing projects. Key skills include Python, Power BI, Excel, Machine Learning, Statistics, Generative AI. On-site role with entry level experience requirements.",1025000,6
JOB11892,Machine Learning Engineer,TCS,Mumbai,India,Mid Level,Full Time,On-site,1160000,1430000,INR,2025-11-20,Finance,1000+,Yes,Yes,No,Yes,Yes,Yes,Yes,No,No,No,Yes,No,No,No,Yes,5,Bachelor's,"Seeking a Machine Learning Engineer to support Finance projects. Key skills include Python, SQL, Excel, Tableau, Machine Learning, Deep Learning, Azure. On-site role with mid level experience requirements.",1295000,8
JOB10848,Nlp Engineer,Accenture,Chennai,India,Mid Level,Full Time,Hybrid,960000,1170000,INR,2025-05-28,Technology,51-200,Yes,Yes,No,Yes,Yes,No,Yes,No,No,No,No,No,Yes,No,No,2,Master's,"Seeking a NLP Engineer to support Technology projects. Key skills include Python, SQL, Excel, Tableau, Deep Learning, Statistics. Hybrid role with mid level experience requirements.",1065000,6
JOB10380,Data Scientist,Capgemini,Pune,India,Entry Level,Full Time,Hybrid,650000,940000,INR,2025-04-25,Technology,51-200,Yes,Yes,No,Yes,Yes,Yes,No,No,No,No,No,No,Yes,Yes,No,0,Bachelor's,"Seeking a Data Scientist to support Technology projects. Key skills include Python, SQL, Excel, Tableau, Machine Learning, Statistics, NLP. Hybrid role with entry level experience requirements.",795000,7
JOB11607,Data Analyst,SAP,Pune,USA,Mid Level,Full Time,Hybrid,490000,710000,EUR,2025-09-02,E-commerce,51-200,No,Yes,No,Yes,No,No,No,No,No,No,Yes,No,No,Yes,No,5,Bachelor's,"Seeking a Data Analyst to support E-commerce projects. Key skills include SQL, Excel, Azure, NLP. Hybrid role with mid level experience requirements.",600000,4
JOB10972,Ai/Ml Intern,HCLTech,Mumbai,USA,Mid Level,Full Time,Remote,290000,400000,USD,2026-07-29,IT Services,51-200,Yes,Yes,No,No,No,Yes,No,No,No,No,No,No,Yes,Yes,No,4,Bachelor's,"Seeking a AI/ML Intern to support IT Services projects. Key skills include Python, SQL, Machine Learning, Statistics, NLP. Remote role with mid level experience requirements.",345000,5
JOB11225,Machine Learning Engineer,Tech Mahindra,Mumbai,India,Lead,Full Time,Hybrid,1610000,2040000,INR,2026-01-14,Consulting,201-500,Yes,Yes,No,Yes,Yes,Yes,Yes,No,No,Yes,No,No,Yes,No,Yes,8,Diploma,"Seeking a Machine Learning Engineer to support Consulting projects. Key skills include Python, SQL, Excel, Tableau, Machine Learning, Deep Learning, AWS. Hybrid role with lead experience requirements.",1825000,9
JOB11071,Data Scientist,NVIDIA,Noida,India,Entry Level,Full Time,On-site,660000,980000,INR,2025-04-18,Technology,1000+,Yes,Yes,No,No,No,Yes,Yes,No,Yes,Yes,Yes,No,Yes,No,No,0,Master's,"Seeking a Data Scientist to support Technology projects. Key skills include Python, SQL, Machine Learning, Deep Learning, PyTorch, AWS, Azure. On-site role with entry level experience requirements.",820000,8
JOB10139,Machine Learning Engineer,TCS,Pune,India,Mid Level,Full Time,On-site,1150000,1440000,INR,2026-07-05,Technology,1000+,Yes,Yes,No,Yes,No,No,Yes,No,No,No,Yes,Yes,Yes,No,No,4,Bachelor's,"Seeking a Machine Learning Engineer to support Technology projects. Key skills include Python, SQL, Excel, Deep Learning, Azure, GCP, Statistics. On-site role with mid level experience requirements.",1295000,7
JOB10358,Data Engineer,SAP,Delhi,India,Senior,Full Time,On-site,820000,1110000,INR,2026-06-03,Education,51-200,Yes,Yes,Yes,No,No,Yes,No,No,No,Yes,Yes,No,Yes,No,No,5,MBA,"Seeking a Data Engineer to support Education projects. Key skills include Python, SQL, Power BI, Machine Learning, AWS, Azure, Statistics. On-site role with senior experience requirements.",965000,7
JOB10484,Data Engineer,Accenture,Hyderabad,India,Senior,Full Time,Hybrid,840000,1110000,INR,2025-06-10,Healthcare,1000+,Yes,Yes,No,No,No,Yes,No,Yes,No,Yes,No,No,Yes,No,No,8,Bachelor's,"Seeking a Data Engineer to support Healthcare projects. Key skills include Python, SQL, Machine Learning, TensorFlow, AWS, Statistics. Hybrid role with senior experience requirements.",975000,6
JOB10236,Bi Analyst,Google,Mumbai,India,Mid Level,Full Time,On-site,500000,630000,CAD,2025-11-13,Consulting,201-500,Yes,Yes,Yes,Yes,No,Yes,Yes,No,No,No,No,No,No,No,No,4,Master's,"Seeking a BI Analyst to support Consulting projects. Key skills include Python, SQL, Power BI, Excel, Machine Learning, Deep Learning. On-site role with mid level experience requirements.",565000,6
JOB11382,Machine Learning Engineer,Tech Mahindra,Noida,India,Mid Level,Full Time,Hybrid,1000000,1220000,INR,2026-03-27,E-commerce,1000+,Yes,No,Yes,Yes,Yes,Yes,Yes,Yes,No,No,No,No,No,No,Yes,2,Master's,"Seeking a Machine Learning Engineer to support E-commerce projects. Key skills include Python, Power BI, Excel, Tableau, Machine Learning, Deep Learning, TensorFlow. Hybrid role with mid level experience requirements.",1110000,8
JOB10787,Data Engineer,Cisco,Kolkata,UK,Mid Level,Full Time,On-site,850000,1070000,EUR,2026-01-01,IT Services,201-500,No,Yes,Yes,Yes,Yes,No,No,Yes,No,No,No,No,Yes,No,No,3,Bachelor's,"Seeking a Data Engineer to support IT Services projects. Key skills include SQL, Power BI, Excel, Tableau, TensorFlow, Statistics. On-site role with mid level experience requirements.",960000,6
JOB11402,Data Analyst,Amazon,Bangalore,India,Entry Level,Full Time,On-site,440000,540000,INR,2025-12-17,Consulting,1000+,Yes,Yes,No,Yes,Yes,No,No,No,No,Yes,No,Yes,Yes,No,No,1,MBA,"Seeking a Data Analyst to support Consulting projects. Key skills include Python, SQL, Excel, Tableau, AWS, GCP, Statistics. On-site role with entry level experience requirements.",490000,7
JOB11260,Data Engineer,JPMorgan Chase,Hyderabad,Germany,Entry Level,Full Time,Hybrid,580000,860000,INR,2025-06-25,Education,501-1000,Yes,Yes,No,No,Yes,Yes,No,Yes,No,No,No,No,No,No,Yes,0,Bachelor's,"Seeking a Data Engineer to support Education projects. Key skills include Python, SQL, Tableau, Machine Learning, TensorFlow, Generative AI. Hybrid role with entry level experience requirements.",720000,6
JOB11562,Data Scientist,Adobe,Bangalore,Germany,Mid Level,Full Time,On-site,830000,1030000,INR,2025-04-09,IT Services,1000+,Yes,Yes,No,Yes,No,Yes,No,No,No,No,No,No,Yes,No,No,2,MBA,"Seeking a Data Scientist to support IT Services projects. Key skills include Python, SQL, Excel, Machine Learning, Statistics. On-site role with mid level experience requirements.",930000,5
JOB10704,Data Analyst,Walmart Global Tech,Kolkata,Singapore,Entry Level,Full Time,Remote,490000,700000,CAD,2026-02-12,Technology,1000+,No,Yes,Yes,Yes,No,No,No,No,No,No,Yes,No,Yes,No,No,1,Bachelor's,"Seeking a Data Analyst to support Technology projects. Key skills include SQL, Power BI, Excel, Azure, Statistics. Remote role with entry level experience requirements.",595000,5
JOB10591,Data Analyst,Capgemini,Pune,India,Entry Level,Internship,Remote,490000,670000,INR,2026-07-03,IT Services,501-1000,Yes,Yes,Yes,Yes,No,No,Yes,No,No,No,No,No,No,No,No,1,Bachelor's,"Seeking a Data Analyst to support IT Services projects. Key skills include Python, SQL, Power BI, Excel, Deep Learning. Remote role with entry level experience requirements.",580000,5
JOB11393,Data Analyst,TCS,Noida,Canada,Mid Level,Full Time,Hybrid,630000,760000,SGD,2026-03-20,Technology,51-200,Yes,Yes,No,No,No,No,No,No,No,No,No,Yes,No,No,No,5,Bachelor's,"Seeking a Data Analyst to support Technology projects. Key skills include Python, SQL, GCP. Hybrid role with mid level experience requirements.",695000,3
JOB10945,Data Analyst,Genpact,Bangalore,India,Mid Level,Full Time,Hybrid,540000,650000,USD,2025-01-21,Technology,51-200,No,Yes,Yes,Yes,No,No,Yes,No,No,No,Yes,No,No,No,No,4,Master's,"Seeking a Data Analyst to support Technology projects. Key skills include SQL, Power BI, Excel, Tableau, Deep Learning, Azure. Hybrid role with mid level experience requirements.",595000,5
JOB10176,Data Analyst,Amazon,Chennai,India,Entry Level,Full Time,On-site,370000,530000,INR,2026-01-25,Healthcare,201-500,No,Yes,Yes,Yes,No,No,No,No,No,Yes,Yes,No,Yes,No,No,1,Bachelor's,"Seeking a Data Analyst to support Healthcare projects. Key skills include SQL, Power BI, Excel, AWS, Azure, Statistics. On-site role with entry level experience requirements.",450000,6
JOB10436,Bi Analyst,Siemens,Hyderabad,India,Senior,Full Time,Remote,720000,960000,INR,2025-10-07,Technology,1-50,Yes,Yes,Yes,Yes,Yes,No,No,No,No,No,No,No,No,No,Yes,5,Bachelor's,"Seeking a BI Analyst to support Technology projects. Key skills include Python, SQL, Power BI, Excel, Tableau, Generative AI. Remote role with senior experience requirements.",840000,6
JOB10823,Data Scientist,Wipro,Pune,India,Mid Level,Contract,Hybrid,1000000,1220000,INR,2026-02-01,E-commerce,1000+,Yes,Yes,No,Yes,No,No,Yes,No,No,No,No,No,Yes,No,No,2,Bachelor's,"Seeking a Data Scientist to support E-commerce projects. Key skills include Python, SQL, Excel, Deep Learning, Statistics. Hybrid role with mid level experience requirements.",1110000,5
JOB11443,Data Engineer,Cognizant,Mumbai,Canada,Senior,Part Time,On-site,1190000,1480000,INR,2025-01-30,Finance,1000+,Yes,Yes,No,No,No,No,No,No,No,No,Yes,No,No,No,No,10,Bachelor's,"Seeking a Data Engineer to support Finance projects. Key skills include Python, SQL, Azure. On-site role with senior experience requirements.",1335000,3
JOB10375,Data Analyst,Adobe,Mumbai,India,Mid Level,Full Time,On-site,560000,740000,INR,2025-11-03,E-commerce,1000+,Yes,Yes,Yes,Yes,No,No,No,No,No,No,Yes,No,Yes,No,Yes,5,Bachelor's,"Seeking a Data Analyst to support E-commerce projects. Key skills include Python, SQL, Power BI, Excel, Azure, Statistics, Generative AI. On-site role with mid level experience requirements.",650000,7
JOB11104,Ai/Ml Intern,IBM,Mumbai,India,Mid Level,Full Time,Hybrid,290000,410000,INR,2025-10-20,Consulting,51-200,Yes,Yes,Yes,No,No,Yes,No,No,Yes,Yes,Yes,No,Yes,No,Yes,4,Diploma,"Seeking a AI/ML Intern to support Consulting projects. Key skills include Python, SQL, Power BI, Machine Learning, PyTorch, AWS, Azure. Hybrid role with mid level experience requirements.",350000,9
JOB10803,Ai Engineer,Deloitte,Gurgaon,India,Senior,Part Time,On-site,1310000,1700000,USD,2025-12-08,Technology,1000+,Yes,Yes,No,Yes,Yes,No,No,No,No,No,No,No,Yes,No,Yes,8,Bachelor's,"Seeking a AI Engineer to support Technology projects. Key skills include Python, SQL, Excel, Tableau, Statistics, Generative AI. On-site role with senior experience requirements.",1505000,6
JOB10083,Data Scientist,Deloitte,Hyderabad,India,Entry Level,Full Time,Hybrid,750000,980000,GBP,2026-05-01,Technology,201-500,Yes,Yes,Yes,No,No,Yes,No,No,No,No,No,No,No,No,No,1,Bachelor's,"Seeking a Data Scientist to support Technology projects. Key skills include Python, SQL, Power BI, Machine Learning. Hybrid role with entry level experience requirements.",865000,4
JOB10438,Ml Engineer,Microsoft,Remote,Germany,Senior,Full Time,Hybrid,1070000,1360000,INR,2025-06-02,Consulting,501-1000,No,Yes,Yes,No,Yes,Yes,Yes,No,No,Yes,No,No,No,No,Yes,9,Bachelor's,"Seeking a ML Engineer to support Consulting projects. Key skills include SQL, Power BI, Tableau, Machine Learning, Deep Learning, AWS, Generative AI. Hybrid role with senior experience requirements.",1215000,7
JOB10553,Ai Engineer,Oracle,Hyderabad,India,Mid Level,Full Time,Remote,1040000,1360000,INR,2025-03-19,Healthcare,1-50,Yes,No,No,No,No,Yes,No,No,No,No,Yes,No,No,No,No,2,Bachelor's,"Seeking a AI Engineer to support Healthcare projects. Key skills include Python, Machine Learning, Azure. Remote role with mid level experience requirements.",1200000,3
JOB11297,Data Analyst,Capgemini,Bangalore,India,Mid Level,Internship,Hybrid,550000,730000,INR,2025-12-05,Consulting,1000+,Yes,Yes,No,Yes,No,No,No,No,No,No,No,No,Yes,No,No,2,Master's,"Seeking a Data Analyst to support Consulting projects. Key skills include Python, SQL, Excel, Statistics. Hybrid role with mid level experience requirements.",640000,4
JOB10806,Bi Analyst,Oracle,Hyderabad,India,Mid Level,Full Time,Hybrid,620000,800000,INR,2025-07-25,Technology,1-50,No,Yes,No,Yes,No,No,Yes,No,No,No,Yes,Yes,Yes,No,No,5,Bachelor's,"Seeking a BI Analyst to support Technology projects. Key skills include SQL, Excel, Deep Learning, Azure, GCP, Statistics. Hybrid role with mid level experience requirements.",710000,6
JOB11134,Data Scientist,Walmart Global Tech,Gurgaon,Canada,Entry Level,Full Time,On-site,760000,950000,INR,2026-04-06,Technology,1000+,Yes,Yes,No,No,No,Yes,No,No,No,Yes,No,No,No,Yes,No,1,Bachelor's,"Seeking a Data Scientist to support Technology projects. Key skills include Python, SQL, Machine Learning, AWS, NLP. On-site role with entry level experience requirements.",855000,5
JOB11403,Data Analyst,Cisco,Pune,India,Entry Level,Full Time,On-site,410000,600000,GBP,2025-11-15,Technology,501-1000,Yes,Yes,No,Yes,Yes,No,No,No,Yes,No,No,No,No,No,Yes,0,Bachelor's,"Seeking a Data Analyst to support Technology projects. Key skills include Python, SQL, Excel, Tableau, PyTorch, Generative AI. On-site role with entry level experience requirements.",505000,6
JOB11254,Data Analyst,NVIDIA,Pune,Australia,Entry Level,Full Time,Hybrid,460000,670000,INR,2025-10-07,IT Services,501-1000,Yes,Yes,No,Yes,No,Yes,No,No,No,No,No,No,Yes,No,No,2,PhD,"Seeking a Data Analyst to support IT Services projects. Key skills include Python, SQL, Excel, Machine Learning, Statistics. Hybrid role with entry level experience requirements.",565000,5
JOB11793,Ai Engineer,SAP,Chennai,India,Mid Level,Full Time,On-site,1030000,1430000,INR,2025-04-29,Technology,1000+,Yes,Yes,No,No,No,Yes,No,No,No,Yes,No,No,No,No,No,3,Bachelor's,"Seeking a AI Engineer to support Technology projects. Key skills include Python, SQL, Machine Learning, AWS. On-site role with mid level experience requirements.",1230000,4
JOB11112,Data Scientist,Infosys,Delhi,India,Senior,Contract,Hybrid,910000,1230000,INR,2025-10-05,Technology,501-1000,Yes,Yes,Yes,No,No,No,No,No,No,No,Yes,Yes,No,Yes,No,8,Bachelor's,"Seeking a Data Scientist to support Technology projects. Key skills include Python, SQL, Power BI, Azure, GCP, NLP. Hybrid role with senior experience requirements.",1070000,6
JOB10369,Data Analyst,Wipro,Hyderabad,India,Mid Level,Full Time,Remote,560000,680000,INR,2025-07-03,Finance,501-1000,No,Yes,Yes,Yes,No,No,No,Yes,No,No,No,No,Yes,No,No,5,Bachelor's,"Seeking a Data Analyst to support Finance projects. Key skills include SQL, Power BI, Excel, TensorFlow, Statistics. Remote role with mid level experience requirements.",620000,5
JOB10451,Ml Engineer,Tech Mahindra,Ahmedabad,USA,Entry Level,Full Time,Hybrid,630000,1000000,INR,2025-09-24,Technology,Unknown,Yes,Yes,No,No,Yes,No,No,Yes,No,No,No,No,No,Yes,No,1,Bachelor's,"Seeking a ML Engineer to support Technology projects. Key skills include Python, SQL, Tableau, TensorFlow, NLP. Hybrid role with entry level experience requirements.",815000,5
JOB10278,Data Engineer,Siemens,Delhi,India,Senior,Internship,Remote,1160000,1450000,USD,2025-01-30,Technology,1000+,Yes,Yes,Yes,No,No,No,No,No,No,Yes,Yes,Yes,Yes,No,No,6,Bachelor's,"Seeking a Data Engineer to support Technology projects. Key skills include Python, SQL, Power BI, AWS, Azure, GCP, Statistics. Remote role with senior experience requirements.",1305000,7
JOB11969,Data Scientist,Microsoft,Remote,UK,Mid Level,Full Time,On-site,970000,1200000,GBP,2026-03-11,Education,1-50,Yes,Yes,Yes,Yes,No,Yes,No,No,No,No,Yes,No,No,No,No,3,Master's,"Seeking a Data Scientist to support Education projects. Key skills include Python, SQL, Power BI, Excel, Machine Learning, Azure. On-site role with mid level experience requirements.",1085000,6
JOB10572,Ml Engineer,Genpact,Pune,India,Mid Level,Full Time,Hybrid,1120000,1380000,CAD,2026-05-04,Technology,201-500,Yes,No,Yes,No,Yes,Yes,Yes,No,Yes,No,No,No,No,No,No,4,Bachelor's,"Seeking a ML Engineer to support Technology projects. Key skills include Python, Power BI, Tableau, Machine Learning, Deep Learning, PyTorch, AWS. Hybrid role with mid level experience requirements.",1250000,6
JOB10677,Data Analyst,Wipro,Bangalore,India,Senior,Full Time,Hybrid,630000,810000,INR,2026-04-24,Finance,501-1000,Yes,Yes,Yes,Yes,Yes,No,No,No,Yes,Yes,No,No,No,No,No,8,Bachelor's,"Seeking a Data Analyst to support Finance projects. Key skills include Python, SQL, Power BI, Excel, Tableau, PyTorch, AWS. Hybrid role with senior experience requirements.",720000,7
JOB11534,Data Scientist,HCLTech,Delhi,USA,Senior,Full Time,Remote,1140000,1460000,INR,2025-05-20,Finance,1000+,Yes,Yes,No,No,No,No,No,No,No,No,Yes,No,No,No,No,6,Master's,"Seeking a Data Scientist to support Finance projects. Key skills include Python, SQL, Azure. Remote role with senior experience requirements.",1300000,3
JOB11401,Data Analyst,Microsoft,Chennai,India,Mid Level,Full Time,Hybrid,510000,630000,INR,2025-07-23,Technology,1000+,No,Yes,Yes,No,Yes,No,No,Yes,Yes,No,No,No,Yes,No,Yes,3,Bachelor's,"Seeking a Data Analyst to support Technology projects. Key skills include SQL, Power BI, Tableau, TensorFlow, PyTorch, Statistics, Generative AI. Hybrid role with mid level experience requirements.",570000,7
JOB10872,Data Scientist,Deloitte,Noida,Canada,Mid Level,Full Time,On-site,1020000,1360000,INR,2026-04-13,Finance,1000+,Yes,Yes,No,Yes,Yes,Yes,No,No,No,Yes,No,No,Yes,Yes,No,2,Bachelor's,"Seeking a Data Scientist to support Finance projects. Key skills include Python, SQL, Excel, Tableau, Machine Learning, AWS, Statistics. On-site role with mid level experience requirements.",1190000,8
JOB10715,Data Scientist,Amazon,Bangalore,India,Senior,Full Time,On-site,1010000,1330000,INR,2025-06-26,Technology,1000+,Yes,Yes,No,Yes,No,Yes,No,No,No,Yes,No,No,Yes,No,No,5,Bachelor's,"Seeking a Data Scientist to support Technology projects. Key skills include Python, SQL, Excel, Machine Learning, AWS, Statistics. On-site role with senior experience requirements.",1170000,6
JOB11628,Ai Engineer,Siemens,Ahmedabad,India,Lead,Full Time,On-site,1640000,1910000,INR,2025-09-29,IT Services,1000+,Yes,Yes,No,Yes,No,Yes,No,No,No,No,No,Yes,Yes,No,Yes,15,Bachelor's,"Seeking a AI Engineer to support IT Services projects. Key skills include Python, SQL, Excel, Machine Learning, GCP, Statistics, Generative AI. On-site role with lead experience requirements.",1775000,7
JOB10594,Data Scientist,Amazon,Pune,India,Lead,Full Time,On-site,1200000,1540000,USD,2025-03-17,E-commerce,1-50,Yes,No,No,Yes,No,Yes,No,Yes,No,No,No,No,Yes,No,Yes,14,Bachelor's,"Seeking a Data Scientist to support E-commerce projects. Key skills include Python, Excel, Machine Learning, TensorFlow, Statistics, Generative AI. On-site role with lead experience requirements.",1370000,6
JOB11538,Bi Analyst,Persistent Systems,Noida,India,Entry Level,Full Time,Hybrid,410000,590000,GBP,2025-02-06,Education,1-50,Yes,Yes,Yes,Yes,No,Yes,No,No,Yes,Yes,No,No,Yes,No,Yes,1,Master's,"Seeking a BI Analyst to support Education projects. Key skills include Python, SQL, Power BI, Excel, Machine Learning, PyTorch, AWS. Hybrid role with entry level experience requirements.",500000,9
JOB10628,Bi Analyst,LTIMindtree,Noida,India,Senior,Full Time,On-site,710000,940000,INR,2025-06-06,Technology,1-50,No,Yes,Yes,No,No,No,Yes,No,No,No,No,No,Yes,No,No,5,Bachelor's,"Seeking a BI Analyst to support Technology projects. Key skills include SQL, Power BI, Deep Learning, Statistics. On-site role with senior experience requirements.",825000,4
JOB10429,Data Scientist,Oracle,Delhi,India,Lead,Full Time,On-site,1360000,1550000,INR,2025-02-04,Telecommunications,201-500,Yes,Yes,Yes,No,No,Yes,No,Yes,No,No,No,Yes,Yes,No,No,15,Master's,"Seeking a Data Scientist to support Telecommunications projects. Key skills include Python, SQL, Power BI, Machine Learning, TensorFlow, GCP, Statistics. On-site role with lead experience requirements.",1455000,7
JOB11106,Data Analyst,Microsoft,Noida,UK,Entry Level,Full Time,Hybrid,470000,590000,CAD,2026-06-13,E-commerce,501-1000,Yes,Yes,Yes,No,Yes,Yes,No,No,No,No,No,No,Yes,Yes,No,1,Master's,"Seeking a Data Analyst to support E-commerce projects. Key skills include Python, SQL, Power BI, Tableau, Machine Learning, Statistics, NLP. Hybrid role with entry level experience requirements.",530000,7
JOB11033,Data Scientist,Oracle,Noida,India,Entry Level,Full Time,Remote,710000,1010000,INR,2025-04-19,Finance,501-1000,Yes,Yes,No,Yes,No,Yes,No,No,No,Yes,No,No,Yes,Yes,Yes,1,Bachelor's,"Seeking a Data Scientist to support Finance projects. Key skills include Python, SQL, Excel, Machine Learning, AWS, Statistics, NLP. Remote role with entry level experience requirements.",860000,8
JOB10721,Ai/Ml Intern,LTIMindtree,Chennai,India,Entry Level,Full Time,Remote,240000,380000,INR,2025-04-27,Technology,1000+,Yes,Yes,No,Yes,No,No,No,No,No,No,No,No,No,No,Yes,1,Bachelor's,"Seeking a AI/ML Intern to support Technology projects. Key skills include Python, SQL, Excel, Generative AI. Remote role with entry level experience requirements.",310000,4
JOB10345,Machine Learning Engineer,Persistent Systems,Delhi,Canada,Mid Level,Full Time,On-site,800000,1130000,INR,2025-08-28,Technology,501-1000,Yes,Yes,No,Yes,No,Yes,No,Yes,No,No,No,No,No,No,Yes,5,Bachelor's,"Seeking a Machine Learning Engineer to support Technology projects. Key skills include Python, SQL, Excel, Machine Learning, TensorFlow, Generative AI. On-site role with mid level experience requirements.",965000,6
JOB11398,Data Scientist,Cisco,Gurgaon,India,Senior,Full Time,On-site,880000,1150000,INR,2026-07-04,IT Services,201-500,Yes,Yes,No,Yes,Yes,Yes,No,No,No,No,No,No,No,No,No,8,Diploma,"Seeking a Data Scientist to support IT Services projects. Key skills include Python, SQL, Excel, Tableau, Machine Learning. On-site role with senior experience requirements.",1015000,5
JOB10426,Ai Engineer,IBM,Gurgaon,India,Mid Level,Full Time,Remote,1110000,1400000,INR,2025-10-29,IT Services,1000+,Yes,Yes,No,Yes,Yes,Yes,No,No,No,No,No,No,No,No,Yes,3,Master's,"Seeking a AI Engineer to support IT Services projects. Key skills include Python, SQL, Excel, Tableau, Machine Learning, Generative AI. Remote role with mid level experience requirements.",1255000,6
JOB11760,Ai Engineer,Persistent Systems,Mumbai,India,Senior,Full Time,On-site,1580000,1810000,GBP,2025-05-12,Telecommunications,501-1000,Yes,No,No,No,Yes,Yes,Yes,No,No,No,No,No,No,No,No,7,Bachelor's,"Seeking a AI Engineer to support Telecommunications projects. Key skills include Python, Tableau, Machine Learning, Deep Learning. On-site role with senior experience requirements.",1695000,4
JOB10052,Ml Engineer,Bosch,Delhi,Australia,Senior,Full Time,On-site,1200000,1540000,INR,2025-10-23,IT Services,1000+,Yes,No,Yes,Yes,No,Yes,No,Yes,No,Yes,Yes,No,No,No,No,6,Bachelor's,"Seeking a ML Engineer to support IT Services projects. Key skills include Python, Power BI, Excel, Machine Learning, TensorFlow, AWS, Azure. On-site role with senior experience requirements.",1370000,7
JOB10974,Data Analyst,LTIMindtree,Ahmedabad,India,Mid Level,Internship,On-site,590000,740000,INR,2026-07-09,Technology,501-1000,Yes,Yes,Yes,No,No,Yes,Yes,Yes,No,No,No,No,Yes,No,No,5,Master's,"Seeking a Data Analyst to support Technology projects. Key skills include Python, SQL, Power BI, Machine Learning, Deep Learning, TensorFlow, Statistics. On-site role with mid level experience requirements.",665000,7
JOB11626,Bi Analyst,TCS,Hyderabad,India,Mid Level,Full Time,Remote,590000,740000,INR,2026-01-29,Technology,Unknown,No,Yes,Yes,Yes,No,Yes,No,No,No,Yes,No,No,No,No,No,4,Bachelor's,"Seeking a BI Analyst to support Technology projects. Key skills include SQL, Power BI, Excel, Machine Learning, AWS. Remote role with mid level experience requirements.",665000,5
JOB10519,Nlp Engineer,NVIDIA,Hyderabad,India,Mid Level,Full Time,Remote,1000000,1250000,INR,2026-07-08,IT Services,1000+,Yes,Yes,No,No,No,No,Yes,No,No,Yes,No,No,No,No,No,4,MBA,"Seeking a NLP Engineer to support IT Services projects. Key skills include Python, SQL, Deep Learning, AWS. Remote role with mid level experience requirements.",1125000,4
JOB10880,Data Scientist,Adobe,Bangalore,India,Senior,Full Time,Hybrid,1190000,1560000,INR,2025-06-24,Manufacturing,501-1000,Yes,Yes,No,Yes,No,Yes,No,No,No,No,No,No,Yes,Yes,Yes,9,MBA,"Seeking a Data Scientist to support Manufacturing projects. Key skills include Python, SQL, Excel, Machine Learning, Statistics, NLP, Generative AI. Hybrid role with senior experience requirements.",1375000,7
JOB11239,Nlp Engineer,Oracle,Bangalore,India,Entry Level,Full Time,On-site,760000,1110000,INR,2026-01-12,Telecommunications,1000+,Yes,Yes,No,No,No,Yes,No,No,Yes,Yes,Yes,No,No,No,Yes,1,Bachelor's,"Seeking a NLP Engineer to support Telecommunications projects. Key skills include Python, SQL, Machine Learning, PyTorch, AWS, Azure, Generative AI. On-site role with entry level experience requirements.",935000,7
JOB11713,Ml Engineer,Genpact,Delhi,UK,Entry Level,Full Time,On-site,650000,1050000,EUR,2025-01-14,Consulting,201-500,Yes,Yes,Yes,Yes,No,No,No,No,Yes,No,No,No,No,No,No,1,Master's,"Seeking a ML Engineer to support Consulting projects. Key skills include Python, SQL, Power BI, Excel, PyTorch. On-site role with entry level experience requirements.",850000,5
JOB11381,Data Analyst,Siemens,Mumbai,India,Entry Level,Contract,On-site,380000,490000,INR,2025-08-02,IT Services,201-500,Yes,Yes,No,Yes,No,No,No,No,No,No,No,No,Yes,No,No,0,Diploma,"Seeking a Data Analyst to support IT Services projects. Key skills include Python, SQL, Excel, Statistics. On-site role with entry level experience requirements.",435000,4
JOB11051,Business Analyst,Wipro,Gurgaon,India,Entry Level,Internship,On-site,450000,580000,INR,2025-08-13,Healthcare,1000+,Yes,No,Yes,Yes,Yes,No,No,No,No,No,No,No,No,No,No,1,Master's,"Seeking a Business Analyst to support Healthcare projects. Key skills include Python, Power BI, Excel, Tableau. On-site role with entry level experience requirements.",515000,4
JOB10862,Machine Learning Engineer,Capgemini,Gurgaon,India,Mid Level,Full Time,On-site,1100000,1340000,INR,2025-08-16,Finance,1-50,Yes,No,No,Yes,No,Yes,No,Yes,No,Yes,No,No,No,No,No,4,Bachelor's,"Seeking a Machine Learning Engineer to support Finance projects. Key skills include Python, Excel, Machine Learning, TensorFlow, AWS. On-site role with mid level experience requirements.",1220000,5
JOB11270,Data Scientist,Walmart Global Tech,Mumbai,UK,Mid Level,Full Time,Hybrid,1000000,1220000,INR,2025-12-05,Healthcare,501-1000,Yes,Yes,No,No,No,No,No,No,No,No,No,No,No,No,No,3,Diploma,"Seeking a Data Scientist to support Healthcare projects. Key skills include Python, SQL. Hybrid role with mid level experience requirements.",1110000,2
JOB11054,Ml Engineer,TCS,Remote,India,Senior,Full Time,Hybrid,1160000,1480000,INR,2025-08-01,Manufacturing,51-200,Yes,No,No,Yes,No,No,No,Yes,Yes,No,No,No,No,No,Yes,7,Bachelor's,"Seeking a ML Engineer to support Manufacturing projects. Key skills include Python, Excel, TensorFlow, PyTorch, Generative AI. Hybrid role with senior experience requirements.",1320000,5
JOB11681,Data Scientist,Walmart Global Tech,Pune,India,Entry Level,Full Time,Hybrid,800000,1130000,USD,2025-09-30,Consulting,1000+,Yes,Yes,No,No,No,Yes,No,Yes,No,No,No,No,No,No,No,1,MBA,"Seeking a Data Scientist to support Consulting projects. Key skills include Python, SQL, Machine Learning, TensorFlow. Hybrid role with entry level experience requirements.",965000,4
JOB10346,Data Engineer,SAP,Noida,India,Senior,Internship,On-site,900000,1130000,INR,2026-03-21,IT Services,1000+,No,Yes,Yes,Yes,Yes,No,No,Yes,No,No,No,Yes,Yes,Yes,No,9,Bachelor's,"Seeking a Data Engineer to support IT Services projects. Key skills include SQL, Power BI, Excel, Tableau, TensorFlow, GCP, Statistics. On-site role with senior experience requirements.",1015000,8
JOB10998,Data Analyst,Microsoft,Ahmedabad,India,Mid Level,Full Time,On-site,470000,660000,INR,2025-06-13,IT Services,201-500,Yes,Yes,Yes,Yes,No,No,No,No,No,No,No,No,Yes,No,No,3,Master's,"Seeking a Data Analyst to support IT Services projects. Key skills include Python, SQL, Power BI, Excel, Statistics. On-site role with mid level experience requirements.",565000,5
JOB10696,Data Engineer,Siemens,Bangalore,India,Entry Level,Full Time,On-site,530000,820000,INR,2025-12-25,Telecommunications,501-1000,Yes,Yes,Yes,Yes,Yes,No,No,Yes,No,Yes,No,Yes,No,No,No,0,Bachelor's,"Seeking a Data Engineer to support Telecommunications projects. Key skills include Python, SQL, Power BI, Excel, Tableau, TensorFlow, AWS. On-site role with entry level experience requirements.",675000,8
JOB11313,Ai Engineer,Tech Mahindra,Gurgaon,India,Mid Level,Full Time,On-site,1250000,1490000,INR,2026-02-22,Consulting,201-500,Yes,No,No,Yes,No,Yes,Yes,No,No,No,No,No,No,Yes,Yes,2,Master's,"Seeking a AI Engineer to support Consulting projects. Key skills include Python, Excel, Machine Learning, Deep Learning, NLP, Generative AI. On-site role with mid level experience requirements.",1370000,6
JOB11997,Ai/Ml Intern,Capgemini,Noida,India,Entry Level,Internship,Remote,160000,250000,AUD,2025-12-17,Technology,201-500,Yes,No,No,No,No,Yes,No,No,No,No,No,No,No,No,Yes,1,Master's,"Seeking a AI/ML Intern to support Technology projects. Key skills include Python, Machine Learning, Generative AI. Remote role with entry level experience requirements.",205000,3
JOB10289,Data Scientist,Walmart Global Tech,Pune,India,Senior,Contract,On-site,1240000,1610000,INR,2026-05-26,Technology,501-1000,Yes,Yes,No,Yes,No,No,No,No,Yes,No,No,No,Yes,No,No,5,Master's,"Seeking a Data Scientist to support Technology projects. Key skills include Python, SQL, Excel, PyTorch, Statistics. On-site role with senior experience requirements.",1425000,5
JOB11021,Bi Analyst,Cisco,Delhi,Singapore,Entry Level,Full Time,Remote,440000,610000,INR,2025-12-11,Technology,1000+,No,Yes,Yes,Yes,Yes,No,No,No,No,No,No,Yes,No,No,No,0,Bachelor's,"Seeking a BI Analyst to support Technology projects. Key skills include SQL, Power BI, Excel, Tableau, GCP. Remote role with entry level experience requirements.",525000,5
JOB11572,Data Analyst,Cognizant,Bangalore,India,Senior,Full Time,On-site,680000,830000,AUD,2026-03-27,Healthcare,1000+,Yes,Yes,Yes,No,No,No,No,No,No,Yes,No,No,Yes,No,No,10,Bachelor's,"Seeking a Data Analyst to support Healthcare projects. Key skills include Python, SQL, Power BI, AWS, Statistics. On-site role with senior experience requirements.",755000,5
JOB10126,Machine Learning Engineer,Infosys,Noida,India,Senior,Full Time,Hybrid,1290000,1680000,USD,2026-03-06,Finance,1000+,Yes,Yes,No,No,No,Yes,Yes,No,Yes,Yes,Yes,No,No,Yes,No,7,Master's,"Seeking a Machine Learning Engineer to support Finance projects. Key skills include Python, SQL, Machine Learning, Deep Learning, PyTorch, AWS, Azure. Hybrid role with senior experience requirements.",1485000,8
JOB10365,Ai/Ml Intern,IBM,Ahmedabad,India,Mid Level,Internship,Hybrid,320000,420000,INR,2025-09-28,Consulting,501-1000,Yes,Yes,Yes,No,Yes,Yes,No,No,No,Yes,No,No,Yes,No,No,4,Bachelor's,"Seeking a AI/ML Intern to support Consulting projects. Key skills include Python, SQL, Power BI, Tableau, Machine Learning, AWS, Statistics. Hybrid role with mid level experience requirements.",370000,7
JOB11207,Bi Analyst,Persistent Systems,Delhi,India,Mid Level,Full Time,On-site,540000,720000,INR,2025-07-10,IT Services,201-500,Yes,Yes,Yes,Yes,Yes,No,No,No,No,Yes,Yes,No,Yes,Yes,No,3,Master's,"Seeking a BI Analyst to support IT Services projects. Key skills include Python, SQL, Power BI, Excel, Tableau, AWS, Azure. On-site role with mid level experience requirements.",630000,9
JOB10986,Ai Engineer,Microsoft,Mumbai,India,Lead,Full Time,Hybrid,1570000,1960000,SGD,2025-06-21,Telecommunications,1-50,Yes,No,No,Yes,Yes,No,Yes,No,No,No,No,No,No,No,No,10,Bachelor's,"Seeking a AI Engineer to support Telecommunications projects. Key skills include Python, Excel, Tableau, Deep Learning. Hybrid role with lead experience requirements.",1765000,4
JOB10877,Bi Analyst,Siemens,Chennai,India,Mid Level,Contract,On-site,610000,750000,INR,2025-10-06,Technology,201-500,Yes,Yes,No,Yes,Yes,Yes,No,No,No,No,No,No,No,No,No,2,Master's,"Seeking a BI Analyst to support Technology projects. Key skills include Python, SQL, Excel, Tableau, Machine Learning. On-site role with mid level experience requirements.",680000,5
JOB11103,Business Analyst,NVIDIA,Mumbai,India,Mid Level,Part Time,Remote,520000,690000,INR,2025-12-20,Telecommunications,1-50,Yes,Yes,No,Yes,No,No,Yes,No,No,No,Yes,No,No,No,No,2,Bachelor's,"Seeking a Business Analyst to support Telecommunications projects. Key skills include Python, SQL, Excel, Deep Learning, Azure. Remote role with mid level experience requirements.",605000,5
JOB11477,Ml Engineer,Wipro,Pune,Australia,Entry Level,Full Time,On-site,920000,1350000,INR,2025-12-21,Technology,1000+,Yes,Yes,Yes,Yes,No,Yes,Yes,No,Yes,Yes,No,Yes,No,No,No,0,Bachelor's,"Seeking a ML Engineer to support Technology projects. Key skills include Python, SQL, Power BI, Excel, Machine Learning, Deep Learning, PyTorch. On-site role with entry level experience requirements.",1135000,9
JOB11623,Ai Engineer,Oracle,Pune,India,Entry Level,Full Time,On-site,860000,1090000,INR,2025-11-10,Technology,1000+,Yes,Yes,No,Yes,Yes,Yes,Yes,No,No,No,Yes,No,Yes,No,Yes,0,Bachelor's,"Seeking a AI Engineer to support Technology projects. Key skills include Python, SQL, Excel, Tableau, Machine Learning, Deep Learning, Azure. On-site role with entry level experience requirements.",975000,9
JOB11897,Data Engineer,Tech Mahindra,Hyderabad,India,Entry Level,Full Time,Hybrid,740000,970000,CAD,2025-07-08,Healthcare,1000+,Yes,Yes,Yes,Yes,No,Yes,No,No,No,No,No,No,No,No,No,0,Bachelor's,"Seeking a Data Engineer to support Healthcare projects. Key skills include Python, SQL, Power BI, Excel, Machine Learning. Hybrid role with entry level experience requirements.",855000,5
JOB10528,Data Scientist,HCLTech,Delhi,India,Entry Level,Internship,On-site,560000,810000,INR,2026-01-27,Consulting,51-200,Yes,No,No,Yes,No,Yes,No,No,No,No,Yes,No,Yes,No,No,0,Master's,"Seeking a Data Scientist to support Consulting projects. Key skills include Python, Excel, Machine Learning, Azure, Statistics. On-site role with entry level experience requirements.",685000,5
JOB11285,Data Scientist,Persistent Systems,Gurgaon,India,Entry Level,Full Time,Hybrid,640000,970000,INR,2025-12-30,Finance,501-1000,Yes,Yes,No,No,No,Yes,No,No,No,No,No,Yes,Yes,No,No,0,Bachelor's,"Seeking a Data Scientist to support Finance projects. Key skills include Python, SQL, Machine Learning, GCP, Statistics. Hybrid role with entry level experience requirements.",805000,5
JOB11677,Data Analyst,Persistent Systems,Noida,Canada,Entry Level,Full Time,Remote,360000,560000,INR,2025-06-22,Finance,1-50,Yes,Yes,No,Yes,No,No,No,No,No,Yes,No,No,No,No,No,1,Master's,"Seeking a Data Analyst to support Finance projects. Key skills include Python, SQL, Excel, AWS. Remote role with entry level experience requirements.",460000,4
JOB10589,Data Analyst,Walmart Global Tech,Noida,India,Entry Level,Contract,Remote,480000,700000,USD,2025-07-04,IT Services,1-50,Yes,Yes,Yes,No,No,No,No,No,No,Yes,No,No,Yes,No,No,1,Diploma,"Seeking a Data Analyst to support IT Services projects. Key skills include Python, SQL, Power BI, AWS, Statistics. Remote role with entry level experience requirements.",590000,5
JOB10500,Nlp Engineer,Oracle,Kolkata,USA,Senior,Full Time,On-site,1010000,1290000,EUR,2025-12-19,Consulting,1-50,Yes,Yes,Yes,No,No,No,No,No,No,No,No,No,No,No,No,10,Master's,"Seeking a NLP Engineer to support Consulting projects. Key skills include Python, SQL, Power BI. On-site role with senior experience requirements.",1150000,3
JOB11062,Nlp Engineer,Infosys,Gurgaon,India,Mid Level,Full Time,Remote,990000,1400000,INR,2025-01-21,Technology,1000+,Yes,No,No,Yes,Yes,Yes,Yes,No,No,No,Yes,No,No,Yes,No,3,Bachelor's,"Seeking a NLP Engineer to support Technology projects. Key skills include Python, Excel, Tableau, Machine Learning, Deep Learning, Azure, NLP. Remote role with mid level experience requirements.",1195000,7
JOB10707,Data Scientist,Walmart Global Tech,Bangalore,India,Senior,Internship,Hybrid,980000,1300000,INR,2025-09-16,Technology,51-200,Yes,Yes,No,Yes,No,No,No,No,No,No,No,No,Yes,No,No,8,Bachelor's,"Seeking a Data Scientist to support Technology projects. Key skills include Python, SQL, Excel, Statistics. Hybrid role with senior experience requirements.",1140000,4
JOB11637,Machine Learning Engineer,Tech Mahindra,Chennai,Canada,Mid Level,Contract,Hybrid,920000,1360000,INR,2025-09-24,Technology,1000+,Yes,Yes,No,No,No,Yes,Yes,Yes,No,No,Yes,Yes,Yes,No,No,4,Bachelor's,"Seeking a Machine Learning Engineer to support Technology projects. Key skills include Python, SQL, Machine Learning, Deep Learning, TensorFlow, Azure, GCP. Hybrid role with mid level experience requirements.",1140000,8
JOB10647,Data Engineer,IBM,Gurgaon,India,Entry Level,Full Time,On-site,740000,990000,CAD,2025-05-20,Telecommunications,1000+,Yes,Yes,No,No,Yes,Yes,No,No,No,No,No,Yes,No,No,No,1,Bachelor's,"Seeking a Data Engineer to support Telecommunications projects. Key skills include Python, SQL, Tableau, Machine Learning, GCP. On-site role with entry level experience requirements.",865000,5
JOB11130,Data Scientist,Cognizant,Mumbai,Canada,Senior,Full Time,Hybrid,1290000,1640000,INR,2026-04-09,IT Services,1000+,Yes,Yes,No,No,No,No,No,No,No,No,No,No,No,Yes,No,10,Bachelor's,"Seeking a Data Scientist to support IT Services projects. Key skills include Python, SQL, NLP. Hybrid role with senior experience requirements.",1465000,3
JOB10734,Ai Engineer,Accenture,Hyderabad,Singapore,Mid Level,Contract,Remote,890000,1200000,USD,2025-07-22,Telecommunications,51-200,Yes,No,Yes,Yes,No,No,No,No,No,No,No,No,No,No,Yes,4,Bachelor's,"Seeking a AI Engineer to support Telecommunications projects. Key skills include Python, Power BI, Excel, Generative AI. Remote role with mid level experience requirements.",1045000,4
JOB11620,Bi Analyst,TCS,Bangalore,Germany,Senior,Full Time,Hybrid,660000,870000,INR,2025-12-29,Finance,501-1000,Yes,Yes,Yes,Yes,No,No,No,No,No,No,Yes,Yes,No,No,No,7,Bachelor's,"Seeking a BI Analyst to support Finance projects. Key skills include Python, SQL, Power BI, Excel, Azure, GCP. Hybrid role with senior experience requirements.",765000,6
JOB10976,Data Scientist,LTIMindtree,Bangalore,USA,Mid Level,Full Time,On-site,780000,990000,INR,2025-06-07,Consulting,1000+,Yes,No,No,Yes,No,No,No,No,No,No,No,No,Yes,No,No,3,Bachelor's,"Seeking a Data Scientist to support Consulting projects. Key skills include Python, Excel, Statistics. On-site role with mid level experience requirements.",885000,3
JOB11085,Ai/Ml Intern,Bosch,Hyderabad,India,Entry Level,Full Time,Remote,170000,270000,INR,2025-08-15,Education,1-50,Yes,Yes,No,Yes,Yes,Yes,No,No,No,No,No,No,Yes,No,Yes,1,Bachelor's,"Seeking a AI/ML Intern to support Education projects. Key skills include Python, SQL, Excel, Tableau, Machine Learning, Statistics, Generative AI. Remote role with entry level experience requirements.",220000,7
JOB10385,Bi Analyst,Accenture,Pune,India,Senior,Internship,Remote,740000,940000,INR,2025-06-27,IT Services,201-500,Yes,Yes,Yes,No,No,No,No,No,No,No,No,No,Yes,No,No,5,Bachelor's,"Seeking a BI Analyst to support IT Services projects. Key skills include Python, SQL, Power BI, Statistics. Remote role with senior experience requirements.",840000,4
JOB10162,Data Engineer,Cisco,Mumbai,India,Entry Level,Full Time,Hybrid,660000,970000,INR,2025-08-09,Finance,1000+,Yes,Yes,No,No,No,Yes,No,No,No,No,Yes,No,Yes,No,No,0,Bachelor's,"Seeking a Data Engineer to support Finance projects. Key skills include Python, SQL, Machine Learning, Azure, Statistics. Hybrid role with entry level experience requirements.",815000,5
JOB11798,Data Analyst,Genpact,Bangalore,India,Entry Level,Full Time,Hybrid,480000,620000,INR,2026-02-06,Telecommunications,1000+,Yes,Yes,No,Yes,No,No,No,No,No,No,No,No,No,No,No,0,Bachelor's,"Seeking a Data Analyst to support Telecommunications projects. Key skills include Python, SQL, Excel. Hybrid role with entry level experience requirements.",550000,3
JOB11516,Data Analyst,Deloitte,Kolkata,UK,Senior,Full Time,Remote,760000,930000,USD,2025-01-26,Finance,501-1000,No,Yes,No,Yes,Yes,Yes,No,No,No,Yes,No,No,No,No,No,9,PhD,"Seeking a Data Analyst to support Finance projects. Key skills include SQL, Excel, Tableau, Machine Learning, AWS. Remote role with senior experience requirements.",845000,5
JOB10490,Business Analyst,LTIMindtree,Chennai,Germany,Entry Level,Full Time,On-site,430000,570000,AUD,2025-12-10,Finance,201-500,No,Yes,No,Yes,No,No,No,No,No,No,No,No,Yes,No,No,1,Master's,"Seeking a Business Analyst to support Finance projects. Key skills include SQL, Excel, Statistics. On-site role with entry level experience requirements.",500000,3
JOB11011,Data Scientist,Cognizant,Hyderabad,USA,Senior,Internship,On-site,1020000,1320000,INR,2026-08-01,E-commerce,1000+,Yes,Yes,No,No,Yes,Yes,No,Yes,No,No,Yes,No,Yes,Yes,Yes,9,Bachelor's,"Seeking a Data Scientist to support E-commerce projects. Key skills include Python, SQL, Tableau, Machine Learning, TensorFlow, Azure, Statistics. On-site role with senior experience requirements.",1170000,9
JOB10478,Ai Engineer,Tech Mahindra,Kolkata,India,Mid Level,Internship,On-site,960000,1340000,INR,2025-04-24,Technology,1-50,Yes,Yes,Yes,No,No,Yes,Yes,Yes,No,No,Yes,No,No,No,No,4,Bachelor's,"Seeking a AI Engineer to support Technology projects. Key skills include Python, SQL, Power BI, Machine Learning, Deep Learning, TensorFlow, Azure. On-site role with mid level experience requirements.",1150000,7
JOB11006,Data Engineer,Wipro,Pune,India,Mid Level,Contract,Hybrid,830000,1100000,INR,2025-10-02,Finance,501-1000,Yes,Yes,No,No,No,Yes,Yes,No,No,Yes,No,Yes,Yes,No,No,4,Bachelor's,"Seeking a Data Engineer to support Finance projects. Key skills include Python, SQL, Machine Learning, Deep Learning, AWS, GCP, Statistics. Hybrid role with mid level experience requirements.",965000,7
JOB10442,Nlp Engineer,Deloitte,Delhi,Singapore,Mid Level,Full Time,On-site,1010000,1400000,INR,2025-02-01,Technology,1000+,Yes,No,Yes,Yes,No,Yes,No,Yes,No,No,No,No,No,No,No,3,Bachelor's,"Seeking a NLP Engineer to support Technology projects. Key skills include Python, Power BI, Excel, Machine Learning, TensorFlow. On-site role with mid level experience requirements.",1205000,5
JOB10632,Business Analyst,Capgemini,Hyderabad,India,Senior,Full Time,On-site,720000,880000,INR,2025-05-09,Consulting,51-200,Yes,Yes,No,Yes,Yes,No,No,No,No,No,No,No,No,Yes,No,6,Bachelor's,"Seeking a Business Analyst to support Consulting projects. Key skills include Python, SQL, Excel, Tableau, NLP. On-site role with senior experience requirements.",800000,5
JOB11214,Ml Engineer,Deloitte,Chennai,India,Senior,Contract,On-site,1020000,1330000,INR,2025-04-03,IT Services,1000+,Yes,No,No,No,Yes,No,Yes,No,No,No,No,No,No,No,No,6,Bachelor's,"Seeking a ML Engineer to support IT Services projects. Key skills include Python, Tableau, Deep Learning. On-site role with senior experience requirements.",1175000,3
JOB11539,Data Analyst,Amazon,Bangalore,USA,Entry Level,Full Time,On-site,480000,670000,INR,2025-05-09,IT Services,1000+,Yes,Yes,No,Yes,No,Yes,No,No,Yes,No,No,No,Yes,No,No,0,Master's,"Seeking a Data Analyst to support IT Services projects. Key skills include Python, SQL, Excel, Machine Learning, PyTorch, Statistics. On-site role with entry level experience requirements.",575000,6
JOB10640,Machine Learning Engineer,Google,Hyderabad,Germany,Mid Level,Internship,Hybrid,990000,1420000,INR,2025-08-19,Technology,1000+,Yes,Yes,Yes,Yes,No,Yes,Yes,Yes,No,Yes,No,No,Yes,No,No,3,Bachelor's,"Seeking a Machine Learning Engineer to support Technology projects. Key skills include Python, SQL, Power BI, Excel, Machine Learning, Deep Learning, TensorFlow. Hybrid role with mid level experience requirements.",1205000,9
JOB11501,Ai Engineer,Infosys,Hyderabad,India,Mid Level,Full Time,On-site,1030000,1250000,INR,2025-10-27,Finance,1000+,Yes,Yes,No,No,Yes,Yes,Yes,No,No,No,No,No,Yes,No,Yes,5,Master's,"Seeking a AI Engineer to support Finance projects. Key skills include Python, SQL, Tableau, Machine Learning, Deep Learning, Statistics, Generative AI. On-site role with mid level experience requirements.",1140000,7
JOB10724,Bi Analyst,HCLTech,Mumbai,India,Entry Level,Contract,On-site,510000,690000,CAD,2026-02-03,IT Services,1-50,Yes,Yes,Yes,No,No,No,Yes,No,No,Yes,No,No,No,No,No,1,Master's,"Seeking a BI Analyst to support IT Services projects. Key skills include Python, SQL, Power BI, Deep Learning, AWS. On-site role with entry level experience requirements.",600000,5
JOB11694,Data Analyst,Google,Hyderabad,India,Mid Level,Full Time,On-site,640000,760000,INR,2026-06-16,Consulting,1000+,Yes,Yes,No,Yes,No,No,No,No,No,No,No,No,Yes,Yes,Yes,4,Bachelor's,"Seeking a Data Analyst to support Consulting projects. Key skills include Python, SQL, Excel, Statistics, NLP, Generative AI. On-site role with mid level experience requirements.",700000,6
JOB10494,Data Analyst,TCS,Hyderabad,USA,Mid Level,Full Time,Hybrid,510000,700000,INR,2025-08-10,Finance,51-200,Yes,Yes,Yes,Yes,No,No,No,No,Yes,No,No,No,Yes,Yes,Yes,2,Bachelor's,"Seeking a Data Analyst to support Finance projects. Key skills include Python, SQL, Power BI, Excel, PyTorch, Statistics, NLP. Hybrid role with mid level experience requirements.",605000,8
JOB11171,Data Engineer,JPMorgan Chase,Hyderabad,USA,Mid Level,Contract,Remote,710000,960000,INR,2026-08-08,Technology,51-200,Yes,Yes,No,Yes,Yes,Yes,No,Yes,No,No,No,Yes,Yes,No,No,4,Diploma,"Seeking a Data Engineer to support Technology projects. Key skills include Python, SQL, Excel, Tableau, Machine Learning, TensorFlow, GCP. Remote role with mid level experience requirements.",835000,8
JOB10119,Business Analyst,Infosys,Pune,India,Mid Level,Internship,On-site,560000,800000,CAD,2026-01-13,Technology,51-200,Yes,Yes,No,Yes,No,No,No,No,No,Yes,Yes,No,Yes,No,No,4,Master's,"Seeking a Business Analyst to support Technology projects. Key skills include Python, SQL, Excel, AWS, Azure, Statistics. On-site role with mid level experience requirements.",680000,6
JOB11520,Ai/Ml Intern,Amazon,Remote,India,Entry Level,Full Time,On-site,180000,290000,USD,2025-05-13,IT Services,1-50,Yes,No,No,No,No,No,No,No,No,No,No,Yes,Yes,No,Yes,1,Master's,"Seeking a AI/ML Intern to support IT Services projects. Key skills include Python, GCP, Statistics, Generative AI. On-site role with entry level experience requirements.",235000,4
JOB11206,Ml Engineer,Persistent Systems,Pune,India,Mid Level,Full Time,On-site,870000,1190000,INR,2025-11-27,Education,201-500,Yes,No,No,Yes,No,Yes,Yes,No,No,No,No,No,Yes,No,Yes,2,Bachelor's,"Seeking a ML Engineer to support Education projects. Key skills include Python, Excel, Machine Learning, Deep Learning, Statistics, Generative AI. On-site role with mid level experience requirements.",1030000,6
JOB11944,Bi Analyst,Siemens,Delhi,India,Mid Level,Full Time,Hybrid,670000,810000,INR,2025-11-09,Finance,201-500,Yes,Yes,Yes,Yes,No,Yes,No,No,No,Yes,No,No,Yes,No,No,2,Bachelor's,"Seeking a BI Analyst to support Finance projects. Key skills include Python, SQL, Power BI, Excel, Machine Learning, AWS, Statistics. Hybrid role with mid level experience requirements.",740000,7
JOB11091,Ai/Ml Intern,Tech Mahindra,Chennai,India,Entry Level,Internship,Hybrid,250000,350000,INR,2025-05-08,Healthcare,1000+,Yes,Yes,Yes,No,No,Yes,Yes,No,Yes,Yes,No,No,No,No,Yes,0,Bachelor's,"Seeking a AI/ML Intern to support Healthcare projects. Key skills include Python, SQL, Power BI, Machine Learning, Deep Learning, PyTorch, AWS. Hybrid role with entry level experience requirements.",300000,8
JOB10890,Data Scientist,Infosys,Bangalore,India,Entry Level,Full Time,Hybrid,820000,1000000,SGD,2025-12-24,Technology,501-1000,Yes,No,No,No,No,No,No,No,No,No,No,No,Yes,No,Yes,1,Master's,"Seeking a Data Scientist to support Technology projects. Key skills include Python, Statistics, Generative AI. Hybrid role with entry level experience requirements.",910000,3
JOB11692,Ai Engineer,Wipro,Chennai,India,Entry Level,Full Time,On-site,1010000,1310000,INR,2026-07-01,Technology,1000+,Yes,No,No,Yes,Yes,Yes,No,Yes,No,No,No,No,No,No,No,1,Bachelor's,"Seeking a AI Engineer to support Technology projects. Key skills include Python, Excel, Tableau, Machine Learning, TensorFlow. On-site role with entry level experience requirements.",1160000,5
JOB10415,Data Engineer,JPMorgan Chase,Ahmedabad,India,Senior,Full Time,On-site,1010000,1300000,INR,2026-03-27,Healthcare,1000+,Yes,Yes,No,No,No,No,No,No,No,No,No,No,No,No,No,6,Bachelor's,"Seeking a Data Engineer to support Healthcare projects. Key skills include Python, SQL. On-site role with senior experience requirements.",1155000,2
JOB11247,Data Analyst,Amazon,Hyderabad,Australia,Mid Level,Full Time,Hybrid,530000,660000,SGD,2025-01-21,Telecommunications,1000+,No,Yes,Yes,No,No,No,No,No,No,Yes,No,No,Yes,No,No,3,Bachelor's,"Seeking a Data Analyst to support Telecommunications projects. Key skills include SQL, Power BI, AWS, Statistics. Hybrid role with mid level experience requirements.",595000,4
JOB10771,Data Analyst,Capgemini,Mumbai,India,Entry Level,Full Time,Remote,370000,570000,INR,2025-01-11,Healthcare,1-50,Yes,Yes,No,Yes,No,No,No,Yes,Yes,No,No,No,Yes,No,No,2,Bachelor's,"Seeking a Data Analyst to support Healthcare projects. Key skills include Python, SQL, Excel, TensorFlow, PyTorch, Statistics. Remote role with entry level experience requirements.",470000,6
JOB10805,Machine Learning Engineer,Accenture,Pune,India,Mid Level,Full Time,On-site,1100000,1530000,INR,2025-02-18,Healthcare,201-500,Yes,No,No,Yes,Yes,Yes,No,No,Yes,Yes,No,No,Yes,No,No,5,Master's,"Seeking a Machine Learning Engineer to support Healthcare projects. Key skills include Python, Excel, Tableau, Machine Learning, PyTorch, AWS, Statistics. On-site role with mid level experience requirements.",1315000,7
JOB10949,Business Analyst,HCLTech,Pune,USA,Senior,Full Time,On-site,670000,870000,INR,2025-04-26,E-commerce,1000+,Yes,No,Yes,Yes,No,No,No,No,Yes,No,Yes,No,Yes,No,No,7,Bachelor's,"Seeking a Business Analyst to support E-commerce projects. Key skills include Python, Power BI, Excel, PyTorch, Azure, Statistics. On-site role with senior experience requirements.",770000,6
JOB11657,Ai Engineer,Google,Chennai,India,Entry Level,Full Time,Hybrid,770000,1040000,INR,2025-10-19,Technology,1-50,Yes,Yes,No,Yes,No,Yes,No,No,No,No,No,No,No,No,No,1,Bachelor's,"Seeking a AI Engineer to support Technology projects. Key skills include Python, SQL, Excel, Machine Learning. Hybrid role with entry level experience requirements.",905000,4
JOB10573,Machine Learning Engineer,Wipro,Bangalore,Canada,Senior,Full Time,Remote,1200000,1570000,INR,2025-05-10,IT Services,1-50,Yes,Yes,No,Yes,Yes,No,No,No,No,Yes,No,No,No,No,No,9,Diploma,"Seeking a Machine Learning Engineer to support IT Services projects. Key skills include Python, SQL, Excel, Tableau, AWS. Remote role with senior experience requirements.",1385000,5
JOB11460,Data Engineer,Cisco,Bangalore,India,Senior,Contract,On-site,1110000,1350000,INR,2026-06-15,Technology,1-50,Yes,Yes,Yes,Yes,No,No,Yes,No,Yes,Yes,No,No,No,No,No,9,MBA,"Seeking a Data Engineer to support Technology projects. Key skills include Python, SQL, Power BI, Excel, Deep Learning, PyTorch, AWS. On-site role with senior experience requirements.",1230000,7
JOB11767,Bi Analyst,Adobe,Chennai,India,Senior,Internship,Hybrid,760000,870000,USD,2025-08-01,Manufacturing,1000+,Yes,Yes,Yes,Yes,No,Yes,No,No,No,No,Yes,No,No,No,No,6,PhD,"Seeking a BI Analyst to support Manufacturing projects. Key skills include Python, SQL, Power BI, Excel, Machine Learning, Azure. Hybrid role with senior experience requirements.",815000,6
JOB11295,Ml Engineer,Accenture,Hyderabad,India,Senior,Contract,Hybrid,1440000,1820000,INR,2026-01-24,Education,501-1000,Yes,No,No,No,No,Yes,No,Yes,Yes,Yes,Yes,Yes,Yes,No,No,5,Master's,"Seeking a ML Engineer to support Education projects. Key skills include Python, Machine Learning, TensorFlow, PyTorch, AWS, Azure, GCP. Hybrid role with senior experience requirements.",1630000,8
JOB10673,Data Analyst,Siemens,Bangalore,Singapore,Mid Level,Full Time,Remote,570000,730000,INR,2025-04-12,Technology,51-200,Yes,Yes,Yes,No,No,No,No,No,No,No,No,No,No,No,No,5,Bachelor's,"Seeking a Data Analyst to support Technology projects. Key skills include Python, SQL, Power BI. Remote role with mid level experience requirements.",650000,3
JOB10400,Bi Analyst,Microsoft,Bangalore,India,Mid Level,Full Time,On-site,710000,930000,INR,2026-06-24,Technology,1000+,Yes,Yes,Yes,Yes,No,Yes,No,No,No,No,No,No,Yes,Yes,No,4,Master's,"Seeking a BI Analyst to support Technology projects. Key skills include Python, SQL, Power BI, Excel, Machine Learning, Statistics, NLP. On-site role with mid level experience requirements.",820000,7
JOB10552,Business Analyst,Capgemini,Pune,USA,Senior,Full Time,Hybrid,800000,930000,INR,2025-11-12,IT Services,501-1000,Yes,Yes,No,Yes,Yes,Yes,No,No,No,No,No,No,Yes,Yes,Yes,8,Bachelor's,"Seeking a Business Analyst to support IT Services projects. Key skills include Python, SQL, Excel, Tableau, Machine Learning, Statistics, NLP. Hybrid role with senior experience requirements.",865000,8
JOB10321,Ai Engineer,Infosys,Delhi,India,Senior,Full Time,On-site,1070000,1290000,INR,2026-01-21,Telecommunications,1000+,Yes,Yes,No,Yes,No,No,Yes,No,No,No,Yes,No,No,No,Yes,6,Bachelor's,"Seeking a AI Engineer to support Telecommunications projects. Key skills include Python, SQL, Excel, Deep Learning, Azure, Generative AI. On-site role with senior experience requirements.",1180000,6
JOB10470,Nlp Engineer,Infosys,Noida,India,Entry Level,Full Time,Hybrid,620000,830000,INR,2025-02-12,Technology,1000+,Yes,Yes,No,Yes,No,Yes,Yes,No,No,No,No,No,Yes,Yes,No,1,Bachelor's,"Seeking a NLP Engineer to support Technology projects. Key skills include Python, SQL, Excel, Machine Learning, Deep Learning, Statistics, NLP. Hybrid role with entry level experience requirements.",725000,7
JOB11899,Data Scientist,Genpact,Pune,India,Entry Level,Contract,Hybrid,750000,1120000,SGD,2025-09-06,Technology,201-500,Yes,Yes,No,No,No,Yes,No,No,No,Yes,No,No,Yes,No,No,0,Master's,"Seeking a Data Scientist to support Technology projects. Key skills include Python, SQL, Machine Learning, AWS, Statistics. Hybrid role with entry level experience requirements.",935000,5
JOB11244,Ml Engineer,Wipro,Pune,India,Entry Level,Full Time,Hybrid,830000,1210000,INR,2025-06-23,Technology,501-1000,Yes,No,No,No,No,Yes,No,Yes,No,No,No,No,Yes,No,No,0,Bachelor's,"Seeking a ML Engineer to support Technology projects. Key skills include Python, Machine Learning, TensorFlow, Statistics. Hybrid role with entry level experience requirements.",1020000,4
JOB11215,Bi Analyst,Google,Bangalore,Singapore,Entry Level,Full Time,On-site,450000,660000,INR,2025-03-16,Technology,1000+,Yes,Yes,Yes,Yes,No,Yes,No,Yes,No,No,Yes,No,No,No,No,2,Bachelor's,"Seeking a BI Analyst to support Technology projects. Key skills include Python, SQL, Power BI, Excel, Machine Learning, TensorFlow, Azure. On-site role with entry level experience requirements.",555000,7
JOB11241,Business Analyst,Capgemini,Bangalore,UK,Senior,Full Time,On-site,780000,920000,AUD,2025-06-26,Technology,501-1000,Yes,Yes,Yes,No,No,No,No,No,No,No,Yes,No,No,No,No,8,PhD,"Seeking a Business Analyst to support Technology projects. Key skills include Python, SQL, Power BI, Azure. On-site role with senior experience requirements.",850000,4
JOB10080,Data Analyst,Google,Pune,Australia,Entry Level,Full Time,On-site,480000,630000,INR,2025-06-23,IT Services,501-1000,Yes,Yes,No,Yes,Yes,Yes,No,No,No,No,No,No,Yes,No,No,0,Master's,"Seeking a Data Analyst to support IT Services projects. Key skills include Python, SQL, Excel, Tableau, Machine Learning, Statistics. On-site role with entry level experience requirements.",555000,6
JOB10534,Ai Engineer,HCLTech,Remote,India,Entry Level,Full Time,On-site,1000000,1310000,USD,2026-06-01,Technology,51-200,Yes,Yes,No,No,Yes,Yes,No,No,Yes,Yes,Yes,No,No,No,Yes,2,Bachelor's,"Seeking a AI Engineer to support Technology projects. Key skills include Python, SQL, Tableau, Machine Learning, PyTorch, AWS, Azure. On-site role with entry level experience requirements.",1155000,8
JOB11766,Data Scientist,Capgemini,Remote,India,Senior,Full Time,Hybrid,1060000,1370000,INR,2026-05-03,Finance,51-200,Yes,Yes,No,No,No,Yes,No,No,No,Yes,No,No,Yes,No,No,8,Bachelor's,"Seeking a Data Scientist to support Finance projects. Key skills include Python, SQL, Machine Learning, AWS, Statistics. Hybrid role with senior experience requirements.",1215000,5
JOB10458,Machine Learning Engineer,SAP,Delhi,Germany,Mid Level,Full Time,On-site,870000,1200000,INR,2026-01-23,Technology,51-200,Yes,Yes,Yes,Yes,No,Yes,No,No,No,No,No,No,No,No,No,5,Master's,"Seeking a Machine Learning Engineer to support Technology projects. Key skills include Python, SQL, Power BI, Excel, Machine Learning. On-site role with mid level experience requirements.",1035000,5
JOB10291,Data Analyst,SAP,Bangalore,India,Entry Level,Full Time,Remote,430000,540000,INR,2025-02-11,Healthcare,1000+,No,No,Yes,Yes,No,No,No,No,Yes,Yes,No,No,No,No,No,1,Bachelor's,"Seeking a Data Analyst to support Healthcare projects. Key skills include Power BI, Excel, PyTorch, AWS. Remote role with entry level experience requirements.",485000,4
JOB11706,Data Analyst,Bosch,Hyderabad,UK,Senior,Full Time,On-site,700000,900000,CAD,2026-08-04,Technology,1000+,No,Yes,Yes,Yes,Yes,Yes,No,No,No,No,Yes,No,Yes,No,Yes,5,Master's,"Seeking a Data Analyst to support Technology projects. Key skills include SQL, Power BI, Excel, Tableau, Machine Learning, Azure, Statistics. On-site role with senior experience requirements.",800000,8
JOB10371,Data Analyst,JPMorgan Chase,Mumbai,India,Mid Level,Full Time,Hybrid,600000,700000,INR,2025-01-16,Healthcare,1000+,Yes,Yes,Yes,Yes,Yes,No,No,No,No,No,No,No,No,No,Yes,4,Bachelor's,"Seeking a Data Analyst to support Healthcare projects. Key skills include Python, SQL, Power BI, Excel, Tableau, Generative AI. Hybrid role with mid level experience requirements.",650000,6
JOB10266,Bi Analyst,Google,Pune,Canada,Mid Level,Full Time,Hybrid,670000,840000,USD,2025-09-07,Consulting,1000+,Yes,Yes,Yes,Yes,Yes,No,No,No,No,Yes,No,No,Yes,No,No,3,MBA,"Seeking a BI Analyst to support Consulting projects. Key skills include Python, SQL, Power BI, Excel, Tableau, AWS, Statistics. Hybrid role with mid level experience requirements.",755000,7
JOB11718,Bi Analyst,Wipro,Chennai,India,Mid Level,Full Time,On-site,540000,670000,INR,2025-06-03,Manufacturing,1000+,Yes,Yes,No,Yes,Yes,Yes,No,No,Yes,No,No,No,No,No,No,3,Bachelor's,"Seeking a BI Analyst to support Manufacturing projects. Key skills include Python, SQL, Excel, Tableau, Machine Learning, PyTorch. On-site role with mid level experience requirements.",605000,6
JOB10165,Data Analyst,Infosys,Hyderabad,India,Entry Level,Full Time,Hybrid,400000,610000,INR,2025-05-09,IT Services,1000+,Yes,Yes,No,Yes,No,No,No,No,Yes,No,No,No,No,No,No,1,Bachelor's,"Seeking a Data Analyst to support IT Services projects. Key skills include Python, SQL, Excel, PyTorch. Hybrid role with entry level experience requirements.",505000,4
JOB11331,Ai Engineer,Genpact,Kolkata,India,Senior,Full Time,Hybrid,1300000,1600000,SGD,2025-11-02,Technology,1000+,Yes,Yes,Yes,Yes,Yes,No,Yes,No,No,No,No,Yes,Yes,No,No,10,Bachelor's,"Seeking a AI Engineer to support Technology projects. Key skills include Python, SQL, Power BI, Excel, Tableau, Deep Learning, GCP. Hybrid role with senior experience requirements.",1450000,8
JOB11605,Data Analyst,Accenture,Delhi,India,Entry Level,Full Time,Hybrid,420000,620000,EUR,2026-08-02,Technology,1-50,No,Yes,Yes,No,Yes,No,No,No,No,No,No,Yes,No,No,No,1,Bachelor's,"Seeking a Data Analyst to support Technology projects. Key skills include SQL, Power BI, Tableau, GCP. Hybrid role with entry level experience requirements.",520000,4
JOB10474,Business Analyst,TCS,Hyderabad,India,Mid Level,Full Time,On-site,570000,770000,INR,2025-05-24,IT Services,1000+,No,Yes,No,No,No,Yes,No,No,No,No,Yes,No,Yes,No,Yes,3,Bachelor's,"Seeking a Business Analyst to support IT Services projects. Key skills include SQL, Machine Learning, Azure, Statistics, Generative AI. On-site role with mid level experience requirements.",670000,5
JOB10876,Data Analyst,Genpact,Pune,India,Senior,Full Time,On-site,600000,750000,INR,2025-08-30,IT Services,1000+,Yes,Yes,Yes,No,No,No,No,No,No,No,No,Yes,Yes,No,No,10,Bachelor's,"Seeking a Data Analyst to support IT Services projects. Key skills include Python, SQL, Power BI, GCP, Statistics. On-site role with senior experience requirements.",675000,5
JOB10198,Business Analyst,Siemens,Bangalore,India,Mid Level,Full Time,Remote,640000,860000,INR,2026-05-31,IT Services,1000+,No,Yes,No,Yes,No,No,No,No,No,No,No,No,No,No,No,3,Bachelor's,"Seeking a Business Analyst to support IT Services projects. Key skills include SQL, Excel. Remote role with mid level experience requirements.",750000,2
JOB10186,Data Engineer,Adobe,Gurgaon,India,Mid Level,Contract,On-site,740000,940000,INR,2026-01-04,Technology,1-50,Yes,Yes,No,No,No,Yes,No,No,No,No,Yes,Yes,Yes,No,No,3,Bachelor's,"Seeking a Data Engineer to support Technology projects. Key skills include Python, SQL, Machine Learning, Azure, GCP, Statistics. On-site role with mid level experience requirements.",840000,6
JOB11340,Data Analyst,HCLTech,Bangalore,USA,Senior,Full Time,On-site,590000,750000,INR,2026-01-26,Consulting,501-1000,Yes,Yes,No,Yes,No,No,Yes,No,No,No,No,No,No,No,No,10,Bachelor's,"Seeking a Data Analyst to support Consulting projects. Key skills include Python, SQL, Excel, Deep Learning. On-site role with senior experience requirements.",670000,4
JOB10422,Ml Engineer,LTIMindtree,Hyderabad,India,Mid Level,Contract,Remote,1040000,1310000,INR,2025-09-03,Technology,1-50,Yes,Yes,No,Yes,No,Yes,No,No,No,Yes,Yes,No,Yes,No,Yes,5,Bachelor's,"Seeking a ML Engineer to support Technology projects. Key skills include Python, SQL, Excel, Machine Learning, AWS, Azure, Statistics. Remote role with mid level experience requirements.",1175000,8
JOB10257,Ai/Ml Intern,Genpact,Remote,India,Mid Level,Part Time,Hybrid,240000,360000,EUR,2026-04-19,Finance,501-1000,Yes,Yes,No,No,No,No,Yes,No,No,No,No,No,No,No,No,2,MBA,"Seeking a AI/ML Intern to support Finance projects. Key skills include Python, SQL, Deep Learning. Hybrid role with mid level experience requirements.",300000,3
JOB10136,Data Scientist,Persistent Systems,Remote,India,Lead,Full Time,Hybrid,1390000,1620000,INR,2025-10-22,Manufacturing,201-500,Yes,Yes,No,Yes,No,Yes,No,No,No,No,Yes,No,Yes,Yes,Yes,15,Bachelor's,"Seeking a Data Scientist to support Manufacturing projects. Key skills include Python, SQL, Excel, Machine Learning, Azure, Statistics, NLP. Hybrid role with lead experience requirements.",1505000,8
JOB11859,Ml Engineer,IBM,Delhi,India,Entry Level,Full Time,Hybrid,760000,1080000,SGD,2025-09-11,IT Services,1000+,Yes,Yes,No,No,No,No,No,Yes,No,No,No,No,No,No,Yes,0,Bachelor's,"Seeking a ML Engineer to support IT Services projects. Key skills include Python, SQL, TensorFlow, Generative AI. Hybrid role with entry level experience requirements.",920000,4
JOB11561,Data Scientist,Oracle,Gurgaon,India,Senior,Full Time,On-site,1150000,1450000,AUD,2025-05-19,Consulting,501-1000,Yes,No,Yes,Yes,No,Yes,No,No,No,Yes,Yes,No,Yes,No,No,9,Bachelor's,"Seeking a Data Scientist to support Consulting projects. Key skills include Python, Power BI, Excel, Machine Learning, AWS, Azure, Statistics. On-site role with senior experience requirements.",1300000,7
JOB11487,Machine Learning Engineer,Cisco,Mumbai,Australia,Entry Level,Full Time,On-site,870000,1210000,GBP,2025-03-29,E-commerce,501-1000,Yes,Yes,Yes,No,Yes,No,No,No,No,Yes,Yes,Yes,Yes,No,No,2,Master's,"Seeking a Machine Learning Engineer to support E-commerce projects. Key skills include Python, SQL, Power BI, Tableau, AWS, Azure, GCP. On-site role with entry level experience requirements.",1040000,8
JOB11901,Ai Engineer,Siemens,Bangalore,India,Entry Level,Internship,On-site,910000,1340000,INR,2026-05-21,E-commerce,1-50,Yes,No,No,Yes,No,Yes,Yes,No,No,No,Yes,Yes,No,No,No,1,Bachelor's,"Seeking a AI Engineer to support E-commerce projects. Key skills include Python, Excel, Machine Learning, Deep Learning, Azure, GCP. On-site role with entry level experience requirements.",1125000,6
JOB10867,Data Analyst,Oracle,Gurgaon,India,Mid Level,Full Time,On-site,480000,660000,USD,2025-12-22,E-commerce,1000+,No,Yes,Yes,Yes,No,No,No,No,No,No,No,No,Yes,No,No,4,Bachelor's,"Seeking a Data Analyst to support E-commerce projects. Key skills include SQL, Power BI, Excel, Statistics. On-site role with mid level experience requirements.",570000,4
JOB11476,Data Engineer,Google,Bangalore,India,Entry Level,Contract,Hybrid,530000,860000,INR,2025-06-23,Finance,51-200,Yes,Yes,No,No,No,No,No,No,No,Yes,No,Yes,Yes,No,No,0,Bachelor's,"Seeking a Data Engineer to support Finance projects. Key skills include Python, SQL, AWS, GCP, Statistics. Hybrid role with entry level experience requirements.",695000,5
JOB11805,Data Scientist,Microsoft,Delhi,India,Senior,Full Time,Remote,1220000,1590000,INR,2025-04-16,Technology,51-200,Yes,No,No,No,No,No,No,No,No,No,No,No,No,No,No,7,PhD,Seeking a Data Scientist to support Technology projects. Key skills include Python. Remote role with senior experience requirements.,1405000,1
JOB11038,Bi Analyst,Wipro,Chennai,UK,Mid Level,Full Time,Hybrid,640000,770000,GBP,2026-01-29,Technology,201-500,No,Yes,No,Yes,Yes,Yes,No,No,No,No,No,No,Yes,No,No,4,Bachelor's,"Seeking a BI Analyst to support Technology projects. Key skills include SQL, Excel, Tableau, Machine Learning, Statistics. Hybrid role with mid level experience requirements.",705000,5
JOB11960,Ml Engineer,Infosys,Pune,India,Entry Level,Full Time,Hybrid,850000,1070000,INR,2026-04-08,Healthcare,501-1000,Yes,Yes,No,Yes,No,Yes,Yes,Yes,No,No,No,No,No,No,No,2,Bachelor's,"Seeking a ML Engineer to support Healthcare projects. Key skills include Python, SQL, Excel, Machine Learning, Deep Learning, TensorFlow. Hybrid role with entry level experience requirements.",960000,6
JOB10050,Data Analyst,Siemens,Bangalore,India,Mid Level,Contract,Hybrid,630000,730000,SGD,2025-12-21,IT Services,1000+,No,Yes,No,Yes,No,No,No,No,No,No,No,No,No,No,No,3,Bachelor's,"Seeking a Data Analyst to support IT Services projects. Key skills include SQL, Excel. Hybrid role with mid level experience requirements.",680000,2
JOB11284,Data Analyst,Genpact,Delhi,India,Mid Level,Full Time,Hybrid,630000,780000,USD,2025-02-17,IT Services,201-500,Yes,Yes,Yes,No,Yes,Yes,No,No,No,Yes,No,No,Yes,No,No,4,Diploma,"Seeking a Data Analyst to support IT Services projects. Key skills include Python, SQL, Power BI, Tableau, Machine Learning, AWS, Statistics. Hybrid role with mid level experience requirements.",705000,7
JOB10527,Machine Learning Engineer,Persistent Systems,Bangalore,Singapore,Entry Level,Full Time,On-site,770000,1190000,CAD,2026-03-05,Manufacturing,51-200,Yes,Yes,No,Yes,Yes,Yes,No,No,No,No,Yes,No,No,No,No,2,Bachelor's,"Seeking a Machine Learning Engineer to support Manufacturing projects. Key skills include Python, SQL, Excel, Tableau, Machine Learning, Azure. On-site role with entry level experience requirements.",980000,6
JOB10453,Machine Learning Engineer,NVIDIA,Pune,India,Senior,Full Time,Hybrid,1110000,1320000,INR,2025-01-22,Telecommunications,1000+,Yes,No,No,Yes,Yes,No,No,No,No,No,Yes,No,Yes,Yes,No,8,Master's,"Seeking a Machine Learning Engineer to support Telecommunications projects. Key skills include Python, Excel, Tableau, Azure, Statistics, NLP. Hybrid role with senior experience requirements.",1215000,6
JOB11442,Data Analyst,IBM,Chennai,UK,Mid Level,Full Time,Hybrid,620000,800000,INR,2026-04-20,IT Services,1000+,No,No,Yes,Yes,No,No,No,No,No,No,No,No,Yes,No,No,5,Master's,"Seeking a Data Analyst to support IT Services projects. Key skills include Power BI, Excel, Statistics. Hybrid role with mid level experience requirements.",710000,3
JOB10683,Data Analyst,Oracle,Hyderabad,India,Senior,Full Time,Remote,610000,720000,INR,2025-01-04,Education,51-200,No,Yes,No,Yes,No,Yes,Yes,No,Yes,No,No,No,Yes,Yes,No,7,MBA,"Seeking a Data Analyst to support Education projects. Key skills include SQL, Excel, Machine Learning, Deep Learning, PyTorch, Statistics, NLP. Remote role with senior experience requirements.",665000,7
JOB10463,Bi Analyst,Bosch,Hyderabad,India,Entry Level,Full Time,Hybrid,430000,660000,INR,2026-05-28,E-commerce,501-1000,Yes,Yes,Yes,Yes,No,Yes,No,No,No,No,No,No,Yes,No,Yes,1,Master's,"Seeking a BI Analyst to support E-commerce projects. Key skills include Python, SQL, Power BI, Excel, Machine Learning, Statistics, Generative AI. Hybrid role with entry level experience requirements.",545000,7
JOB10936,Data Scientist,Siemens,Delhi,India,Entry Level,Full Time,Hybrid,690000,1000000,INR,2025-02-21,Manufacturing,201-500,Yes,Yes,No,No,Yes,Yes,No,No,Yes,No,No,No,No,No,No,1,Master's,"Seeking a Data Scientist to support Manufacturing projects. Key skills include Python, SQL, Tableau, Machine Learning, PyTorch. Hybrid role with entry level experience requirements.",845000,5
JOB11312,Business Analyst,Oracle,Chennai,India,Entry Level,Full Time,Remote,410000,540000,INR,2026-07-17,IT Services,1000+,Yes,Yes,No,Yes,No,No,No,Yes,No,No,No,No,No,No,No,0,Master's,"Seeking a Business Analyst to support IT Services projects. Key skills include Python, SQL, Excel, TensorFlow. Remote role with entry level experience requirements.",475000,4
JOB10648,Data Engineer,Genpact,Noida,India,Mid Level,Full Time,Remote,970000,1160000,EUR,2026-02-04,IT Services,1000+,Yes,Yes,No,No,No,Yes,No,No,No,No,No,No,Yes,No,No,5,MBA,"Seeking a Data Engineer to support IT Services projects. Key skills include Python, SQL, Machine Learning, Statistics. Remote role with mid level experience requirements.",1065000,4
JOB11463,Data Analyst,TCS,Pune,India,Mid Level,Full Time,On-site,500000,700000,INR,2025-04-24,Finance,1000+,No,Yes,No,Yes,No,No,No,No,No,Yes,Yes,Yes,No,No,No,5,Bachelor's,"Seeking a Data Analyst to support Finance projects. Key skills include SQL, Excel, AWS, Azure, GCP. On-site role with mid level experience requirements.",600000,5
JOB11058,Machine Learning Engineer,Deloitte,Noida,India,Mid Level,Contract,On-site,1010000,1370000,INR,2026-06-11,Technology,1000+,Yes,Yes,Yes,Yes,No,Yes,No,Yes,No,Yes,No,No,No,No,No,5,Master's,"Seeking a Machine Learning Engineer to support Technology projects. Key skills include Python, SQL, Power BI, Excel, Machine Learning, TensorFlow, AWS. On-site role with mid level experience requirements.",1190000,7
JOB10860,Data Analyst,IBM,Hyderabad,USA,Mid Level,Full Time,On-site,510000,680000,INR,2026-07-29,IT Services,1000+,Yes,Yes,Yes,Yes,No,Yes,No,No,No,No,Yes,No,Yes,No,No,2,Bachelor's,"Seeking a Data Analyst to support IT Services projects. Key skills include Python, SQL, Power BI, Excel, Machine Learning, Azure, Statistics. On-site role with mid level experience requirements.",595000,7
JOB10248,Nlp Engineer,Wipro,Hyderabad,India,Entry Level,Full Time,Remote,660000,930000,INR,2025-07-15,IT Services,501-1000,No,Yes,Yes,Yes,No,Yes,Yes,No,No,Yes,No,No,Yes,Yes,No,1,Bachelor's,"Seeking a NLP Engineer to support IT Services projects. Key skills include SQL, Power BI, Excel, Machine Learning, Deep Learning, AWS, Statistics. Remote role with entry level experience requirements.",795000,8
JOB10991,Ml Engineer,Cisco,Pune,India,Senior,Full Time,Hybrid,1240000,1540000,INR,2025-10-27,Finance,1000+,Yes,Yes,Yes,Yes,Yes,No,No,No,No,No,No,No,Yes,No,No,10,Bachelor's,"Seeking a ML Engineer to support Finance projects. Key skills include Python, SQL, Power BI, Excel, Tableau, Statistics. Hybrid role with senior experience requirements.",1390000,6
JOB11180,Ai Engineer,Oracle,Delhi,Australia,Entry Level,Internship,Hybrid,920000,1290000,SGD,2025-01-26,Technology,51-200,Yes,Yes,Yes,Yes,No,Yes,No,No,No,No,No,No,No,No,Yes,1,Bachelor's,"Seeking a AI Engineer to support Technology projects. Key skills include Python, SQL, Power BI, Excel, Machine Learning, Generative AI. Hybrid role with entry level experience requirements.",1105000,6
JOB11888,Data Scientist,Deloitte,Hyderabad,India,Mid Level,Full Time,On-site,940000,1190000,INR,2025-08-17,IT Services,201-500,Yes,Yes,Yes,No,No,No,No,No,No,No,No,No,Yes,Yes,No,3,Bachelor's,"Seeking a Data Scientist to support IT Services projects. Key skills include Python, SQL, Power BI, Statistics, NLP. On-site role with mid level experience requirements.",1065000,5
JOB11525,Ai Engineer,Cisco,Bangalore,Singapore,Entry Level,Full Time,Remote,800000,1020000,EUR,2026-01-04,IT Services,51-200,Yes,No,No,No,Yes,Yes,Yes,No,No,No,No,No,Yes,No,No,1,Master's,"Seeking a AI Engineer to support IT Services projects. Key skills include Python, Tableau, Machine Learning, Deep Learning, Statistics. Remote role with entry level experience requirements.",910000,5
JOB11787,Data Engineer,Amazon,Delhi,Canada,Entry Level,Full Time,Remote,580000,920000,GBP,2026-06-12,Technology,1000+,Yes,Yes,Yes,Yes,No,Yes,No,No,No,Yes,No,No,Yes,No,No,0,Bachelor's,"Seeking a Data Engineer to support Technology projects. Key skills include Python, SQL, Power BI, Excel, Machine Learning, AWS, Statistics. Remote role with entry level experience requirements.",750000,7
JOB10217,Data Scientist,Google,Bangalore,India,Mid Level,Full Time,Hybrid,920000,1210000,INR,2025-09-27,Technology,201-500,Yes,Yes,No,No,No,No,No,No,No,Yes,No,No,Yes,No,Yes,3,MBA,"Seeking a Data Scientist to support Technology projects. Key skills include Python, SQL, AWS, Statistics, Generative AI. Hybrid role with mid level experience requirements.",1065000,5
JOB11974,Ai Engineer,Adobe,Delhi,India,Senior,Full Time,Hybrid,1390000,1700000,SGD,2026-02-01,Technology,501-1000,Yes,Yes,No,Yes,Yes,Yes,No,No,No,Yes,No,No,No,No,Yes,9,Diploma,"Seeking a AI Engineer to support Technology projects. Key skills include Python, SQL, Excel, Tableau, Machine Learning, AWS, Generative AI. Hybrid role with senior experience requirements.",1545000,7
JOB10544,Data Engineer,Cisco,Delhi,India,Mid Level,Full Time,Hybrid,770000,970000,INR,2026-04-06,IT Services,1000+,Yes,Yes,No,Yes,Yes,No,No,No,No,Yes,Yes,No,Yes,No,No,5,Bachelor's,"Seeking a Data Engineer to support IT Services projects. Key skills include Python, SQL, Excel, Tableau, AWS, Azure, Statistics. Hybrid role with mid level experience requirements.",870000,7
JOB11496,Data Engineer,IBM,Bangalore,India,Entry Level,Full Time,Remote,710000,940000,GBP,2025-04-21,Education,51-200,Yes,Yes,No,No,Yes,Yes,No,No,No,Yes,Yes,No,Yes,No,No,0,Bachelor's,"Seeking a Data Engineer to support Education projects. Key skills include Python, SQL, Tableau, Machine Learning, AWS, Azure, Statistics. Remote role with entry level experience requirements.",825000,7
JOB10439,Bi Analyst,Infosys,Bangalore,India,Entry Level,Full Time,Remote,430000,590000,INR,2025-10-18,IT Services,1-50,Yes,Yes,No,Yes,No,Yes,Yes,No,No,Yes,No,No,No,Yes,Yes,2,Bachelor's,"Seeking a BI Analyst to support IT Services projects. Key skills include Python, SQL, Excel, Machine Learning, Deep Learning, AWS, NLP. Remote role with entry level experience requirements.",510000,8
JOB10861,Ml Engineer,Deloitte,Gurgaon,India,Lead,Full Time,On-site,1450000,1820000,GBP,2026-03-11,IT Services,1000+,Yes,Yes,Yes,No,Yes,No,Yes,Yes,No,No,No,No,No,No,No,8,Bachelor's,"Seeking a ML Engineer to support IT Services projects. Key skills include Python, SQL, Power BI, Tableau, Deep Learning, TensorFlow. On-site role with lead experience requirements.",1635000,6
JOB10951,Data Engineer,Deloitte,Kolkata,India,Entry Level,Internship,On-site,720000,1030000,INR,2025-10-19,IT Services,201-500,Yes,Yes,No,Yes,No,No,No,No,No,No,No,Yes,Yes,No,No,1,MBA,"Seeking a Data Engineer to support IT Services projects. Key skills include Python, SQL, Excel, GCP, Statistics. On-site role with entry level experience requirements.",875000,5
JOB10327,Ai Engineer,Adobe,Pune,India,Lead,Full Time,On-site,1820000,2150000,USD,2026-07-16,Technology,1000+,Yes,Yes,No,No,No,Yes,Yes,No,No,No,No,No,No,No,Yes,9,MBA,"Seeking a AI Engineer to support Technology projects. Key skills include Python, SQL, Machine Learning, Deep Learning, Generative AI. On-site role with lead experience requirements.",1985000,5
JOB10227,Nlp Engineer,NVIDIA,Hyderabad,India,Entry Level,Internship,On-site,680000,920000,INR,2025-02-01,IT Services,1-50,Yes,Yes,Yes,No,Yes,No,No,No,No,No,Yes,No,No,Yes,No,1,Bachelor's,"Seeking a NLP Engineer to support IT Services projects. Key skills include Python, SQL, Power BI, Tableau, Azure, NLP. On-site role with entry level experience requirements.",800000,6
JOB11674,Ml Engineer,Persistent Systems,Ahmedabad,USA,Senior,Full Time,On-site,1100000,1360000,INR,2026-07-06,Education,51-200,Yes,No,No,Yes,No,Yes,No,No,No,No,No,No,Yes,No,No,5,Diploma,"Seeking a ML Engineer to support Education projects. Key skills include Python, Excel, Machine Learning, Statistics. On-site role with senior experience requirements.",1230000,4
JOB10554,Ai Engineer,Tech Mahindra,Bangalore,India,Senior,Full Time,On-site,1400000,1700000,INR,2026-06-15,Technology,201-500,Yes,Yes,No,No,No,Yes,Yes,No,No,Yes,No,No,No,No,No,7,Master's,"Seeking a AI Engineer to support Technology projects. Key skills include Python, SQL, Machine Learning, Deep Learning, AWS. On-site role with senior experience requirements.",1550000,5
JOB10062,Data Scientist,HCLTech,Hyderabad,India,Mid Level,Full Time,Hybrid,750000,1100000,EUR,2025-05-12,Manufacturing,1000+,Yes,No,Yes,Yes,No,Yes,No,Yes,No,No,No,No,Yes,No,Yes,4,PhD,"Seeking a Data Scientist to support Manufacturing projects. Key skills include Python, Power BI, Excel, Machine Learning, TensorFlow, Statistics, Generative AI. Hybrid role with mid level experience requirements.",925000,7
JOB11547,Ml Engineer,Bosch,Kolkata,Canada,Mid Level,Full Time,Hybrid,970000,1240000,INR,2025-12-10,Technology,501-1000,Yes,No,No,No,No,Yes,No,Yes,Yes,No,No,No,Yes,Yes,No,2,Bachelor's,"Seeking a ML Engineer to support Technology projects. Key skills include Python, Machine Learning, TensorFlow, PyTorch, Statistics, NLP. Hybrid role with mid level experience requirements.",1105000,6
JOB11945,Ml Engineer,Cisco,Mumbai,India,Mid Level,Full Time,On-site,920000,1270000,INR,2025-03-17,Manufacturing,51-200,Yes,Yes,No,No,No,Yes,No,Yes,No,No,No,No,Yes,No,Yes,5,MBA,"Seeking a ML Engineer to support Manufacturing projects. Key skills include Python, SQL, Machine Learning, TensorFlow, Statistics, Generative AI. On-site role with mid level experience requirements.",1095000,6
JOB11958,Machine Learning Engineer,Amazon,Delhi,India,Senior,Full Time,On-site,1340000,1710000,INR,2026-08-06,Manufacturing,1-50,Yes,Yes,Yes,No,No,No,No,Yes,No,No,No,No,No,No,Yes,9,Master's,"Seeking a Machine Learning Engineer to support Manufacturing projects. Key skills include Python, SQL, Power BI, TensorFlow, Generative AI. On-site role with senior experience requirements.",1525000,5
JOB10156,Data Scientist,Accenture,Delhi,India,Mid Level,Contract,Hybrid,850000,1140000,INR,2025-08-10,Consulting,1-50,Yes,No,No,Yes,No,No,No,No,No,No,No,No,Yes,Yes,No,2,Bachelor's,"Seeking a Data Scientist to support Consulting projects. Key skills include Python, Excel, Statistics, NLP. Hybrid role with mid level experience requirements.",995000,4
JOB11625,Data Analyst,JPMorgan Chase,Bangalore,UK,Mid Level,Full Time,Hybrid,480000,620000,GBP,2025-06-16,Finance,1-50,Yes,Yes,Yes,Yes,No,No,No,No,Yes,No,No,No,No,Yes,No,5,Master's,"Seeking a Data Analyst to support Finance projects. Key skills include Python, SQL, Power BI, Excel, PyTorch, NLP. Hybrid role with mid level experience requirements.",550000,6
JOB11318,Bi Analyst,Siemens,Chennai,USA,Mid Level,Full Time,Hybrid,700000,930000,INR,2025-08-09,Technology,201-500,Yes,Yes,Yes,No,No,Yes,Yes,No,No,No,No,No,No,Yes,Yes,4,Bachelor's,"Seeking a BI Analyst to support Technology projects. Key skills include Python, SQL, Power BI, Machine Learning, Deep Learning, NLP, Generative AI. Hybrid role with mid level experience requirements.",815000,7
JOB11374,Ai Engineer,Siemens,Chennai,India,Mid Level,Full Time,On-site,1200000,1540000,GBP,2025-02-22,IT Services,1000+,Yes,Yes,No,Yes,No,Yes,Yes,No,No,No,No,No,No,No,Yes,3,Bachelor's,"Seeking a AI Engineer to support IT Services projects. Key skills include Python, SQL, Excel, Machine Learning, Deep Learning, Generative AI. On-site role with mid level experience requirements.",1370000,6
JOB11799,Data Analyst,Wipro,Delhi,India,Senior,Full Time,On-site,790000,970000,INR,2026-01-29,Telecommunications,201-500,Yes,Yes,Yes,No,No,Yes,Yes,No,No,No,No,No,No,No,No,8,Bachelor's,"Seeking a Data Analyst to support Telecommunications projects. Key skills include Python, SQL, Power BI, Machine Learning, Deep Learning. On-site role with senior experience requirements.",880000,5
JOB11288,Data Scientist,JPMorgan Chase,Remote,Singapore,Senior,Part Time,Hybrid,1030000,1240000,INR,2025-11-17,Technology,501-1000,Yes,Yes,No,No,No,Yes,No,No,No,Yes,No,Yes,Yes,No,No,8,PhD,"Seeking a Data Scientist to support Technology projects. Key skills include Python, SQL, Machine Learning, AWS, GCP, Statistics. Hybrid role with senior experience requirements.",1135000,6
JOB11651,Data Analyst,Genpact,Delhi,India,Mid Level,Full Time,Hybrid,620000,760000,INR,2025-02-23,Telecommunications,1000+,Yes,Yes,No,Yes,Yes,No,No,No,No,No,No,No,No,No,No,3,Master's,"Seeking a Data Analyst to support Telecommunications projects. Key skills include Python, SQL, Excel, Tableau. Hybrid role with mid level experience requirements.",690000,4
JOB10349,Machine Learning Engineer,Walmart Global Tech,Gurgaon,India,Senior,Full Time,Hybrid,1170000,1420000,USD,2025-10-25,Finance,201-500,Yes,No,No,Yes,No,Yes,Yes,No,Yes,No,Yes,Yes,No,No,No,9,Bachelor's,"Seeking a Machine Learning Engineer to support Finance projects. Key skills include Python, Excel, Machine Learning, Deep Learning, PyTorch, Azure, GCP. Hybrid role with senior experience requirements.",1295000,7
JOB11819,Data Engineer,Accenture,Bangalore,India,Mid Level,Internship,On-site,920000,1280000,INR,2025-12-09,Technology,1-50,Yes,Yes,Yes,Yes,No,Yes,No,No,No,No,Yes,Yes,No,No,No,5,Bachelor's,"Seeking a Data Engineer to support Technology projects. Key skills include Python, SQL, Power BI, Excel, Machine Learning, Azure, GCP. On-site role with mid level experience requirements.",1100000,7
JOB10167,Data Scientist,Tech Mahindra,Ahmedabad,India,Entry Level,Full Time,Remote,800000,980000,INR,2025-06-21,Manufacturing,1000+,Yes,No,No,No,No,No,No,Yes,No,Yes,Yes,No,Yes,No,No,1,Bachelor's,"Seeking a Data Scientist to support Manufacturing projects. Key skills include Python, TensorFlow, AWS, Azure, Statistics. Remote role with entry level experience requirements.",890000,5
JOB11537,Data Analyst,Capgemini,Hyderabad,India,Entry Level,Full Time,Hybrid,500000,630000,INR,2025-08-10,E-commerce,1000+,Yes,Yes,Yes,No,No,Yes,No,No,No,Yes,No,Yes,Yes,No,No,0,Bachelor's,"Seeking a Data Analyst to support E-commerce projects. Key skills include Python, SQL, Power BI, Machine Learning, AWS, GCP, Statistics. Hybrid role with entry level experience requirements.",565000,7
JOB11898,Data Analyst,Siemens,Chennai,India,Entry Level,Full Time,Hybrid,370000,590000,INR,2025-11-05,Consulting,201-500,Yes,Yes,Yes,Yes,No,No,No,No,No,No,Yes,No,Yes,Yes,No,1,Master's,"Seeking a Data Analyst to support Consulting projects. Key skills include Python, SQL, Power BI, Excel, Azure, Statistics, NLP. Hybrid role with entry level experience requirements.",480000,7
JOB10205,Data Engineer,Oracle,Remote,India,Mid Level,Part Time,Hybrid,800000,1020000,INR,2025-05-03,Technology,1000+,Yes,Yes,Yes,No,No,No,No,No,No,Yes,No,No,No,No,No,4,Bachelor's,"Seeking a Data Engineer to support Technology projects. Key skills include Python, SQL, Power BI, AWS. Hybrid role with mid level experience requirements.",910000,4
JOB10907,Ml Engineer,LTIMindtree,Pune,India,Entry Level,Full Time,Hybrid,900000,1250000,INR,2025-09-02,Technology,501-1000,Yes,Yes,Yes,Yes,Yes,Yes,No,Yes,No,Yes,No,No,No,No,No,1,Master's,"Seeking a ML Engineer to support Technology projects. Key skills include Python, SQL, Power BI, Excel, Tableau, Machine Learning, TensorFlow. Hybrid role with entry level experience requirements.",1075000,8
JOB10914,Machine Learning Engineer,Tech Mahindra,Gurgaon,UK,Entry Level,Full Time,Hybrid,730000,1010000,INR,2026-03-26,IT Services,1000+,Yes,Yes,No,Yes,No,Yes,Yes,Yes,No,No,No,No,Yes,No,No,1,Bachelor's,"Seeking a Machine Learning Engineer to support IT Services projects. Key skills include Python, SQL, Excel, Machine Learning, Deep Learning, TensorFlow, Statistics. Hybrid role with entry level experience requirements.",870000,7
JOB11818,Bi Analyst,Capgemini,Bangalore,India,Mid Level,Full Time,On-site,710000,890000,INR,2026-06-19,IT Services,1000+,Yes,No,Yes,Yes,No,No,No,No,No,Yes,No,No,No,No,No,4,Master's,"Seeking a BI Analyst to support IT Services projects. Key skills include Python, Power BI, Excel, AWS. On-site role with mid level experience requirements.",800000,4
JOB10187,Ml Engineer,Capgemini,Gurgaon,Australia,Entry Level,Full Time,Remote,890000,1130000,INR,2026-04-14,Education,1000+,Yes,Yes,Yes,No,No,Yes,Yes,No,No,No,No,Yes,Yes,No,No,1,Bachelor's,"Seeking a ML Engineer to support Education projects. Key skills include Python, SQL, Power BI, Machine Learning, Deep Learning, GCP, Statistics. Remote role with entry level experience requirements.",1010000,7
JOB10778,Bi Analyst,LTIMindtree,Hyderabad,Germany,Entry Level,Part Time,On-site,550000,790000,EUR,2026-05-24,Technology,1000+,Yes,Yes,No,Yes,No,No,No,No,No,No,Yes,No,No,No,No,0,PhD,"Seeking a BI Analyst to support Technology projects. Key skills include Python, SQL, Excel, Azure. On-site role with entry level experience requirements.",670000,4
JOB11951,Data Analyst,Infosys,Bangalore,India,Mid Level,Full Time,Hybrid,480000,630000,CAD,2025-11-21,Education,1000+,Yes,Yes,No,Yes,Yes,Yes,Yes,Yes,No,No,No,No,Yes,No,No,4,Master's,"Seeking a Data Analyst to support Education projects. Key skills include Python, SQL, Excel, Tableau, Machine Learning, Deep Learning, TensorFlow. Hybrid role with mid level experience requirements.",555000,8
JOB11693,Machine Learning Engineer,IBM,Mumbai,India,Mid Level,Contract,On-site,1000000,1330000,EUR,2025-05-08,IT Services,1000+,Yes,Yes,No,Yes,No,Yes,No,Yes,No,No,Yes,Yes,Yes,No,No,5,Bachelor's,"Seeking a Machine Learning Engineer to support IT Services projects. Key skills include Python, SQL, Excel, Machine Learning, TensorFlow, Azure, GCP. On-site role with mid level experience requirements.",1165000,8
JOB11034,Data Analyst,IBM,Bangalore,India,Entry Level,Full Time,On-site,410000,590000,INR,2025-05-15,Healthcare,501-1000,Yes,Yes,Yes,No,No,No,No,No,No,No,Yes,No,Yes,Yes,No,0,Master's,"Seeking a Data Analyst to support Healthcare projects. Key skills include Python, SQL, Power BI, Azure, Statistics, NLP. On-site role with entry level experience requirements.",500000,6
JOB10011,Data Analyst,NVIDIA,Noida,India,Entry Level,Full Time,Remote,480000,590000,INR,2025-11-27,Healthcare,1000+,No,Yes,Yes,No,No,No,Yes,No,No,No,No,No,Yes,No,No,0,Bachelor's,"Seeking a Data Analyst to support Healthcare projects. Key skills include SQL, Power BI, Deep Learning, Statistics. Remote role with entry level experience requirements.",535000,4
JOB11989,Machine Learning Engineer,Microsoft,Hyderabad,India,Mid Level,Full Time,Hybrid,1080000,1460000,INR,2025-08-28,E-commerce,1000+,Yes,Yes,No,Yes,No,Yes,No,No,No,Yes,Yes,No,Yes,No,No,2,Bachelor's,"Seeking a Machine Learning Engineer to support E-commerce projects. Key skills include Python, SQL, Excel, Machine Learning, AWS, Azure, Statistics. Hybrid role with mid level experience requirements.",1270000,7
JOB11234,Data Analyst,Cognizant,Hyderabad,UK,Senior,Full Time,Remote,720000,870000,INR,2025-03-26,Finance,201-500,Yes,Yes,Yes,Yes,Yes,No,No,No,No,Yes,No,No,Yes,No,Yes,7,Master's,"Seeking a Data Analyst to support Finance projects. Key skills include Python, SQL, Power BI, Excel, Tableau, AWS, Statistics. Remote role with senior experience requirements.",795000,8
JOB10556,Machine Learning Engineer,HCLTech,Mumbai,India,Mid Level,Full Time,Remote,850000,1190000,INR,2025-02-02,Technology,501-1000,Yes,Yes,No,Yes,Yes,Yes,No,No,No,No,No,Yes,No,Yes,No,2,Bachelor's,"Seeking a Machine Learning Engineer to support Technology projects. Key skills include Python, SQL, Excel, Tableau, Machine Learning, GCP, NLP. Remote role with mid level experience requirements.",1020000,7
JOB10290,Data Engineer,Walmart Global Tech,Noida,Australia,Mid Level,Full Time,On-site,840000,1150000,INR,2025-02-26,IT Services,51-200,Yes,Yes,No,No,Yes,Yes,No,No,No,No,No,No,Yes,No,No,5,Master's,"Seeking a Data Engineer to support IT Services projects. Key skills include Python, SQL, Tableau, Machine Learning, Statistics. On-site role with mid level experience requirements.",995000,5
JOB10428,Business Analyst,Cognizant,Hyderabad,India,Entry Level,Contract,On-site,500000,720000,INR,2026-06-21,Technology,501-1000,No,Yes,Yes,Yes,Yes,No,No,No,No,No,No,No,No,No,No,2,MBA,"Seeking a Business Analyst to support Technology projects. Key skills include SQL, Power BI, Excel, Tableau. On-site role with entry level experience requirements.",610000,4
JOB11870,Bi Analyst,Bosch,Bangalore,India,Entry Level,Internship,On-site,460000,640000,INR,2025-05-08,Education,1000+,No,No,Yes,No,Yes,Yes,No,Yes,No,No,No,No,No,Yes,No,1,Master's,"Seeking a BI Analyst to support Education projects. Key skills include Power BI, Tableau, Machine Learning, TensorFlow, NLP. On-site role with entry level experience requirements.",550000,5
JOB10122,Business Analyst,JPMorgan Chase,Pune,India,Mid Level,Full Time,Hybrid,650000,900000,INR,2026-07-07,Manufacturing,1000+,No,Yes,Yes,No,No,No,Yes,No,No,No,No,Yes,No,No,No,4,Master's,"Seeking a Business Analyst to support Manufacturing projects. Key skills include SQL, Power BI, Deep Learning, GCP. Hybrid role with mid level experience requirements.",775000,4
JOB10657,Data Scientist,IBM,Gurgaon,India,Senior,Contract,Hybrid,1100000,1480000,EUR,2025-10-16,Consulting,201-500,Yes,No,No,Yes,No,Yes,No,No,No,Yes,Yes,No,Yes,No,No,8,Bachelor's,"Seeking a Data Scientist to support Consulting projects. Key skills include Python, Excel, Machine Learning, AWS, Azure, Statistics. Hybrid role with senior experience requirements.",1290000,6
JOB11390,Machine Learning Engineer,Adobe,Delhi,India,Mid Level,Full Time,Hybrid,1070000,1460000,INR,2025-08-14,Consulting,51-200,Yes,Yes,No,No,No,Yes,No,No,No,No,No,No,Yes,No,No,2,Diploma,"Seeking a Machine Learning Engineer to support Consulting projects. Key skills include Python, SQL, Machine Learning, Statistics. Hybrid role with mid level experience requirements.",1265000,4
JOB10152,Data Scientist,Infosys,Bangalore,India,Mid Level,Full Time,Hybrid,890000,1190000,INR,2026-08-02,E-commerce,1000+,Yes,Yes,No,No,Yes,Yes,No,No,No,No,No,Yes,Yes,No,No,5,Diploma,"Seeking a Data Scientist to support E-commerce projects. Key skills include Python, SQL, Tableau, Machine Learning, GCP, Statistics. Hybrid role with mid level experience requirements.",1040000,6
JOB11543,Ai Engineer,SAP,Chennai,India,Mid Level,Full Time,On-site,1030000,1460000,INR,2025-08-06,Healthcare,501-1000,Yes,Yes,Yes,Yes,No,No,Yes,No,Yes,Yes,No,No,No,No,No,4,Bachelor's,"Seeking a AI Engineer to support Healthcare projects. Key skills include Python, SQL, Power BI, Excel, Deep Learning, PyTorch, AWS. On-site role with mid level experience requirements.",1245000,7
JOB11137,Business Analyst,TCS,Pune,India,Mid Level,Full Time,Remote,520000,750000,INR,2025-04-06,Consulting,501-1000,No,Yes,No,Yes,No,No,No,No,No,No,No,No,No,No,No,2,Bachelor's,"Seeking a Business Analyst to support Consulting projects. Key skills include SQL, Excel. Remote role with mid level experience requirements.",635000,2
JOB11473,Business Analyst,Siemens,Hyderabad,India,Mid Level,Full Time,Remote,660000,860000,INR,2025-05-08,Technology,51-200,Yes,Yes,Yes,Yes,No,No,No,No,No,No,No,No,Yes,No,No,4,Bachelor's,"Seeking a Business Analyst to support Technology projects. Key skills include Python, SQL, Power BI, Excel, Statistics. Remote role with mid level experience requirements.",760000,5
JOB10131,Machine Learning Engineer,Amazon,Remote,Singapore,Mid Level,Full Time,Remote,1100000,1510000,INR,2026-04-02,IT Services,1000+,Yes,No,Yes,No,No,No,No,No,Yes,Yes,No,No,No,No,No,2,Bachelor's,"Seeking a Machine Learning Engineer to support IT Services projects. Key skills include Python, Power BI, PyTorch, AWS. Remote role with mid level experience requirements.",1305000,4
JOB10851,Data Analyst,IBM,Gurgaon,India,Entry Level,Contract,Hybrid,370000,590000,SGD,2026-03-18,Healthcare,51-200,Yes,Yes,Yes,No,No,No,Yes,No,No,No,No,No,Yes,No,No,0,Master's,"Seeking a Data Analyst to support Healthcare projects. Key skills include Python, SQL, Power BI, Deep Learning, Statistics. Hybrid role with entry level experience requirements.",480000,5
JOB10134,Data Scientist,MICROSOFT,Noida,Canada,Entry Level,Full Time,Hybrid,650000,950000,INR,2025-04-04,IT Services,51-200,Yes,Yes,Yes,No,No,Yes,No,No,No,No,No,No,Yes,No,No,1,Master's,"Seeking a Data Scientist to support IT Services projects. Key skills include Python, SQL, Power BI, Machine Learning, Statistics. Hybrid role with entry level experience requirements.",800000,5
JOB10001,Machine Learning Engineer,TCS,Chennai,India,Mid Level,Full Time,Hybrid,930000,1300000,INR,2026-02-10,Technology,201-500,Yes,Yes,Yes,No,No,Yes,Yes,No,Yes,Yes,No,No,No,No,No,4,Bachelor's,"Seeking a Machine Learning Engineer to support Technology projects. Key skills include Python, SQL, Power BI, Machine Learning, Deep Learning, PyTorch, AWS. Hybrid role with mid level experience requirements.",1115000,7
JOB11772,Ml Engineer,Amazon,Gurgaon,India,Entry Level,Full Time,Remote,890000,1220000,AUD,2025-11-08,Healthcare,1000+,Yes,Yes,No,No,No,Yes,Yes,No,No,No,No,No,No,No,No,0,Bachelor's,"Seeking a ML Engineer to support Healthcare projects. Key skills include Python, SQL, Machine Learning, Deep Learning. Remote role with entry level experience requirements.",1055000,4
JOB11603,Data Scientist,Deloitte,Hyderabad,Canada,Senior,Internship,Remote,1180000,1500000,INR,2025-12-13,Consulting,501-1000,Yes,No,No,No,Yes,No,Yes,No,Yes,Yes,Yes,No,Yes,Yes,No,9,MBA,"Seeking a Data Scientist to support Consulting projects. Key skills include Python, Tableau, Deep Learning, PyTorch, AWS, Azure, Statistics. Remote role with senior experience requirements.",1340000,8
JOB11544,Data Scientist,Google,Ahmedabad,India,Senior,Full Time,On-site,1300000,1610000,INR,2025-09-05,IT Services,1-50,Yes,Yes,No,Yes,No,No,No,No,No,No,Yes,No,Yes,No,No,8,Bachelor's,"Seeking a Data Scientist to support IT Services projects. Key skills include Python, SQL, Excel, Azure, Statistics. On-site role with senior experience requirements.",1455000,5
JOB10700,Ai Engineer,Google,Delhi,India,Mid Level,Part Time,On-site,1220000,1450000,GBP,2025-04-11,Finance,1-50,Yes,Yes,No,Yes,No,Yes,Yes,No,No,No,No,No,No,No,No,3,Master's,"Seeking a AI Engineer to support Finance projects. Key skills include Python, SQL, Excel, Machine Learning, Deep Learning. On-site role with mid level experience requirements.",1335000,5
JOB11394,Ai Engineer,SAP,Gurgaon,USA,Mid Level,Full Time,On-site,1030000,1290000,GBP,2026-02-16,Finance,51-200,Yes,No,No,Yes,No,Yes,No,No,Yes,No,No,No,Yes,No,Yes,3,Bachelor's,"Seeking a AI Engineer to support Finance projects. Key skills include Python, Excel, Machine Learning, PyTorch, Statistics, Generative AI. On-site role with mid level experience requirements.",1160000,6
JOB11326,Data Scientist,Persistent Systems,Hyderabad,India,Mid Level,Full Time,Hybrid,780000,1070000,INR,2026-01-17,Education,501-1000,Yes,No,No,No,Yes,No,Yes,No,No,No,No,Yes,No,No,No,3,Bachelor's,"Seeking a Data Scientist to support Education projects. Key skills include Python, Tableau, Deep Learning, GCP. Hybrid role with mid level experience requirements.",925000,4
JOB11096,Data Analyst,Deloitte,Mumbai,India,Senior,Full Time,On-site,690000,860000,INR,2025-01-05,Consulting,51-200,Yes,Yes,Yes,No,No,Yes,No,No,No,Yes,No,No,No,No,Yes,9,Bachelor's,"Seeking a Data Analyst to support Consulting projects. Key skills include Python, SQL, Power BI, Machine Learning, AWS, Generative AI. On-site role with senior experience requirements.",775000,6
JOB11728,Nlp Engineer,Deloitte,Delhi,India,Senior,Full Time,On-site,1120000,1340000,INR,2025-03-03,IT Services,51-200,Yes,Yes,No,No,No,Yes,Yes,No,Yes,No,No,No,No,No,No,8,Master's,"Seeking a NLP Engineer to support IT Services projects. Key skills include Python, SQL, Machine Learning, Deep Learning, PyTorch. On-site role with senior experience requirements.",1230000,5
JOB10323,Data Engineer,SAP,Mumbai,India,Entry Level,Full Time,Remote,590000,820000,INR,2026-05-18,Finance,51-200,Yes,Yes,No,Yes,Yes,No,Yes,No,No,No,Yes,No,Yes,No,No,1,Master's,"Seeking a Data Engineer to support Finance projects. Key skills include Python, SQL, Excel, Tableau, Deep Learning, Azure, Statistics. Remote role with entry level experience requirements.",705000,7
JOB10002,Ai/Ml Intern,Amazon,Mumbai,USA,Entry Level,Full Time,On-site,160000,260000,INR,2025-08-31,Healthcare,1000+,Yes,No,No,No,Yes,Yes,No,No,No,No,No,No,Yes,No,No,1,Bachelor's,"Seeking a AI/ML Intern to support Healthcare projects. Key skills include Python, Tableau, Machine Learning, Statistics. On-site role with entry level experience requirements.",210000,4
JOB11357,Business Analyst,Google,Gurgaon,India,Entry Level,Full Time,Hybrid,520000,750000,SGD,2025-04-29,Healthcare,501-1000,Yes,Yes,No,Yes,No,No,Yes,Yes,No,No,No,No,Yes,No,No,2,Diploma,"Seeking a Business Analyst to support Healthcare projects. Key skills include Python, SQL, Excel, Deep Learning, TensorFlow, Statistics. Hybrid role with entry level experience requirements.",635000,6
JOB10957,Ai Engineer,Wipro,Mumbai,USA,Mid Level,Full Time,Hybrid,980000,1380000,INR,2026-04-14,Technology,1-50,No,Yes,Yes,No,Yes,Yes,No,No,No,No,No,No,Yes,No,Yes,2,Master's,"Seeking a AI Engineer to support Technology projects. Key skills include SQL, Power BI, Tableau, Machine Learning, Statistics, Generative AI. Hybrid role with mid level experience requirements.",1180000,6
JOB11849,Business Analyst,Tech Mahindra,Pune,Germany,Senior,Full Time,Hybrid,710000,900000,INR,2025-01-17,Finance,51-200,Yes,Yes,No,Yes,No,Yes,No,No,No,No,No,No,No,No,No,10,Bachelor's,"Seeking a Business Analyst to support Finance projects. Key skills include Python, SQL, Excel, Machine Learning. Hybrid role with senior experience requirements.",805000,4
JOB10184,Business Analyst,Infosys,Bangalore,India,Lead,Full Time,On-site,760000,970000,INR,2025-08-03,Consulting,501-1000,Yes,Yes,Yes,Yes,No,No,No,No,No,No,No,No,No,No,No,11,Bachelor's,"Seeking a Business Analyst to support Consulting projects. Key skills include Python, SQL, Power BI, Excel. On-site role with lead experience requirements.",865000,4
JOB11242,Ml Engineer,Cognizant,Delhi,USA,Mid Level,Full Time,Hybrid,1000000,1400000,INR,2026-03-02,Technology,501-1000,Yes,Yes,Yes,Yes,No,Yes,Yes,No,No,No,No,No,No,No,No,5,PhD,"Seeking a ML Engineer to support Technology projects. Key skills include Python, SQL, Power BI, Excel, Machine Learning, Deep Learning. Hybrid role with mid level experience requirements.",1200000,6
JOB11775,Ml Engineer,Adobe,Mumbai,USA,Mid Level,Full Time,On-site,1000000,1390000,INR,2025-12-11,Technology,501-1000,Yes,Yes,Yes,No,No,Yes,Yes,Yes,No,Yes,No,Yes,No,No,No,2,Bachelor's,"Seeking a ML Engineer to support Technology projects. Key skills include Python, SQL, Power BI, Machine Learning, Deep Learning, TensorFlow, AWS. On-site role with mid level experience requirements.",1195000,8
JOB10307,Ai Engineer,Google,Chennai,Germany,Senior,Full Time,Hybrid,1160000,1530000,INR,2025-05-18,Education,1000+,Yes,Yes,No,No,Yes,Yes,No,Yes,No,No,No,No,No,No,Yes,9,Bachelor's,"Seeking a AI Engineer to support Education projects. Key skills include Python, SQL, Tableau, Machine Learning, TensorFlow, Generative AI. Hybrid role with senior experience requirements.",1345000,6
JOB10730,Data Analyst,Accenture,Noida,India,Mid Level,Full Time,On-site,600000,810000,INR,2025-10-24,Technology,1-50,No,Yes,Yes,Yes,No,No,No,No,No,No,Yes,No,Yes,No,No,2,Bachelor's,"Seeking a Data Analyst to support Technology projects. Key skills include SQL, Power BI, Excel, Azure, Statistics. On-site role with mid level experience requirements.",705000,5
JOB11010,Ai Engineer,LTIMindtree,Chennai,India,Lead,Full Time,Remote,1320000,1560000,EUR,2025-08-14,Healthcare,1000+,Yes,No,Yes,Yes,Yes,No,No,Yes,No,No,Yes,No,No,No,Yes,14,Bachelor's,"Seeking a AI Engineer to support Healthcare projects. Key skills include Python, Power BI, Excel, Tableau, TensorFlow, Azure, Generative AI. Remote role with lead experience requirements.",1440000,7
JOB10550,Ml Engineer,Google,Pune,India,Mid Level,Full Time,Hybrid,800000,1140000,INR,2025-01-05,Technology,1000+,Yes,No,No,No,No,Yes,Yes,No,No,No,No,No,No,Yes,No,4,Bachelor's,"Seeking a ML Engineer to support Technology projects. Key skills include Python, Machine Learning, Deep Learning, NLP. Hybrid role with mid level experience requirements.",970000,4
JOB10970,Machine Learning Engineer,IBM,Pune,India,Mid Level,Full Time,On-site,1110000,1510000,USD,2025-11-20,Manufacturing,501-1000,Yes,No,No,Yes,No,Yes,No,No,No,No,No,No,No,No,Yes,4,Bachelor's,"Seeking a Machine Learning Engineer to support Manufacturing projects. Key skills include Python, Excel, Machine Learning, Generative AI. On-site role with mid level experience requirements.",1310000,4
JOB11061,Business Analyst,Walmart Global Tech,Pune,India,Senior,Full Time,Remote,750000,940000,USD,2026-07-31,Technology,1000+,Yes,No,No,No,Yes,No,No,No,Yes,Yes,No,No,Yes,No,No,10,Bachelor's,"Seeking a Business Analyst to support Technology projects. Key skills include Python, Tableau, PyTorch, AWS, Statistics. Remote role with senior experience requirements.",845000,5
JOB10111,Data Scientist,Walmart Global Tech,Bangalore,India,Lead,Full Time,Hybrid,1030000,1240000,EUR,2026-05-30,E-commerce,1-50,Yes,Yes,No,Yes,No,Yes,No,No,No,No,No,No,Yes,No,Yes,8,Bachelor's,"Seeking a Data Scientist to support E-commerce projects. Key skills include Python, SQL, Excel, Machine Learning, Statistics, Generative AI. Hybrid role with lead experience requirements.",1135000,6
JOB11415,Ai Engineer,Genpact,Bangalore,India,Mid Level,Full Time,Hybrid,1100000,1330000,INR,2026-02-06,IT Services,201-500,Yes,Yes,No,Yes,No,Yes,No,No,No,No,No,No,Yes,No,Yes,3,Master's,"Seeking a AI Engineer to support IT Services projects. Key skills include Python, SQL, Excel, Machine Learning, Statistics, Generative AI. Hybrid role with mid level experience requirements.",1215000,6
JOB10889,Data Analyst,Amazon,Mumbai,India,Lead,Full Time,On-site,770000,870000,INR,2025-09-16,Technology,501-1000,Yes,Yes,Yes,No,No,No,No,No,No,No,No,No,Yes,No,No,9,Master's,"Seeking a Data Analyst to support Technology projects. Key skills include Python, SQL, Power BI, Statistics. On-site role with lead experience requirements.",820000,4
JOB11981,Data Analyst,Oracle,Gurgaon,India,Entry Level,Contract,On-site,480000,700000,INR,2025-11-03,Technology,201-500,No,Yes,Yes,No,No,No,No,Yes,No,Yes,No,No,No,No,No,2,Bachelor's,"Seeking a Data Analyst to support Technology projects. Key skills include SQL, Power BI, TensorFlow, AWS. On-site role with entry level experience requirements.",590000,4
JOB10916,Machine Learning Engineer,IBM,Delhi,India,Senior,Contract,Hybrid,1370000,1610000,INR,2025-12-27,Education,1000+,Yes,No,No,No,No,Yes,Yes,Yes,Yes,No,No,Yes,No,No,No,6,Master's,"Seeking a Machine Learning Engineer to support Education projects. Key skills include Python, Machine Learning, Deep Learning, TensorFlow, PyTorch, GCP. Hybrid role with senior experience requirements.",1490000,6
JOB11838,Data Scientist,SAP,Remote,India,Senior,Full Time,On-site,940000,1170000,INR,2025-10-27,Technology,1000+,Yes,Yes,Yes,Yes,No,No,No,No,No,No,No,No,Yes,No,No,7,Master's,"Seeking a Data Scientist to support Technology projects. Key skills include Python, SQL, Power BI, Excel, Statistics. On-site role with senior experience requirements.",1055000,5
JOB10927,Data Scientist,Bosch,Mumbai,India,Mid Level,Full Time,On-site,880000,1100000,USD,2026-03-30,E-commerce,501-1000,Yes,Yes,Yes,No,No,Yes,No,No,No,No,No,No,No,No,No,2,Master's,"Seeking a Data Scientist to support E-commerce projects. Key skills include Python, SQL, Power BI, Machine Learning. On-site role with mid level experience requirements.",990000,4
JOB10746,Business Analyst,Cognizant,Kolkata,India,Mid Level,Full Time,Remote,490000,710000,AUD,2026-06-23,Technology,1000+,Yes,No,Yes,Yes,No,Yes,No,No,No,Yes,Yes,No,Yes,No,No,2,MBA,"Seeking a Business Analyst to support Technology projects. Key skills include Python, Power BI, Excel, Machine Learning, AWS, Azure, Statistics. Remote role with mid level experience requirements.",600000,7
JOB10776,Data Analyst,Capgemini,Delhi,India,Entry Level,Full Time,Remote,500000,640000,INR,2025-07-26,Technology,51-200,Yes,Yes,No,No,No,Yes,No,No,No,No,No,No,Yes,No,No,0,Bachelor's,"Seeking a Data Analyst to support Technology projects. Key skills include Python, SQL, Machine Learning, Statistics. Remote role with entry level experience requirements.",570000,4
JOB11348,Machine Learning Engineer,Siemens,Noida,USA,Entry Level,Full Time,Hybrid,920000,1120000,INR,2025-11-12,Finance,1000+,Yes,Yes,Yes,Yes,No,Yes,Yes,No,Yes,No,No,No,Yes,No,Yes,1,Bachelor's,"Seeking a Machine Learning Engineer to support Finance projects. Key skills include Python, SQL, Power BI, Excel, Machine Learning, Deep Learning, PyTorch. Hybrid role with entry level experience requirements.",1020000,9
JOB11576,Data Analyst,JPMorgan Chase,Bangalore,India,Mid Level,Contract,Remote,580000,760000,INR,2026-02-11,Education,1000+,Yes,Yes,No,No,Yes,Yes,No,No,Yes,No,No,Yes,No,No,Yes,5,Master's,"Seeking a Data Analyst to support Education projects. Key skills include Python, SQL, Tableau, Machine Learning, PyTorch, GCP, Generative AI. Remote role with mid level experience requirements.",670000,7
JOB10578,Ai/Ml Intern,Siemens,Bangalore,India,Entry Level,Full Time,Remote,190000,290000,INR,2025-12-04,Technology,501-1000,Yes,Yes,No,No,No,No,No,No,Yes,Yes,No,No,No,No,No,1,MBA,"Seeking a AI/ML Intern to support Technology projects. Key skills include Python, SQL, PyTorch, AWS. Remote role with entry level experience requirements.",240000,4
JOB11188,Data Analyst,Cisco,Delhi,India,Mid Level,Full Time,On-site,630000,740000,INR,2025-05-20,Consulting,1000+,No,Yes,No,No,No,No,No,No,No,No,No,No,No,No,No,2,Bachelor's,Seeking a Data Analyst to support Consulting projects. Key skills include SQL. On-site role with mid level experience requirements.,685000,1
JOB10264,Ai Engineer,Persistent Systems,Bangalore,India,Senior,Full Time,Remote,1570000,1920000,INR,2025-01-22,IT Services,1000+,Yes,Yes,No,No,No,Yes,No,No,No,No,No,Yes,No,No,No,6,MBA,"Seeking a AI Engineer to support IT Services projects. Key skills include Python, SQL, Machine Learning, GCP. Remote role with senior experience requirements.",1745000,4
JOB11256,Machine Learning Engineer,LTIMindtree,Ahmedabad,UK,Senior,Full Time,On-site,1220000,1630000,AUD,2026-08-10,IT Services,1000+,Yes,No,No,Yes,No,No,No,No,No,Yes,No,No,Yes,Yes,No,9,Bachelor's,"Seeking a Machine Learning Engineer to support IT Services projects. Key skills include Python, Excel, AWS, Statistics, NLP. On-site role with senior experience requirements.",1425000,5
JOB10303,Ai Engineer,LTIMindtree,Kolkata,India,Entry Level,Full Time,Hybrid,850000,1220000,USD,2026-06-07,Finance,51-200,Yes,No,Yes,No,No,No,Yes,No,No,No,Yes,No,Yes,No,No,0,Bachelor's,"Seeking a AI Engineer to support Finance projects. Key skills include Python, Power BI, Deep Learning, Azure, Statistics. Hybrid role with entry level experience requirements.",1035000,5
JOB10928,Ai Engineer,Cisco,Delhi,India,Entry Level,Full Time,Hybrid,940000,1390000,SGD,2026-04-15,Finance,1000+,Yes,No,Yes,No,Yes,Yes,No,No,No,No,Yes,Yes,Yes,No,Yes,1,Bachelor's,"Seeking a AI Engineer to support Finance projects. Key skills include Python, Power BI, Tableau, Machine Learning, Azure, GCP, Statistics. Hybrid role with entry level experience requirements.",1165000,8
JOB11200,Data Analyst,Wipro,Remote,UK,Entry Level,Contract,Hybrid,450000,640000,INR,2025-07-08,Education,501-1000,No,Yes,No,Yes,No,Yes,No,No,No,No,No,No,No,No,No,0,MBA,"Seeking a Data Analyst to support Education projects. Key skills include SQL, Excel, Machine Learning. Hybrid role with entry level experience requirements.",545000,3
JOB11522,Ai/Ml Intern,Genpact,Hyderabad,India,Senior,Full Time,Remote,390000,490000,INR,2026-01-15,E-commerce,1000+,Yes,Yes,Yes,No,No,Yes,No,Yes,No,No,No,No,Yes,No,No,8,Diploma,"Seeking a AI/ML Intern to support E-commerce projects. Key skills include Python, SQL, Power BI, Machine Learning, TensorFlow, Statistics. Remote role with senior experience requirements.",440000,6
JOB10150,Data Scientist,Cognizant,Delhi,India,Mid Level,Full Time,On-site,830000,1210000,INR,2025-01-07,Technology,1000+,Yes,Yes,No,Yes,Yes,No,No,No,No,Yes,No,No,Yes,No,No,2,Bachelor's,"Seeking a Data Scientist to support Technology projects. Key skills include Python, SQL, Excel, Tableau, AWS, Statistics. On-site role with mid level experience requirements.",1020000,6
JOB11414,Data Analyst,NVIDIA,Pune,India,Mid Level,Full Time,Remote,530000,700000,INR,2025-09-22,Technology,51-200,No,Yes,Yes,Yes,Yes,Yes,Yes,No,No,Yes,No,No,No,Yes,No,5,Bachelor's,"Seeking a Data Analyst to support Technology projects. Key skills include SQL, Power BI, Excel, Tableau, Machine Learning, Deep Learning, AWS. Remote role with mid level experience requirements.",615000,8
JOB10072,Data Analyst,Bosch,Bangalore,India,Mid Level,Full Time,Remote,580000,700000,USD,2025-01-08,E-commerce,1-50,No,No,Yes,No,No,No,Yes,Yes,No,No,Yes,Yes,Yes,No,Yes,5,Bachelor's,"Seeking a Data Analyst to support E-commerce projects. Key skills include Power BI, Deep Learning, TensorFlow, Azure, GCP, Statistics, Generative AI. Remote role with mid level experience requirements.",640000,7
JOB10786,Business Analyst,Cisco,Bangalore,India,Entry Level,Full Time,Hybrid,520000,690000,INR,2026-06-09,Consulting,1000+,Yes,Yes,No,Yes,No,Yes,No,No,No,Yes,No,Yes,No,Yes,No,0,Bachelor's,"Seeking a Business Analyst to support Consulting projects. Key skills include Python, SQL, Excel, Machine Learning, AWS, GCP, NLP. Hybrid role with entry level experience requirements.",605000,7
JOB10456,Ai Engineer,Amazon,Bangalore,India,Mid Level,Full Time,Hybrid,1140000,1540000,INR,2025-08-24,Consulting,1000+,Yes,Yes,Yes,No,Yes,Yes,No,No,No,No,No,No,No,Yes,Yes,5,Bachelor's,"Seeking a AI Engineer to support Consulting projects. Key skills include Python, SQL, Power BI, Tableau, Machine Learning, NLP, Generative AI. Hybrid role with mid level experience requirements.",1340000,7
JOB10090,Machine Learning Engineer,JPMorgan Chase,Hyderabad,India,Mid Level,Contract,Hybrid,1160000,1540000,CAD,2025-01-30,IT Services,1-50,Yes,No,No,Yes,Yes,Yes,No,No,Yes,Yes,No,No,No,No,Yes,2,Bachelor's,"Seeking a Machine Learning Engineer to support IT Services projects. Key skills include Python, Excel, Tableau, Machine Learning, PyTorch, AWS, Generative AI. Hybrid role with mid level experience requirements.",1350000,7
JOB10118,Data Analyst,Bosch,Gurgaon,Canada,Mid Level,Full Time,On-site,500000,670000,INR,2026-06-02,Technology,1000+,Yes,Yes,Yes,Yes,No,No,No,No,Yes,Yes,Yes,Yes,Yes,No,No,3,Bachelor's,"Seeking a Data Analyst to support Technology projects. Key skills include Python, SQL, Power BI, Excel, PyTorch, AWS, Azure. On-site role with mid level experience requirements.",585000,9
JOB10322,Bi Analyst,Bosch,Delhi,Australia,Senior,Full Time,On-site,710000,930000,INR,2026-04-30,Manufacturing,1000+,Yes,Yes,No,Yes,No,No,No,No,No,No,Yes,Yes,No,No,No,8,Bachelor's,"Seeking a BI Analyst to support Manufacturing projects. Key skills include Python, SQL, Excel, Azure, GCP. On-site role with senior experience requirements.",820000,5
JOB11768,Machine Learning Engineer,Google,Ahmedabad,India,Entry Level,Full Time,Remote,680000,1020000,INR,2025-06-06,IT Services,501-1000,Yes,Yes,No,Yes,No,Yes,No,No,No,No,No,No,Yes,No,No,0,Bachelor's,"Seeking a Machine Learning Engineer to support IT Services projects. Key skills include Python, SQL, Excel, Machine Learning, Statistics. Remote role with entry level experience requirements.",850000,5
JOB11592,Nlp Engineer,Persistent Systems,Pune,India,Mid Level,Full Time,On-site,850000,1130000,SGD,2025-07-27,E-commerce,201-500,Yes,No,No,No,Yes,Yes,No,No,No,No,No,Yes,Yes,No,Yes,5,Bachelor's,"Seeking a NLP Engineer to support E-commerce projects. Key skills include Python, Tableau, Machine Learning, GCP, Statistics, Generative AI. On-site role with mid level experience requirements.",990000,6
JOB10460,Data Analyst,Adobe,Remote,India,Entry Level,Full Time,On-site,380000,510000,INR,2026-06-03,IT Services,1000+,Yes,Yes,Yes,Yes,No,No,No,No,No,Yes,No,No,No,No,No,1,Master's,"Seeking a Data Analyst to support IT Services projects. Key skills include Python, SQL, Power BI, Excel, AWS. On-site role with entry level experience requirements.",445000,5
JOB11571,Data Engineer,IBM,Pune,India,Entry Level,Contract,Hybrid,760000,1020000,INR,2025-02-18,Technology,1000+,Yes,Yes,Yes,No,No,No,No,No,No,No,Yes,No,No,Yes,No,0,MBA,"Seeking a Data Engineer to support Technology projects. Key skills include Python, SQL, Power BI, Azure, NLP. Hybrid role with entry level experience requirements.",890000,5
JOB11469,Business Analyst,Walmart Global Tech,Chennai,India,Mid Level,Full Time,Hybrid,670000,890000,CAD,2025-09-11,Manufacturing,501-1000,Yes,Yes,Yes,Yes,No,Yes,No,No,No,No,No,No,Yes,No,No,2,Bachelor's,"Seeking a Business Analyst to support Manufacturing projects. Key skills include Python, SQL, Power BI, Excel, Machine Learning, Statistics. Hybrid role with mid level experience requirements.",780000,6
JOB10242,Ai/Ml Intern,Bosch,Noida,India,Entry Level,Full Time,On-site,150000,290000,INR,2025-07-11,E-commerce,1000+,Yes,Yes,No,Yes,No,Yes,No,No,Yes,Yes,No,Yes,Yes,No,Yes,0,Bachelor's,"Seeking a AI/ML Intern to support E-commerce projects. Key skills include Python, SQL, Excel, Machine Learning, PyTorch, AWS, GCP. On-site role with entry level experience requirements.",220000,9
JOB10699,Data Analyst,Tech Mahindra,Remote,USA,Lead,Full Time,On-site,840000,1010000,INR,2026-04-07,Technology,1000+,Yes,Yes,No,No,No,No,No,No,No,Yes,No,Yes,Yes,No,No,10,Bachelor's,"Seeking a Data Analyst to support Technology projects. Key skills include Python, SQL, AWS, GCP, Statistics. On-site role with lead experience requirements.",925000,5
JOB10842,Data Engineer,Microsoft,Bangalore,India,Mid Level,Full Time,Remote,890000,1060000,INR,2025-06-12,Finance,1000+,Yes,No,No,No,No,No,No,No,No,Yes,No,No,Yes,No,No,3,Bachelor's,"Seeking a Data Engineer to support Finance projects. Key skills include Python, AWS, Statistics. Remote role with mid level experience requirements.",975000,3
JOB11885,Data Analyst,Genpact,Hyderabad,India,Senior,Internship,On-site,710000,910000,INR,2026-02-08,Technology,1000+,Yes,Yes,No,Yes,No,Yes,No,Yes,Yes,No,No,No,Yes,No,Yes,5,Bachelor's,"Seeking a Data Analyst to support Technology projects. Key skills include Python, SQL, Excel, Machine Learning, TensorFlow, PyTorch, Statistics. On-site role with senior experience requirements.",810000,8
JOB10703,Data Scientist,Genpact,Hyderabad,India,Mid Level,Full Time,On-site,820000,1190000,USD,2025-12-28,Consulting,1000+,Yes,Yes,No,No,No,No,No,No,Yes,Yes,No,No,Yes,No,No,3,Bachelor's,"Seeking a Data Scientist to support Consulting projects. Key skills include Python, SQL, PyTorch, AWS, Statistics. On-site role with mid level experience requirements.",1005000,5
JOB11519,Data Scientist,Walmart Global Tech,Bangalore,UK,Senior,Full Time,On-site,1130000,1330000,INR,2025-03-31,Finance,501-1000,Yes,Yes,No,Yes,Yes,No,No,Yes,Yes,No,Yes,No,Yes,No,No,6,Master's,"Seeking a Data Scientist to support Finance projects. Key skills include Python, SQL, Excel, Tableau, TensorFlow, PyTorch, Azure. On-site role with senior experience requirements.",1230000,8
JOB10585,Data Engineer,Siemens,Pune,India,Mid Level,Full Time,Hybrid,810000,1050000,INR,2025-02-24,Technology,1000+,No,Yes,No,No,No,No,No,No,No,No,Yes,No,No,No,No,4,Bachelor's,"Seeking a Data Engineer to support Technology projects. Key skills include SQL, Azure. Hybrid role with mid level experience requirements.",930000,2
JOB10980,Data Engineer,Bosch,Bangalore,India,Lead,Full Time,Hybrid,1330000,1600000,INR,2025-12-23,Manufacturing,201-500,Yes,Yes,No,No,No,Yes,No,No,No,Yes,No,No,No,No,Yes,11,Bachelor's,"Seeking a Data Engineer to support Manufacturing projects. Key skills include Python, SQL, Machine Learning, AWS, Generative AI. Hybrid role with lead experience requirements.",1465000,5
JOB10693,Ai Engineer,Oracle,Bangalore,India,Mid Level,Full Time,Hybrid,940000,1260000,INR,2026-05-06,Consulting,1000+,No,No,No,No,No,Yes,No,No,No,No,No,Yes,No,No,Yes,2,Bachelor's,"Seeking a AI Engineer to support Consulting projects. Key skills include Machine Learning, GCP, Generative AI. Hybrid role with mid level experience requirements.",1100000,3
JOB10271,Ml Engineer,Cisco,Bangalore,Canada,Mid Level,Full Time,Remote,760000,1010000,INR,2025-07-23,Technology,1-50,No,Yes,No,No,No,Yes,Yes,No,Yes,No,No,No,Yes,No,No,4,Bachelor's,"Seeking a ML Engineer to support Technology projects. Key skills include SQL, Machine Learning, Deep Learning, PyTorch, Statistics. Remote role with mid level experience requirements.",885000,5
JOB11136,Data Analyst,Oracle,Bangalore,India,Entry Level,Full Time,On-site,420000,570000,INR,2025-09-26,Healthcare,51-200,Yes,Yes,Yes,Yes,No,No,No,No,No,No,No,Yes,No,No,No,1,MBA,"Seeking a Data Analyst to support Healthcare projects. Key skills include Python, SQL, Power BI, Excel, GCP. On-site role with entry level experience requirements.",495000,5
JOB10596,Machine Learning Engineer,Siemens,Gurgaon,India,Mid Level,Full Time,On-site,1190000,1590000,INR,2025-06-27,IT Services,1000+,Yes,No,No,No,No,Yes,No,No,No,No,No,No,Yes,No,No,4,Bachelor's,"Seeking a Machine Learning Engineer to support IT Services projects. Key skills include Python, Machine Learning, Statistics. On-site role with mid level experience requirements.",1390000,3
JOB11251,Ml Engineer,Cognizant,Kolkata,USA,Entry Level,Contract,Hybrid,890000,1300000,INR,2026-02-06,Manufacturing,1000+,Yes,Yes,No,Yes,No,Yes,Yes,Yes,No,No,No,No,No,No,No,1,Bachelor's,"Seeking a ML Engineer to support Manufacturing projects. Key skills include Python, SQL, Excel, Machine Learning, Deep Learning, TensorFlow. Hybrid role with entry level experience requirements.",1095000,6
JOB10497,Data Engineer,SAP,Bangalore,India,Entry Level,Part Time,On-site,690000,970000,USD,2026-04-02,Consulting,501-1000,Yes,Yes,Yes,No,No,Yes,Yes,No,Yes,Yes,No,No,No,No,No,2,Bachelor's,"Seeking a Data Engineer to support Consulting projects. Key skills include Python, SQL, Power BI, Machine Learning, Deep Learning, PyTorch, AWS. On-site role with entry level experience requirements.",830000,7
JOB10221,Data Engineer,Persistent Systems,Kolkata,India,Mid Level,Full Time,On-site,660000,910000,GBP,2025-01-29,IT Services,501-1000,Yes,No,No,Yes,No,No,No,No,No,No,No,No,No,No,Yes,4,PhD,"Seeking a Data Engineer to support IT Services projects. Key skills include Python, Excel, Generative AI. On-site role with mid level experience requirements.",785000,3
JOB11691,Data Analyst,Deloitte,Hyderabad,Singapore,Mid Level,Full Time,Remote,540000,730000,SGD,2025-04-03,Manufacturing,1000+,Yes,Yes,No,Yes,Yes,No,No,No,Yes,Yes,No,Yes,No,Yes,No,4,Master's,"Seeking a Data Analyst to support Manufacturing projects. Key skills include Python, SQL, Excel, Tableau, PyTorch, AWS, GCP. Remote role with mid level experience requirements.",635000,8
JOB11220,Data Scientist,Deloitte,Gurgaon,India,Entry Level,Full Time,On-site,620000,830000,INR,2025-09-02,E-commerce,51-200,Yes,Yes,No,Yes,No,No,Yes,No,No,Yes,No,No,Yes,No,Yes,0,Unknown,"Seeking a Data Scientist to support E-commerce projects. Key skills include Python, SQL, Excel, Deep Learning, AWS, Statistics, Generative AI. On-site role with entry level experience requirements.",725000,7
JOB11361,Ai/Ml Intern,IBM,Noida,India,Entry Level,Full Time,On-site,170000,250000,GBP,2025-04-06,Technology,501-1000,Yes,No,No,Yes,No,Yes,No,No,No,No,No,No,Yes,No,Yes,1,Master's,"Seeking a AI/ML Intern to support Technology projects. Key skills include Python, Excel, Machine Learning, Statistics, Generative AI. On-site role with entry level experience requirements.",210000,5
JOB10878,Data Engineer,Google,Chennai,Singapore,Entry Level,Full Time,On-site,710000,990000,CAD,2025-12-29,Technology,1000+,No,Yes,No,Yes,Yes,No,No,No,Yes,Yes,No,No,Yes,No,No,0,Master's,"Seeking a Data Engineer to support Technology projects. Key skills include SQL, Excel, Tableau, PyTorch, AWS, Statistics. On-site role with entry level experience requirements.",850000,6
JOB10921,Business Analyst,HCLTech,Mumbai,USA,Mid Level,Full Time,Remote,480000,640000,INR,2025-06-06,Finance,1000+,No,Yes,No,Yes,No,No,No,No,No,No,Yes,No,Yes,No,No,5,Bachelor's,"Seeking a Business Analyst to support Finance projects. Key skills include SQL, Excel, Azure, Statistics. Remote role with mid level experience requirements.",560000,4
JOB11490,Machine Learning Engineer,Accenture,Remote,India,Mid Level,Full Time,Hybrid,850000,1250000,INR,2026-02-25,Manufacturing,1000+,Yes,Yes,Yes,No,Yes,Yes,Yes,Yes,Yes,No,No,No,Yes,Yes,No,2,Bachelor's,"Seeking a Machine Learning Engineer to support Manufacturing projects. Key skills include Python, SQL, Power BI, Tableau, Machine Learning, Deep Learning, TensorFlow. Hybrid role with mid level experience requirements.",1050000,10
JOB10985,Bi Analyst,Siemens,Remote,India,Entry Level,Full Time,On-site,520000,650000,INR,2026-04-17,IT Services,1000+,Yes,Yes,Yes,Yes,Yes,Yes,No,No,No,No,No,Yes,No,No,No,1,Bachelor's,"Seeking a BI Analyst to support IT Services projects. Key skills include Python, SQL, Power BI, Excel, Tableau, Machine Learning, GCP. On-site role with entry level experience requirements.",585000,7
JOB11532,Data Engineer,IBM,Hyderabad,India,Lead,Internship,On-site,1400000,1750000,INR,2025-01-25,Technology,1000+,Yes,Yes,No,Yes,No,No,No,No,No,Yes,No,No,Yes,No,No,10,Bachelor's,"Seeking a Data Engineer to support Technology projects. Key skills include Python, SQL, Excel, AWS, Statistics. On-site role with lead experience requirements.",1575000,5
JOB11580,Ai Engineer,Infosys,Pune,Germany,Mid Level,Full Time,On-site,1080000,1420000,INR,2026-04-25,E-commerce,1-50,Yes,Yes,No,No,Yes,Yes,Yes,No,No,No,No,Yes,Yes,No,No,3,Bachelor's,"Seeking a AI Engineer to support E-commerce projects. Key skills include Python, SQL, Tableau, Machine Learning, Deep Learning, GCP, Statistics. On-site role with mid level experience requirements.",1250000,7
JOB11162,Data Analyst,Infosys,Ahmedabad,India,Senior,Full Time,Hybrid,770000,940000,GBP,2026-07-29,Manufacturing,51-200,No,Yes,Yes,Yes,No,No,No,Yes,No,Yes,No,Yes,Yes,No,No,6,Master's,"Seeking a Data Analyst to support Manufacturing projects. Key skills include SQL, Power BI, Excel, TensorFlow, AWS, GCP, Statistics. Hybrid role with senior experience requirements.",855000,7
JOB10313,Data Analyst,Walmart Global Tech,Pune,India,Mid Level,Internship,Hybrid,460000,610000,INR,2025-07-27,IT Services,51-200,Yes,Yes,No,No,No,No,No,Yes,No,Yes,No,No,Yes,No,No,3,Bachelor's,"Seeking a Data Analyst to support IT Services projects. Key skills include Python, SQL, TensorFlow, AWS, Statistics. Hybrid role with mid level experience requirements.",535000,5
JOB11622,Data Analyst,Microsoft,Hyderabad,India,Mid Level,Full Time,Remote,510000,700000,EUR,2026-05-01,Consulting,1000+,Yes,Yes,No,Yes,No,No,No,No,No,No,No,No,No,No,No,5,Bachelor's,"Seeking a Data Analyst to support Consulting projects. Key skills include Python, SQL, Excel. Remote role with mid level experience requirements.",605000,3
JOB10508,Ml Engineer,Infosys,Kolkata,India,Mid Level,Full Time,Hybrid,1080000,1440000,INR,2026-02-09,E-commerce,1000+,Yes,Yes,No,No,No,Yes,No,No,No,No,No,No,Yes,No,No,5,Master's,"Seeking a ML Engineer to support E-commerce projects. Key skills include Python, SQL, Machine Learning, Statistics. Hybrid role with mid level experience requirements.",1260000,4
JOB11397,Machine Learning Engineer,IBM,Gurgaon,India,Entry Level,Full Time,On-site,670000,1040000,INR,2026-05-15,Healthcare,1000+,Yes,No,Yes,Yes,No,Yes,No,No,No,Yes,No,No,No,No,Yes,2,Diploma,"Seeking a Machine Learning Engineer to support Healthcare projects. Key skills include Python, Power BI, Excel, Machine Learning, AWS, Generative AI. On-site role with entry level experience requirements.",855000,6
JOB10394,Ml Engineer,Wipro,Pune,USA,Entry Level,Full Time,On-site,810000,1230000,INR,2025-03-31,Manufacturing,Unknown,Yes,No,Yes,Yes,No,Yes,No,Yes,No,No,No,No,Yes,Yes,No,1,Bachelor's,"Seeking a ML Engineer to support Manufacturing projects. Key skills include Python, Power BI, Excel, Machine Learning, TensorFlow, Statistics, NLP. On-site role with entry level experience requirements.",1020000,7
JOB10190,Data Scientist,Deloitte,Bangalore,India,Mid Level,Full Time,On-site,840000,1130000,USD,2025-03-02,Technology,1000+,Yes,Yes,No,Yes,No,Yes,No,No,No,No,No,Yes,Yes,Yes,No,5,Bachelor's,"Seeking a Data Scientist to support Technology projects. Key skills include Python, SQL, Excel, Machine Learning, GCP, Statistics, NLP. On-site role with mid level experience requirements.",985000,7
JOB10410,Data Analyst,Cisco,Bangalore,India,Mid Level,Full Time,On-site,450000,570000,INR,2025-11-10,Consulting,1-50,Yes,Yes,Yes,Yes,No,No,No,No,No,Yes,Yes,No,Yes,No,No,4,Master's,"Seeking a Data Analyst to support Consulting projects. Key skills include Python, SQL, Power BI, Excel, AWS, Azure, Statistics. On-site role with mid level experience requirements.",510000,7
JOB10678,Machine Learning Engineer,Genpact,Hyderabad,UK,Entry Level,Full Time,Hybrid,890000,1290000,INR,2025-06-16,Manufacturing,1000+,Yes,Yes,No,No,Yes,Yes,No,No,No,Yes,No,No,No,No,No,1,Bachelor's,"Seeking a Machine Learning Engineer to support Manufacturing projects. Key skills include Python, SQL, Tableau, Machine Learning, AWS. Hybrid role with entry level experience requirements.",1090000,5
JOB10953,Data Analyst,Siemens,Delhi,India,Mid Level,Full Time,Hybrid,480000,590000,INR,2025-09-11,Finance,1-50,Yes,Yes,Yes,Yes,No,No,Yes,No,No,No,No,No,Yes,No,No,5,Bachelor's,"Seeking a Data Analyst to support Finance projects. Key skills include Python, SQL, Power BI, Excel, Deep Learning, Statistics. Hybrid role with mid level experience requirements.",535000,6
JOB11895,Ai Engineer,JPMorgan Chase,Hyderabad,Canada,Senior,Full Time,On-site,1570000,1860000,INR,2026-01-31,Technology,1000+,Yes,No,No,No,No,Yes,Yes,No,No,No,Yes,No,Yes,No,Yes,7,Bachelor's,"Seeking a AI Engineer to support Technology projects. Key skills include Python, Machine Learning, Deep Learning, Azure, Statistics, Generative AI. On-site role with senior experience requirements.",1715000,6
JOB10329,Machine Learning Engineer,LTIMindtree,Bangalore,India,Mid Level,Full Time,On-site,1070000,1350000,INR,2025-08-12,Technology,201-500,Yes,No,No,Yes,No,Yes,No,Yes,No,Yes,No,No,Yes,No,Yes,5,Bachelor's,"Seeking a Machine Learning Engineer to support Technology projects. Key skills include Python, Excel, Machine Learning, TensorFlow, AWS, Statistics, Generative AI. On-site role with mid level experience requirements.",1210000,7
JOB11037,Data Scientist,Wipro,Noida,India,Mid Level,Internship,On-site,950000,1230000,INR,2025-01-29,Technology,201-500,Yes,Yes,No,No,Yes,Yes,No,Yes,Yes,No,No,No,Yes,No,No,4,Bachelor's,"Seeking a Data Scientist to support Technology projects. Key skills include Python, SQL, Tableau, Machine Learning, TensorFlow, PyTorch, Statistics. On-site role with mid level experience requirements.",1090000,7
JOB10086,Data Scientist,Tech Mahindra,Pune,Australia,Lead,Full Time,Remote,1400000,1770000,CAD,2026-06-12,Education,1000+,Yes,Yes,No,No,No,No,No,Yes,No,Yes,No,No,Yes,No,No,8,Bachelor's,"Seeking a Data Scientist to support Education projects. Key skills include Python, SQL, TensorFlow, AWS, Statistics. Remote role with lead experience requirements.",1585000,5
JOB10084,Data Analyst,Google,Bangalore,India,Senior,Full Time,On-site,600000,790000,GBP,2026-01-02,E-commerce,1000+,Yes,Yes,Yes,No,Yes,No,No,No,No,No,No,Yes,No,No,No,10,Bachelor's,"Seeking a Data Analyst to support E-commerce projects. Key skills include Python, SQL, Power BI, Tableau, GCP. On-site role with senior experience requirements.",695000,5
JOB10207,Data Analyst,IBM,Mumbai,USA,Senior,Full Time,On-site,600000,770000,INR,2026-07-09,IT Services,1000+,No,Yes,No,No,No,Yes,No,No,No,Yes,No,No,Yes,No,No,9,Master's,"Seeking a Data Analyst to support IT Services projects. Key skills include SQL, Power BI, Machine Learning, AWS, Statistics. On-site role with senior experience requirements.",685000,4
JOB10104,Ai Engineer,Infosys,Chennai,USA,Entry Level,Full Time,Hybrid,980000,1310000,INR,2026-04-16,Finance,1000+,Yes,Yes,Yes,No,Yes,Yes,No,No,No,No,No,No,No,No,Yes,2,Master's,"Seeking a AI Engineer to support Finance projects. Key skills include Python, SQL, Power BI, Tableau, Machine Learning, Generative AI. Hybrid role with entry level experience requirements.",1145000,6
JOB11334,Nlp Engineer,Genpact,Kolkata,India,Mid Level,Full Time,Hybrid,760000,1150000,INR,2025-02-02,Manufacturing,501-1000,Yes,No,No,Yes,No,Yes,No,No,No,No,No,No,No,Yes,No,3,Master's,"Seeking a NLP Engineer to support Manufacturing projects. Key skills include Python, Excel, Machine Learning, NLP. Hybrid role with mid level experience requirements.",955000,4
JOB11219,Data Engineer,Accenture,Hyderabad,India,Senior,Full Time,Remote,1050000,1270000,AUD,2025-07-26,Manufacturing,1-50,Yes,Yes,Yes,Yes,No,Yes,No,No,No,No,Yes,No,No,No,No,5,MBA,"Seeking a Data Engineer to support Manufacturing projects. Key skills include Python, SQL, Power BI, Excel, Machine Learning, Azure. Remote role with senior experience requirements.",1160000,6
JOB10735,Data Scientist,Genpact,Pune,India,Senior,Full Time,Hybrid,1230000,1580000,SGD,2025-12-28,IT Services,501-1000,Yes,Yes,No,Yes,No,No,No,No,No,No,Yes,No,No,No,No,5,Bachelor's,"Seeking a Data Scientist to support IT Services projects. Key skills include Python, SQL, Excel, Azure. Hybrid role with senior experience requirements.",1405000,4
JOB11205,Ai Engineer,Accenture,Pune,India,Entry Level,Full Time,On-site,900000,1190000,INR,2025-06-22,Telecommunications,1-50,Yes,Yes,Yes,No,No,Yes,No,No,No,No,No,No,No,No,No,1,Bachelor's,"Seeking a AI Engineer to support Telecommunications projects. Key skills include Python, SQL, Power BI, Machine Learning. On-site role with entry level experience requirements.",1045000,4
JOB10695,Data Analyst,Walmart Global Tech,Pune,Germany,Entry Level,Full Time,Remote,480000,670000,USD,2025-02-13,Education,501-1000,No,Yes,Yes,Yes,Yes,No,Yes,No,No,No,Yes,No,No,No,No,2,MBA,"Seeking a Data Analyst to support Education projects. Key skills include SQL, Power BI, Excel, Tableau, Deep Learning, Azure. Remote role with entry level experience requirements.",575000,6
JOB11190,Bi Analyst,Capgemini,Mumbai,India,Senior,Full Time,Hybrid,790000,940000,INR,2026-06-14,Consulting,1000+,No,Yes,Yes,Yes,No,No,No,No,No,No,No,No,Yes,No,Yes,8,Master's,"Seeking a BI Analyst to support Consulting projects. Key skills include SQL, Power BI, Excel, Statistics, Generative AI. Hybrid role with senior experience requirements.",865000,5
JOB10498,Data Analyst,LTIMindtree,Bangalore,Germany,Senior,Full Time,On-site,730000,830000,INR,2025-06-03,Technology,51-200,No,Yes,No,Yes,No,No,Yes,No,No,No,Yes,No,Yes,No,No,9,Master's,"Seeking a Data Analyst to support Technology projects. Key skills include SQL, Excel, Deep Learning, Azure, Statistics. On-site role with senior experience requirements.",780000,5
JOB11341,Data Scientist,IBM,Mumbai,India,Lead,Full Time,On-site,1500000,1830000,EUR,2026-06-05,E-commerce,51-200,Yes,Yes,No,Yes,No,Yes,No,No,Yes,No,No,Yes,Yes,No,No,11,Master's,"Seeking a Data Scientist to support E-commerce projects. Key skills include Python, SQL, Excel, Machine Learning, PyTorch, GCP, Statistics. On-site role with lead experience requirements.",1665000,7
JOB11166,Ml Engineer,Bosch,Chennai,India,Entry Level,Full Time,On-site,720000,1120000,GBP,2025-02-15,IT Services,1000+,Yes,Yes,Yes,Yes,No,Yes,Yes,No,Yes,No,No,No,No,Yes,No,1,Master's,"Seeking a ML Engineer to support IT Services projects. Key skills include Python, SQL, Power BI, Excel, Machine Learning, Deep Learning, PyTorch. On-site role with entry level experience requirements.",920000,8
JOB11349,Nlp Engineer,Tech Mahindra,Noida,India,Lead,Full Time,Hybrid,1260000,1470000,INR,2025-07-01,Manufacturing,501-1000,Yes,Yes,Yes,No,No,Yes,Yes,No,No,No,No,No,No,Yes,No,15,Master's,"Seeking a NLP Engineer to support Manufacturing projects. Key skills include Python, SQL, Power BI, Machine Learning, Deep Learning, NLP. Hybrid role with lead experience requirements.",1365000,6
JOB11985,Data Analyst,TCS,Bangalore,India,Entry Level,Full Time,On-site,420000,610000,INR,2025-02-15,Consulting,1-50,Yes,Yes,Yes,Yes,Yes,No,No,No,No,No,No,No,No,No,No,1,MBA,"Seeking a Data Analyst to support Consulting projects. Key skills include Python, SQL, Power BI, Excel, Tableau. On-site role with entry level experience requirements.",515000,5
JOB10661,Data Scientist,Tech Mahindra,Delhi,India,Mid Level,Full Time,On-site,750000,1120000,INR,2026-02-26,Technology,1000+,Yes,Yes,No,Yes,Yes,Yes,Yes,No,No,No,No,No,Yes,No,No,3,Bachelor's,"Seeking a Data Scientist to support Technology projects. Key skills include Python, SQL, Excel, Tableau, Machine Learning, Deep Learning, Statistics. On-site role with mid level experience requirements.",935000,7
JOB10347,Data Engineer,Bosch,Noida,India,Lead,Full Time,Remote,950000,1260000,USD,2026-05-02,Technology,1000+,Yes,Yes,Yes,No,Yes,No,No,No,No,No,No,No,Yes,No,No,9,Diploma,"Seeking a Data Engineer to support Technology projects. Key skills include Python, SQL, Power BI, Tableau, Statistics. Remote role with lead experience requirements.",1105000,5
JOB10211,Ai Engineer,NVIDIA,Hyderabad,India,Mid Level,Full Time,Hybrid,990000,1290000,INR,2026-05-02,Healthcare,501-1000,Yes,No,No,No,No,Yes,No,No,No,No,No,No,Yes,No,No,2,Master's,"Seeking a AI Engineer to support Healthcare projects. Key skills include Python, Machine Learning, Statistics. Hybrid role with mid level experience requirements.",1140000,3
JOB10568,Machine Learning Engineer,Amazon,Gurgaon,India,Senior,Contract,On-site,1190000,1460000,CAD,2026-04-30,E-commerce,1000+,Yes,Yes,No,Yes,No,Yes,No,No,Yes,Yes,Yes,No,No,No,No,8,Master's,"Seeking a Machine Learning Engineer to support E-commerce projects. Key skills include Python, SQL, Excel, Machine Learning, PyTorch, AWS, Azure. On-site role with senior experience requirements.",1325000,7
JOB10143,Ai Engineer,HCLTech,Chennai,India,Mid Level,Full Time,On-site,1090000,1540000,INR,2025-07-20,Telecommunications,1000+,Yes,Yes,No,Yes,No,Yes,No,No,No,Yes,Yes,No,Yes,No,Yes,2,Bachelor's,"Seeking a AI Engineer to support Telecommunications projects. Key skills include Python, SQL, Excel, Machine Learning, AWS, Azure, Statistics. On-site role with mid level experience requirements.",1315000,8
JOB10515,Data Analyst,Oracle,Delhi,India,Mid Level,Full Time,Remote,490000,650000,INR,2025-10-23,E-commerce,51-200,No,Yes,Yes,Yes,No,No,No,No,No,No,No,Yes,Yes,No,No,4,Bachelor's,"Seeking a Data Analyst to support E-commerce projects. Key skills include SQL, Power BI, Excel, GCP, Statistics. Remote role with mid level experience requirements.",570000,5
JOB11387,Ml Engineer,Oracle,Hyderabad,India,Entry Level,Full Time,Hybrid,830000,1200000,INR,2025-09-02,Technology,51-200,Yes,No,Yes,Yes,No,Yes,Yes,No,No,No,No,No,Yes,No,No,2,Master's,"Seeking a ML Engineer to support Technology projects. Key skills include Python, Power BI, Excel, Machine Learning, Deep Learning, Statistics. Hybrid role with entry level experience requirements.",1015000,6
JOB11029,Data Scientist,Wipro,Bangalore,USA,Senior,Internship,Remote,1280000,1590000,GBP,2026-01-24,Technology,201-500,Yes,No,Yes,No,No,Yes,Yes,No,No,No,No,Yes,Yes,No,No,7,Master's,"Seeking a Data Scientist to support Technology projects. Key skills include Python, Power BI, Machine Learning, Deep Learning, GCP, Statistics. Remote role with senior experience requirements.",1435000,6
JOB11069,Data Scientist,Amazon,Mumbai,India,Senior,Full Time,Hybrid,1000000,1290000,AUD,2025-10-25,IT Services,1-50,Yes,Yes,Yes,No,No,Yes,No,No,No,No,No,Yes,No,No,No,7,Master's,"Seeking a Data Scientist to support IT Services projects. Key skills include Python, SQL, Power BI, Machine Learning, GCP. Hybrid role with senior experience requirements.",1145000,5
JOB10865,Machine Learning Engineer,Amazon,Chennai,India,Mid Level,Full Time,Hybrid,950000,1160000,INR,2025-04-11,IT Services,201-500,Yes,Yes,Yes,No,No,Yes,Yes,Yes,Yes,No,No,No,No,No,No,4,MBA,"Seeking a Machine Learning Engineer to support IT Services projects. Key skills include Python, SQL, Power BI, Machine Learning, Deep Learning, TensorFlow, PyTorch. Hybrid role with mid level experience requirements.",1055000,7
JOB11306,Business Analyst,JPMorgan Chase,Hyderabad,India,Entry Level,Internship,Hybrid,470000,670000,INR,2025-08-23,Finance,1000+,No,Yes,Yes,Yes,Yes,No,Yes,No,Yes,No,No,No,No,No,No,0,Bachelor's,"Seeking a Business Analyst to support Finance projects. Key skills include SQL, Power BI, Excel, Tableau, Deep Learning, PyTorch. Hybrid role with entry level experience requirements.",570000,6
JOB10892,Business Analyst,SAP,Pune,India,Mid Level,Full Time,On-site,580000,800000,USD,2025-08-13,Technology,201-500,No,Yes,Yes,Yes,No,No,Yes,No,No,No,No,No,Yes,No,No,5,Master's,"Seeking a Business Analyst to support Technology projects. Key skills include SQL, Power BI, Excel, Deep Learning, Statistics. On-site role with mid level experience requirements.",690000,5
JOB11227,Machine Learning Engineer,Oracle,Hyderabad,India,Entry Level,Full Time,Hybrid,950000,1380000,INR,2026-06-28,IT Services,201-500,Yes,Yes,No,No,No,No,No,Yes,No,Yes,No,No,No,No,No,1,Bachelor's,"Seeking a Machine Learning Engineer to support IT Services projects. Key skills include Python, SQL, TensorFlow, AWS. Hybrid role with entry level experience requirements.",1165000,4
JOB10815,Business Analyst,Amazon,Bangalore,USA,Lead,Full Time,Hybrid,790000,1040000,INR,2025-10-03,E-commerce,501-1000,Yes,Yes,Yes,No,No,No,No,Yes,No,No,Yes,No,Yes,Yes,Yes,13,Bachelor's,"Seeking a Business Analyst to support E-commerce projects. Key skills include Python, SQL, Power BI, TensorFlow, Azure, Statistics, NLP. Hybrid role with lead experience requirements.",915000,8
JOB11509,Data Engineer,NVIDIA,Bangalore,India,Entry Level,Internship,Hybrid,740000,1030000,CAD,2026-07-24,Manufacturing,201-500,Yes,Yes,Yes,Yes,No,No,No,No,No,No,No,No,No,No,No,0,Bachelor's,"Seeking a Data Engineer to support Manufacturing projects. Key skills include Python, SQL, Power BI, Excel. Hybrid role with entry level experience requirements.",885000,4
JOB11383,Nlp Engineer,Persistent Systems,Pune,India,Mid Level,Full Time,On-site,890000,1080000,USD,2025-12-05,Finance,1000+,Yes,Yes,Yes,Yes,Yes,Yes,Yes,No,No,No,Yes,Yes,Yes,Yes,No,3,Master's,"Seeking a NLP Engineer to support Finance projects. Key skills include Python, SQL, Power BI, Excel, Tableau, Machine Learning, Deep Learning. On-site role with mid level experience requirements.",985000,11
JOB10564,Data Analyst,Deloitte,Pune,India,Mid Level,Full Time,On-site,590000,710000,INR,2025-01-09,Healthcare,501-1000,No,Yes,No,Yes,No,No,Yes,No,Yes,No,No,No,Yes,No,No,2,Bachelor's,"Seeking a Data Analyst to support Healthcare projects. Key skills include SQL, Excel, Deep Learning, PyTorch, Statistics. On-site role with mid level experience requirements.",650000,5
JOB11441,Nlp Engineer,Cisco,Hyderabad,India,Mid Level,Internship,Hybrid,800000,1010000,INR,2025-11-30,Finance,501-1000,Yes,Yes,No,Yes,No,No,No,No,No,No,No,No,No,Yes,No,5,Diploma,"Seeking a NLP Engineer to support Finance projects. Key skills include Python, SQL, Excel, NLP. Hybrid role with mid level experience requirements.",905000,4
JOB10372,Data Analyst,Wipro,Mumbai,India,Entry Level,Full Time,Hybrid,490000,620000,INR,2025-04-08,Finance,201-500,Yes,Yes,Yes,Yes,Yes,No,No,No,No,No,No,No,Yes,No,No,2,Bachelor's,"Seeking a Data Analyst to support Finance projects. Key skills include Python, SQL, Power BI, Excel, Tableau, Statistics. Hybrid role with entry level experience requirements.",555000,6
JOB11182,Data Scientist,Capgemini,Noida,India,Mid Level,Internship,Remote,950000,1270000,INR,2025-02-05,Education,1000+,Yes,Yes,No,Yes,No,Yes,No,No,No,Yes,No,No,Yes,No,No,4,Bachelor's,"Seeking a Data Scientist to support Education projects. Key skills include Python, SQL, Excel, Machine Learning, AWS, Statistics. Remote role with mid level experience requirements.",1110000,6
JOB11012,Nlp Engineer,Accenture,Bangalore,India,Mid Level,Contract,On-site,770000,1120000,INR,2026-05-21,E-commerce,501-1000,Yes,No,No,No,Yes,No,No,No,No,No,No,No,No,Yes,Yes,3,Bachelor's,"Seeking a NLP Engineer to support E-commerce projects. Key skills include Python, Tableau, NLP, Generative AI. On-site role with mid level experience requirements.",945000,4
JOB11304,Ai Engineer,Infosys,Pune,India,Entry Level,Internship,On-site,990000,1360000,INR,2025-06-21,IT Services,1000+,Yes,Yes,No,Yes,Yes,Yes,No,No,No,No,No,No,No,No,No,0,Master's,"Seeking a AI Engineer to support IT Services projects. Key skills include Python, SQL, Excel, Tableau, Machine Learning. On-site role with entry level experience requirements.",1175000,5
JOB10891,Bi Analyst,Siemens,Delhi,India,Mid Level,Full Time,Hybrid,530000,770000,INR,2025-05-28,E-commerce,501-1000,Yes,Yes,No,Yes,No,Yes,No,No,No,Yes,Yes,No,No,No,No,4,Master's,"Seeking a BI Analyst to support E-commerce projects. Key skills include Python, SQL, Power BI, Excel, Machine Learning, AWS, Azure. Hybrid role with mid level experience requirements.",650000,6
JOB11645,Data Analyst,Accenture,Pune,India,Mid Level,Full Time,On-site,510000,690000,INR,2026-07-30,Consulting,501-1000,Yes,Yes,No,No,No,No,No,No,No,No,No,No,Yes,No,No,3,Bachelor's,"Seeking a Data Analyst to support Consulting projects. Key skills include Python, SQL, Statistics. On-site role with mid level experience requirements.",600000,3
JOB11262,Ml Engineer,Deloitte,Pune,India,Senior,Full Time,On-site,1340000,1560000,INR,2025-09-10,Finance,51-200,Yes,Yes,No,Yes,No,Yes,Yes,No,No,No,No,No,No,No,No,5,Bachelor's,"Seeking a ML Engineer to support Finance projects. Key skills include Python, SQL, Excel, Machine Learning, Deep Learning. On-site role with senior experience requirements.",1450000,5
JOB10684,Data Engineer,Adobe,Kolkata,India,Mid Level,Full Time,Remote,730000,960000,AUD,2026-01-24,E-commerce,1000+,Yes,Yes,No,Yes,Yes,Yes,No,No,No,No,No,Yes,Yes,No,No,4,Master's,"Seeking a Data Engineer to support E-commerce projects. Key skills include Python, SQL, Excel, Tableau, Machine Learning, GCP, Statistics. Remote role with mid level experience requirements.",845000,7
JOB11298,Data Analyst,Walmart Global Tech,Noida,India,Entry Level,Full Time,On-site,450000,600000,INR,2026-03-12,IT Services,201-500,Yes,Yes,Yes,Yes,No,No,No,Yes,No,No,No,No,Yes,No,No,1,Bachelor's,"Seeking a Data Analyst to support IT Services projects. Key skills include Python, SQL, Power BI, Excel, TensorFlow, Statistics. On-site role with entry level experience requirements.",525000,6
JOB11413,Data Scientist,Google,Chennai,India,Mid Level,Full Time,Hybrid,970000,1190000,INR,2026-05-14,Consulting,201-500,Yes,Yes,No,Yes,No,No,No,No,No,No,No,No,Yes,No,Yes,4,Bachelor's,"Seeking a Data Scientist to support Consulting projects. Key skills include Python, SQL, Excel, Statistics, Generative AI. Hybrid role with mid level experience requirements.",1080000,5
JOB10633,Ai Engineer,Cisco,Noida,India,Entry Level,Internship,Hybrid,930000,1320000,INR,2025-10-31,Finance,51-200,Yes,Yes,Yes,Yes,Yes,Yes,Yes,No,No,Yes,No,No,No,No,Yes,1,Bachelor's,"Seeking a AI Engineer to support Finance projects. Key skills include Python, SQL, Power BI, Excel, Tableau, Machine Learning, Deep Learning. Hybrid role with entry level experience requirements.",1125000,9
JOB10195,Data Scientist,Cognizant,Mumbai,USA,Senior,Internship,On-site,1170000,1530000,CAD,2025-03-20,Finance,1000+,Yes,Yes,No,No,No,Yes,No,No,No,No,Yes,No,No,No,No,8,Bachelor's,"Seeking a Data Scientist to support Finance projects. Key skills include Python, SQL, Machine Learning, Azure. On-site role with senior experience requirements.",1350000,4
JOB10514,Business Analyst,Microsoft,Bangalore,Germany,Mid Level,Full Time,Remote,530000,750000,INR,2026-07-20,Technology,201-500,No,Yes,No,No,Yes,Yes,No,No,No,No,No,No,No,No,No,4,Bachelor's,"Seeking a Business Analyst to support Technology projects. Key skills include SQL, Tableau, Machine Learning. Remote role with mid level experience requirements.",640000,3
JOB10210,Data Analyst,Accenture,Delhi,India,Entry Level,Full Time,On-site,450000,610000,INR,2025-09-07,Technology,51-200,Yes,Yes,No,Yes,No,No,Yes,No,No,No,No,No,Yes,No,No,2,MBA,"Seeking a Data Analyst to support Technology projects. Key skills include Python, SQL, Excel, Deep Learning, Statistics. On-site role with entry level experience requirements.",530000,5
JOB11001,Data Analyst,Capgemini,Bangalore,India,Entry Level,Part Time,Remote,470000,640000,INR,2026-05-19,Technology,1000+,Yes,Yes,Yes,Yes,No,No,No,No,Yes,No,No,No,Yes,Yes,No,2,Master's,"Seeking a Data Analyst to support Technology projects. Key skills include Python, SQL, Power BI, Excel, PyTorch, Statistics, NLP. Remote role with entry level experience requirements.",555000,7
JOB11187,Bi Analyst,IBM,Pune,India,Lead,Full Time,Hybrid,970000,1170000,INR,2025-12-05,E-commerce,51-200,Yes,Yes,No,Yes,No,No,No,No,No,No,No,Yes,Yes,Yes,No,13,Bachelor's,"Seeking a BI Analyst to support E-commerce projects. Key skills include Python, SQL, Excel, GCP, Statistics, NLP. Hybrid role with lead experience requirements.",1070000,6
JOB10636,Machine Learning Engineer,Genpact,Pune,USA,Senior,Full Time,Hybrid,1190000,1400000,INR,2025-02-05,Technology,51-200,Yes,Yes,No,Yes,No,No,No,No,Yes,Yes,Yes,No,No,No,No,8,Unknown,"Seeking a Machine Learning Engineer to support Technology projects. Key skills include Python, SQL, Excel, PyTorch, AWS, Azure. Hybrid role with senior experience requirements.",1295000,6
JOB11918,Data Engineer,Siemens,Hyderabad,India,Senior,Full Time,Remote,1070000,1290000,EUR,2026-07-07,Finance,51-200,Yes,Yes,Yes,Yes,No,Yes,No,No,No,No,No,No,No,No,No,8,Master's,"Seeking a Data Engineer to support Finance projects. Key skills include Python, SQL, Power BI, Excel, Machine Learning. Remote role with senior experience requirements.",1180000,5
JOB10088,Data Engineer,Accenture,Gurgaon,India,Senior,Full Time,Hybrid,1010000,1200000,INR,2025-09-27,IT Services,201-500,No,Yes,Yes,No,No,Yes,No,No,No,Yes,No,No,Yes,No,No,10,Master's,"Seeking a Data Engineer to support IT Services projects. Key skills include SQL, Power BI, Machine Learning, AWS, Statistics. Hybrid role with senior experience requirements.",1105000,5
JOB11735,Data Analyst,HCLTech,Chennai,India,Mid Level,Full Time,Remote,460000,610000,SGD,2025-11-17,IT Services,201-500,Yes,Yes,No,No,No,Yes,Yes,No,No,No,Yes,No,Yes,No,Yes,4,Master's,"Seeking a Data Analyst to support IT Services projects. Key skills include Python, SQL, Machine Learning, Deep Learning, Azure, Statistics, Generative AI. Remote role with mid level experience requirements.",535000,7
JOB11910,Data Analyst,Oracle,Noida,India,Mid Level,Internship,On-site,620000,780000,GBP,2025-08-12,Technology,1000+,No,Yes,No,Yes,Yes,Yes,No,No,No,Yes,No,Yes,No,No,No,3,Bachelor's,"Seeking a Data Analyst to support Technology projects. Key skills include SQL, Excel, Tableau, Machine Learning, AWS, GCP. On-site role with mid level experience requirements.",700000,6
JOB10910,Machine Learning Engineer,JPMorgan Chase,Gurgaon,India,Entry Level,Full Time,Remote,870000,1110000,INR,2026-06-08,IT Services,1000+,Yes,Yes,No,No,Yes,Yes,No,Yes,Yes,No,Yes,No,No,Yes,No,1,Bachelor's,"Seeking a Machine Learning Engineer to support IT Services projects. Key skills include Python, SQL, Tableau, Machine Learning, TensorFlow, PyTorch, Azure. Remote role with entry level experience requirements.",990000,8
JOB10191,Data Analyst,SAP,Gurgaon,India,Senior,Full Time,Hybrid,790000,920000,INR,2025-09-19,IT Services,201-500,Yes,Yes,Yes,Yes,Yes,Yes,No,No,No,Yes,Yes,No,No,Yes,Yes,10,Master's,"Seeking a Data Analyst to support IT Services projects. Key skills include Python, SQL, Power BI, Excel, Tableau, Machine Learning, AWS. Hybrid role with senior experience requirements.",855000,10
JOB10179,Ai/Ml Intern,Infosys,Mumbai,India,Mid Level,Full Time,On-site,220000,360000,INR,2026-07-07,Consulting,501-1000,Yes,Yes,No,No,No,No,Yes,No,No,No,No,No,Yes,No,No,4,Diploma,"Seeking a AI/ML Intern to support Consulting projects. Key skills include Python, SQL, Deep Learning, Statistics. On-site role with mid level experience requirements.",290000,4
JOB10557,Data Analyst,LTIMindtree,Noida,India,Mid Level,Full Time,On-site,490000,610000,EUR,2025-05-19,Technology,51-200,Yes,Yes,No,Yes,No,No,Yes,No,No,No,No,Yes,Yes,No,No,3,Bachelor's,"Seeking a Data Analyst to support Technology projects. Key skills include Python, SQL, Excel, Deep Learning, GCP, Statistics. On-site role with mid level experience requirements.",550000,6
JOB11514,Data Analyst,Oracle,Pune,Canada,Mid Level,Full Time,Hybrid,590000,720000,INR,2025-03-06,Consulting,501-1000,Yes,Yes,Yes,Yes,No,Yes,No,No,No,No,Yes,Yes,Yes,No,No,4,Master's,"Seeking a Data Analyst to support Consulting projects. Key skills include Python, SQL, Power BI, Excel, Machine Learning, Azure, GCP. Hybrid role with mid level experience requirements.",655000,8
JOB11417,Data Analyst,Walmart Global Tech,Delhi,India,Entry Level,Full Time,Hybrid,510000,690000,GBP,2025-11-26,Telecommunications,501-1000,Yes,Yes,Yes,Yes,No,No,No,No,No,No,No,No,Yes,Yes,No,0,Bachelor's,"Seeking a Data Analyst to support Telecommunications projects. Key skills include Python, SQL, Power BI, Excel, Statistics, NLP. Hybrid role with entry level experience requirements.",600000,6
JOB11686,Business Analyst,Cisco,Gurgaon,India,Senior,Full Time,Remote,620000,730000,SGD,2025-10-08,Consulting,51-200,Yes,Yes,No,No,Yes,No,No,No,No,No,No,Yes,Yes,Yes,Yes,7,Master's,"Seeking a Business Analyst to support Consulting projects. Key skills include Python, SQL, Tableau, GCP, Statistics, NLP, Generative AI. Remote role with senior experience requirements.",675000,7
JOB11492,Machine Learning Engineer,Genpact,Hyderabad,India,Senior,Full Time,Hybrid,1370000,1650000,USD,2026-08-02,IT Services,501-1000,Yes,Yes,No,No,No,Yes,No,Yes,Yes,No,No,No,Yes,No,No,7,Bachelor's,"Seeking a Machine Learning Engineer to support IT Services projects. Key skills include Python, SQL, Machine Learning, TensorFlow, PyTorch, Statistics. Hybrid role with senior experience requirements.",1510000,6
JOB10745,Data Scientist,Cisco,Kolkata,India,Mid Level,Full Time,On-site,980000,1160000,USD,2026-06-27,Telecommunications,1000+,Yes,Yes,No,Yes,No,No,No,No,No,No,Yes,No,Yes,No,No,4,Bachelor's,"Seeking a Data Scientist to support Telecommunications projects. Key skills include Python, SQL, Excel, Azure, Statistics. On-site role with mid level experience requirements.",1070000,5
JOB11507,Data Engineer,Siemens,Hyderabad,Australia,Senior,Full Time,Hybrid,1180000,1490000,INR,2025-11-27,Finance,201-500,Yes,Yes,No,No,No,No,No,No,Yes,Yes,No,No,No,No,No,7,Master's,"Seeking a Data Engineer to support Finance projects. Key skills include Python, SQL, PyTorch, AWS. Hybrid role with senior experience requirements.",1335000,4
JOB11129,Machine Learning Engineer,NVIDIA,Bangalore,India,Mid Level,Full Time,Hybrid,1000000,1360000,USD,2026-05-28,Technology,501-1000,Yes,Yes,Yes,No,No,Yes,No,No,Yes,Yes,No,No,Yes,No,No,2,Master's,"Seeking a Machine Learning Engineer to support Technology projects. Key skills include Python, SQL, Power BI, Machine Learning, PyTorch, AWS, Statistics. Hybrid role with mid level experience requirements.",1180000,7
JOB11480,Machine Learning Engineer,Tech Mahindra,Mumbai,India,Entry Level,Full Time,On-site,740000,1080000,INR,2026-08-05,Technology,501-1000,Yes,Yes,Yes,Yes,Yes,No,No,No,No,No,Yes,No,No,No,Yes,0,Bachelor's,"Seeking a Machine Learning Engineer to support Technology projects. Key skills include Python, SQL, Power BI, Excel, Tableau, Azure, Generative AI. On-site role with entry level experience requirements.",910000,7
JOB11098,Data Analyst,Cognizant,Hyderabad,UK,Entry Level,Full Time,Remote,430000,590000,INR,2025-02-21,Consulting,1-50,No,Yes,No,Yes,No,No,Yes,No,No,No,No,No,Yes,Yes,No,1,MBA,"Seeking a Data Analyst to support Consulting projects. Key skills include SQL, Excel, Deep Learning, Statistics, NLP. Remote role with entry level experience requirements.",510000,5
JOB10512,Machine Learning Engineer,Cognizant,Noida,India,Entry Level,Internship,Hybrid,650000,930000,INR,2026-01-20,IT Services,201-500,Yes,No,Yes,Yes,No,No,Yes,Yes,No,No,No,No,No,No,No,0,Bachelor's,"Seeking a Machine Learning Engineer to support IT Services projects. Key skills include Python, Power BI, Excel, Deep Learning, TensorFlow. Hybrid role with entry level experience requirements.",790000,5
JOB11579,Data Engineer,Accenture,Remote,India,Senior,Full Time,On-site,1140000,1350000,INR,2025-09-18,Consulting,1000+,Yes,Yes,Yes,No,Yes,No,No,No,No,No,Yes,Yes,Yes,Yes,No,5,Diploma,"Seeking a Data Engineer to support Consulting projects. Key skills include Python, SQL, Power BI, Tableau, Azure, GCP, Statistics. On-site role with senior experience requirements.",1245000,8
JOB10472,Nlp Engineer,Persistent Systems,Bangalore,Australia,Mid Level,Full Time,Remote,760000,970000,INR,2026-07-15,Healthcare,1000+,Yes,No,Yes,No,No,Yes,No,No,No,No,No,No,No,No,No,3,MBA,"Seeking a NLP Engineer to support Healthcare projects. Key skills include Python, Power BI, Machine Learning. Remote role with mid level experience requirements.",865000,3
JOB10399,Bi Analyst,Bosch,Hyderabad,Canada,Senior,Full Time,On-site,820000,1000000,CAD,2026-05-01,Technology,501-1000,Yes,Yes,Yes,Yes,Yes,No,No,No,No,No,No,No,Yes,No,No,5,Bachelor's,"Seeking a BI Analyst to support Technology projects. Key skills include Python, SQL, Power BI, Excel, Tableau, Statistics. On-site role with senior experience requirements.",910000,6
JOB11541,Bi Analyst,SAP,Bangalore,India,Senior,Full Time,On-site,670000,870000,INR,2025-11-19,Finance,1000+,Yes,Yes,Yes,No,Yes,Yes,No,No,No,No,No,No,No,Yes,Yes,5,Bachelor's,"Seeking a BI Analyst to support Finance projects. Key skills include Python, SQL, Power BI, Tableau, Machine Learning, NLP, Generative AI. On-site role with senior experience requirements.",770000,7
JOB10036,Ml Engineer,Cisco,Bangalore,India,Entry Level,Full Time,On-site,900000,1240000,INR,2025-11-27,Telecommunications,1000+,Yes,No,No,No,No,Yes,No,Yes,Yes,No,No,No,No,No,No,0,Master's,"Seeking a ML Engineer to support Telecommunications projects. Key skills include Python, Machine Learning, TensorFlow, PyTorch. On-site role with entry level experience requirements.",1070000,4
JOB10206,Data Analyst,Google,Mumbai,India,Entry Level,Contract,Hybrid,500000,610000,INR,2025-08-19,E-commerce,501-1000,Yes,Yes,Yes,Yes,No,No,Yes,No,No,No,No,Yes,Yes,No,No,1,MBA,"Seeking a Data Analyst to support E-commerce projects. Key skills include Python, SQL, Power BI, Excel, Deep Learning, GCP, Statistics. Hybrid role with entry level experience requirements.",555000,7
JOB10609,Ai Engineer,Capgemini,Mumbai,India,Entry Level,Full Time,Hybrid,1000000,1450000,SGD,2025-07-22,Finance,1-50,Yes,Yes,No,Yes,Yes,Yes,No,No,No,Yes,No,No,Yes,Yes,No,1,Bachelor's,"Seeking a AI Engineer to support Finance projects. Key skills include Python, SQL, Excel, Tableau, Machine Learning, AWS, Statistics. Hybrid role with entry level experience requirements.",1225000,8
JOB11727,Ai Engineer,Tech Mahindra,Noida,India,Entry Level,Full Time,On-site,1010000,1350000,INR,2026-05-17,E-commerce,1000+,Yes,Yes,No,No,No,No,Yes,No,No,No,No,No,No,No,Yes,1,Unknown,"Seeking a AI Engineer to support E-commerce projects. Key skills include Python, SQL, Power BI, Deep Learning, Generative AI. On-site role with entry level experience requirements.",1180000,4
JOB11498,Machine Learning Engineer,Wipro,Pune,India,Entry Level,Full Time,On-site,670000,900000,INR,2025-09-29,Technology,501-1000,Yes,Yes,No,No,Yes,No,Yes,No,No,Yes,No,No,Yes,Yes,No,1,MBA,"Seeking a Machine Learning Engineer to support Technology projects. Key skills include Python, SQL, Tableau, Deep Learning, AWS, Statistics, NLP. On-site role with entry level experience requirements.",785000,7
JOB11068,Data Analyst,Capgemini,Hyderabad,India,Senior,Contract,On-site,710000,850000,SGD,2025-07-24,Finance,201-500,No,Yes,Yes,Yes,No,Yes,No,Yes,No,No,No,No,No,No,No,7,Bachelor's,"Seeking a Data Analyst to support Finance projects. Key skills include SQL, Power BI, Excel, Machine Learning, TensorFlow. On-site role with senior experience requirements.",780000,5
JOB11286,Ai Engineer,Bosch,Gurgaon,India,Mid Level,Contract,Hybrid,1180000,1600000,INR,2026-02-02,Finance,501-1000,Yes,Yes,Yes,Yes,No,Yes,No,No,No,Yes,No,Yes,Yes,No,No,5,Master's,"Seeking a AI Engineer to support Finance projects. Key skills include Python, SQL, Power BI, Excel, Machine Learning, AWS, GCP. Hybrid role with mid level experience requirements.",1390000,8
JOB11173,Data Engineer,Genpact,Pune,India,Entry Level,Full Time,On-site,760000,930000,INR,2025-06-10,IT Services,1-50,Yes,Yes,No,No,No,No,No,No,No,No,No,No,No,No,Yes,1,Master's,"Seeking a Data Engineer to support IT Services projects. Key skills include Python, SQL, Generative AI. On-site role with entry level experience requirements.",845000,3
JOB10430,Data Analyst,Amazon,Gurgaon,India,Senior,Full Time,Hybrid,800000,990000,INR,2025-01-15,E-commerce,51-200,No,No,Yes,Yes,No,Yes,Yes,Yes,No,No,Yes,No,Yes,No,No,10,Bachelor's,"Seeking a Data Analyst to support E-commerce projects. Key skills include Power BI, Excel, Machine Learning, Deep Learning, TensorFlow, Azure, Statistics. Hybrid role with senior experience requirements.",895000,7
JOB11659,Machine Learning Engineer,Amazon,Pune,India,Mid Level,Contract,Hybrid,860000,1240000,INR,2025-01-29,Technology,501-1000,Yes,Yes,Yes,Yes,No,Yes,No,No,No,No,No,No,Yes,No,No,3,Bachelor's,"Seeking a Machine Learning Engineer to support Technology projects. Key skills include Python, SQL, Power BI, Excel, Machine Learning, Statistics. Hybrid role with mid level experience requirements.",1050000,6
JOB10229,Business Analyst,Google,Hyderabad,India,Mid Level,Full Time,On-site,550000,730000,INR,2025-02-22,Technology,1000+,Yes,Yes,No,Yes,Yes,No,No,No,No,No,No,No,Yes,Yes,No,5,Bachelor's,"Seeking a Business Analyst to support Technology projects. Key skills include Python, SQL, Excel, Tableau, Statistics, NLP. On-site role with mid level experience requirements.",640000,6
JOB11004,Bi Analyst,Cisco,Delhi,India,Senior,Full Time,On-site,640000,850000,INR,2025-04-20,Technology,51-200,No,Yes,Yes,No,Yes,No,No,No,Yes,Yes,No,No,Yes,No,No,9,Master's,"Seeking a BI Analyst to support Technology projects. Key skills include SQL, Power BI, Tableau, PyTorch, AWS, Statistics. On-site role with senior experience requirements.",745000,6
JOB11030,Ml Engineer,Oracle,Ahmedabad,India,Entry Level,Contract,Hybrid,730000,980000,INR,2025-08-15,Healthcare,501-1000,Yes,Yes,No,No,No,Yes,No,Yes,No,No,No,No,No,No,No,0,Bachelor's,"Seeking a ML Engineer to support Healthcare projects. Key skills include Python, SQL, Machine Learning, TensorFlow. Hybrid role with entry level experience requirements.",855000,4
JOB11967,Data Analyst,Oracle,Bangalore,India,Mid Level,Full Time,Remote,590000,780000,INR,2026-07-26,IT Services,1000+,Yes,Yes,Yes,Yes,No,No,No,No,No,Yes,Yes,No,Yes,Yes,Yes,3,PhD,"Seeking a Data Analyst to support IT Services projects. Key skills include Python, SQL, Power BI, Excel, AWS, Azure, Statistics. Remote role with mid level experience requirements.",685000,9
JOB11339,Data Analyst,Walmart Global Tech,Pune,Canada,Mid Level,Full Time,On-site,540000,700000,INR,2026-06-02,IT Services,201-500,Yes,Yes,No,Yes,No,Yes,No,No,No,Yes,No,No,Yes,No,No,2,PhD,"Seeking a Data Analyst to support IT Services projects. Key skills include Python, SQL, Excel, Machine Learning, AWS, Statistics. On-site role with mid level experience requirements.",620000,6
JOB11811,Data Engineer,Walmart Global Tech,Noida,India,Mid Level,Full Time,Hybrid,800000,1060000,INR,2025-03-23,IT Services,51-200,Yes,Yes,Yes,No,No,No,No,Yes,No,Yes,Yes,Yes,No,No,No,4,Bachelor's,"Seeking a Data Engineer to support IT Services projects. Key skills include Python, SQL, Power BI, TensorFlow, AWS, Azure, GCP. Hybrid role with mid level experience requirements.",930000,7
JOB10728,Ml Engineer,Bosch,Bangalore,India,Entry Level,Full Time,On-site,780000,1190000,INR,2025-05-26,Consulting,Unknown,Yes,Yes,No,No,No,Yes,No,No,No,No,Yes,No,No,No,No,2,Master's,"Seeking a ML Engineer to support Consulting projects. Key skills include Python, SQL, Machine Learning, Azure. On-site role with entry level experience requirements.",985000,4
JOB10319,Data Analyst,Genpact,Remote,India,Entry Level,Full Time,Hybrid,410000,600000,USD,2026-06-17,Technology,1000+,No,No,Yes,Yes,Yes,No,No,No,No,Yes,Yes,No,Yes,No,No,2,Bachelor's,"Seeking a Data Analyst to support Technology projects. Key skills include Power BI, Excel, Tableau, AWS, Azure, Statistics. Hybrid role with entry level experience requirements.",505000,6
JOB10630,Data Scientist,HCLTech,Pune,India,Entry Level,Full Time,Remote,600000,920000,INR,2026-04-21,Consulting,51-200,Yes,Yes,No,Yes,No,Yes,Yes,No,No,No,No,No,No,No,No,1,Bachelor's,"Seeking a Data Scientist to support Consulting projects. Key skills include Python, SQL, Excel, Machine Learning, Deep Learning. Remote role with entry level experience requirements.",760000,5
JOB10926,Data Analyst,Walmart Global Tech,Hyderabad,UK,Entry Level,Full Time,On-site,370000,540000,INR,2026-07-11,Consulting,1-50,Yes,Yes,Yes,Yes,No,Yes,No,Yes,No,No,No,Yes,No,No,No,1,Master's,"Seeking a Data Analyst to support Consulting projects. Key skills include Python, SQL, Power BI, Excel, Machine Learning, TensorFlow, GCP. On-site role with entry level experience requirements.",455000,7
JOB10894,Machine Learning Engineer,Siemens,Pune,India,Mid Level,Full Time,Hybrid,1190000,1530000,INR,2026-07-10,Finance,1000+,Yes,No,No,No,No,No,No,No,No,Yes,No,No,Yes,No,No,2,Bachelor's,"Seeking a Machine Learning Engineer to support Finance projects. Key skills include Python, AWS, Statistics. Hybrid role with mid level experience requirements.",1360000,3
JOB11020,Data Analyst,Amazon,Bangalore,India,Mid Level,Full Time,On-site,470000,620000,GBP,2025-01-19,Technology,51-200,No,Yes,Yes,Yes,No,No,No,No,No,No,Yes,No,No,No,No,3,Bachelor's,"Seeking a Data Analyst to support Technology projects. Key skills include SQL, Power BI, Excel, Azure. On-site role with mid level experience requirements.",545000,4
JOB11853,Business Analyst,Amazon,Ahmedabad,India,Mid Level,Full Time,On-site,540000,670000,GBP,2026-07-09,Technology,501-1000,Yes,Yes,Yes,Yes,No,No,No,No,No,Yes,No,No,Yes,No,No,4,Master's,"Seeking a Business Analyst to support Technology projects. Key skills include Python, SQL, Power BI, Excel, AWS, Statistics. On-site role with mid level experience requirements.",605000,6
JOB10035,Nlp Engineer,Bosch,Pune,India,Senior,Full Time,Remote,1280000,1590000,INR,2025-02-18,Finance,501-1000,Yes,No,No,Yes,No,No,No,No,No,No,No,No,Yes,Yes,No,9,Bachelor's,"Seeking a NLP Engineer to support Finance projects. Key skills include Python, Excel, Statistics, NLP. Remote role with senior experience requirements.",1435000,4
JOB11337,Data Analyst,Persistent Systems,Remote,Germany,Mid Level,Full Time,Remote,510000,700000,GBP,2025-07-12,Finance,51-200,No,No,Yes,Yes,No,Yes,No,No,No,No,No,Yes,Yes,No,No,4,PhD,"Seeking a Data Analyst to support Finance projects. Key skills include Power BI, Excel, Machine Learning, GCP, Statistics. Remote role with mid level experience requirements.",605000,5
JOB10076,Bi Analyst,TCS,Hyderabad,India,Mid Level,Contract,On-site,700000,880000,INR,2025-09-19,Technology,501-1000,Yes,No,Yes,Yes,No,No,No,No,No,Yes,No,No,No,No,No,4,Master's,"Seeking a BI Analyst to support Technology projects. Key skills include Python, Power BI, Excel, AWS. On-site role with mid level experience requirements.",790000,4
JOB10174,Data Scientist,Amazon,Gurgaon,India,Senior,Full Time,Remote,890000,1170000,INR,2026-05-12,Manufacturing,201-500,Yes,Yes,No,No,No,Yes,No,No,No,No,No,No,Yes,Yes,No,9,Bachelor's,"Seeking a Data Scientist to support Manufacturing projects. Key skills include Python, SQL, Machine Learning, Statistics, NLP. Remote role with senior experience requirements.",1030000,5
JOB11836,Data Engineer,Siemens,Bangalore,India,Senior,Full Time,Remote,900000,1100000,INR,2025-07-24,IT Services,1000+,Yes,Yes,No,Yes,No,No,No,No,No,Yes,Yes,No,Yes,No,Yes,7,Bachelor's,"Seeking a Data Engineer to support IT Services projects. Key skills include Python, SQL, Excel, AWS, Azure, Statistics, Generative AI. Remote role with senior experience requirements.",1000000,7
JOB11076,Machine Learning Engineer,Walmart Global Tech,Delhi,Australia,Entry Level,Internship,Hybrid,940000,1210000,INR,2025-06-18,IT Services,1-50,Yes,No,No,No,No,Yes,Yes,No,No,Yes,No,No,No,No,Yes,1,Master's,"Seeking a Machine Learning Engineer to support IT Services projects. Key skills include Python, Machine Learning, Deep Learning, AWS, Generative AI. Hybrid role with entry level experience requirements.",1075000,5
JOB11617,Nlp Engineer,Accenture,Bangalore,India,Mid Level,Contract,Remote,1020000,1290000,CAD,2025-08-30,Telecommunications,51-200,Yes,Yes,No,No,Yes,Yes,No,No,No,No,Yes,No,No,Yes,No,3,Diploma,"Seeking a NLP Engineer to support Telecommunications projects. Key skills include Python, SQL, Tableau, Machine Learning, AWS, Azure, NLP. Remote role with mid level experience requirements.",1155000,6
JOB11785,Data Engineer,Bosch,Pune,UK,Senior,Full Time,On-site,950000,1250000,SGD,2025-07-20,Technology,501-1000,Yes,Yes,No,No,Yes,No,No,No,Yes,No,No,No,No,No,No,9,Master's,"Seeking a Data Engineer to support Technology projects. Key skills include Python, SQL, Tableau, PyTorch. On-site role with senior experience requirements.",1100000,4
JOB11923,Data Engineer,Deloitte,Hyderabad,UK,Senior,Full Time,Hybrid,1100000,1300000,GBP,2026-07-19,Technology,51-200,Yes,Yes,No,No,No,No,No,No,Yes,Yes,No,Yes,Yes,No,No,7,Master's,"Seeking a Data Engineer to support Technology projects. Key skills include Python, SQL, PyTorch, AWS, GCP, Statistics. Hybrid role with senior experience requirements.",1200000,6
JOB11915,Machine Learning Engineer,Siemens,Gurgaon,India,Senior,Full Time,On-site,1490000,1900000,INR,2026-04-17,IT Services,201-500,Yes,Yes,No,Yes,No,No,Yes,No,Yes,Yes,No,No,Yes,No,No,10,Master's,"Seeking a Machine Learning Engineer to support IT Services projects. Key skills include Python, SQL, Excel, Deep Learning, PyTorch, AWS, Statistics. On-site role with senior experience requirements.",1695000,7
JOB10748,Ai Engineer,Walmart Global Tech,Hyderabad,India,Senior,Full Time,On-site,1590000,2030000,INR,2025-09-24,Technology,1000+,Yes,No,No,Yes,Yes,Yes,No,No,No,No,No,No,Yes,No,Yes,8,Bachelor's,"Seeking a AI Engineer to support Technology projects. Key skills include Python, Excel, Tableau, Machine Learning, Statistics, Generative AI. On-site role with senior experience requirements.",1810000,6
JOB11245,Bi Analyst,Adobe,Mumbai,UK,Lead,Full Time,Hybrid,770000,990000,INR,2026-02-10,Finance,501-1000,Yes,Yes,Yes,Yes,Yes,No,No,No,Yes,No,No,No,Yes,Yes,Yes,13,Master's,"Seeking a BI Analyst to support Finance projects. Key skills include Python, SQL, Power BI, Excel, Tableau, PyTorch, Statistics. Hybrid role with lead experience requirements.",880000,9
JOB11857,Bi Analyst,LTIMindtree,Pune,India,Senior,Full Time,Hybrid,860000,1050000,INR,2025-06-11,Manufacturing,201-500,Yes,Yes,Yes,Yes,Yes,Yes,No,Yes,No,No,Yes,No,No,Yes,Yes,9,Diploma,"Seeking a BI Analyst to support Manufacturing projects. Key skills include Python, SQL, Power BI, Excel, Tableau, Machine Learning, TensorFlow. Hybrid role with senior experience requirements.",955000,10
JOB10509,Ai/Ml Intern,Infosys,Pune,India,Mid Level,Full Time,On-site,330000,410000,INR,2025-09-28,Education,1-50,Yes,Yes,No,Yes,No,No,No,No,Yes,No,No,No,Yes,No,No,2,Bachelor's,"Seeking a AI/ML Intern to support Education projects. Key skills include Python, SQL, Excel, PyTorch, Statistics. On-site role with mid level experience requirements.",370000,5
JOB10711,Bi Analyst,IBM,Hyderabad,Singapore,Mid Level,Full Time,Hybrid,670000,810000,GBP,2025-04-20,IT Services,1000+,Yes,Yes,No,Yes,No,No,No,No,Yes,No,No,Yes,Yes,Yes,No,5,Master's,"Seeking a BI Analyst to support IT Services projects. Key skills include Python, SQL, Excel, PyTorch, GCP, Statistics, NLP. Hybrid role with mid level experience requirements.",740000,7
JOB11729,Ml Engineer,Adobe,Pune,India,Senior,Full Time,Remote,1150000,1420000,USD,2026-01-23,Finance,1000+,Yes,Yes,No,Yes,No,Yes,Yes,No,No,No,No,No,No,No,Yes,7,Bachelor's,"Seeking a ML Engineer to support Finance projects. Key skills include Python, SQL, Excel, Machine Learning, Deep Learning, Generative AI. Remote role with senior experience requirements.",1285000,6
JOB10608,Machine Learning Engineer,Infosys,Hyderabad,India,Entry Level,Full Time,Remote,650000,870000,INR,2025-12-24,Telecommunications,51-200,Yes,Yes,Yes,No,No,No,No,No,Yes,No,No,Yes,Yes,No,No,2,Bachelor's,"Seeking a Machine Learning Engineer to support Telecommunications projects. Key skills include Python, SQL, Power BI, PyTorch, GCP, Statistics. Remote role with entry level experience requirements.",760000,6
JOB10388,Data Analyst,Accenture,Ahmedabad,India,Mid Level,Contract,On-site,580000,710000,INR,2025-09-27,Technology,201-500,Yes,Yes,No,No,No,No,No,No,No,No,No,No,No,No,No,2,PhD,"Seeking a Data Analyst to support Technology projects. Key skills include Python, SQL. On-site role with mid level experience requirements.",645000,2
JOB11118,Business Analyst,Wipro,Bangalore,India,Entry Level,Contract,On-site,510000,730000,INR,2026-07-13,IT Services,1-50,Yes,Yes,No,Yes,No,No,Yes,No,No,No,No,No,No,No,No,1,Master's,"Seeking a Business Analyst to support IT Services projects. Key skills include Python, SQL, Excel, Tableau, Deep Learning. On-site role with entry level experience requirements.",620000,4
JOB11972,Ml Engineer,Cisco,Kolkata,India,Senior,Full Time,Hybrid,1240000,1650000,INR,2026-02-20,Telecommunications,51-200,Yes,Yes,No,Yes,No,Yes,No,Yes,No,No,No,No,No,Yes,No,7,Master's,"Seeking a ML Engineer to support Telecommunications projects. Key skills include Python, SQL, Excel, Machine Learning, TensorFlow, NLP. Hybrid role with senior experience requirements.",1445000,6
JOB10752,Ai/Ml Intern,Accenture,Noida,India,Mid Level,Full Time,Remote,230000,310000,INR,2026-07-15,Technology,501-1000,Yes,No,Yes,Yes,No,No,No,No,No,No,No,No,Yes,No,No,4,Diploma,"Seeking a AI/ML Intern to support Technology projects. Key skills include Python, Power BI, Excel, Statistics. Remote role with mid level experience requirements.",270000,4
JOB10912,Data Scientist,Siemens,Pune,Australia,Lead,Full Time,On-site,1050000,1250000,AUD,2026-06-20,IT Services,201-500,Yes,Yes,Yes,No,No,Yes,Yes,No,Yes,No,No,No,No,No,No,12,Bachelor's,"Seeking a Data Scientist to support IT Services projects. Key skills include Python, SQL, Power BI, Machine Learning, Deep Learning, PyTorch. On-site role with lead experience requirements.",1150000,6
JOB10149,Data Analyst,Bosch,Chennai,India,Entry Level,Internship,Hybrid,430000,640000,EUR,2026-08-02,Telecommunications,201-500,Yes,Yes,Yes,Yes,No,No,No,No,Yes,No,Yes,Yes,Yes,No,No,1,PhD,"Seeking a Data Analyst to support Telecommunications projects. Key skills include Python, SQL, Power BI, Excel, PyTorch, Azure, GCP. Hybrid role with entry level experience requirements.",535000,8
JOB10754,Data Scientist,Bosch,Noida,India,Mid Level,Full Time,On-site,850000,1090000,INR,2025-01-20,IT Services,501-1000,No,Yes,No,No,No,Yes,Yes,No,No,Yes,No,No,No,No,No,5,MBA,"Seeking a Data Scientist to support IT Services projects. Key skills include SQL, Machine Learning, Deep Learning, AWS. On-site role with mid level experience requirements.",970000,4
JOB10403,Ai Engineer,Siemens,Delhi,Singapore,Mid Level,Full Time,On-site,900000,1240000,INR,2025-05-24,Education,1000+,Yes,No,No,No,No,Yes,No,No,No,No,No,No,Yes,No,No,5,Bachelor's,"Seeking a AI Engineer to support Education projects. Key skills include Python, Machine Learning, Statistics. On-site role with mid level experience requirements.",1070000,3
JOB11274,Data Analyst,Siemens,Noida,India,Mid Level,Full Time,On-site,520000,700000,USD,2025-09-11,IT Services,501-1000,Yes,Yes,Yes,Yes,Yes,No,No,No,No,No,No,No,Yes,No,Yes,4,Master's,"Seeking a Data Analyst to support IT Services projects. Key skills include Python, SQL, Power BI, Excel, Tableau, Statistics, Generative AI. On-site role with mid level experience requirements.",610000,7
JOB10341,Ai Engineer,Siemens,Pune,UK,Senior,Internship,On-site,1390000,1630000,INR,2025-11-12,IT Services,201-500,Yes,Yes,No,Yes,No,Yes,No,No,Yes,Yes,No,No,Yes,No,No,6,Master's,"Seeking a AI Engineer to support IT Services projects. Key skills include Python, SQL, Excel, Machine Learning, PyTorch, AWS, Statistics. On-site role with senior experience requirements.",1510000,7
JOB11658,Data Scientist,NVIDIA,Ahmedabad,India,Lead,Contract,Remote,1330000,1640000,INR,2025-08-24,IT Services,1000+,Yes,No,Yes,No,No,Yes,No,Yes,Yes,Yes,No,No,Yes,No,No,9,Master's,"Seeking a Data Scientist to support IT Services projects. Key skills include Python, Power BI, Machine Learning, TensorFlow, PyTorch, AWS, Statistics. Remote role with lead experience requirements.",1485000,7
JOB10988,Machine Learning Engineer,Bosch,Pune,India,Senior,Full Time,Remote,1050000,1420000,INR,2025-11-02,Technology,1000+,Yes,Yes,No,No,Yes,Yes,No,No,No,Yes,No,No,No,Yes,No,6,Bachelor's,"Seeking a Machine Learning Engineer to support Technology projects. Key skills include Python, SQL, Tableau, Machine Learning, AWS, NLP. Remote role with senior experience requirements.",1235000,6
JOB10201,Data Engineer,Oracle,Delhi,India,Senior,Contract,Remote,950000,1270000,INR,2026-05-25,IT Services,501-1000,Yes,Yes,No,No,No,No,No,No,Yes,No,Yes,No,No,No,No,6,Bachelor's,"Seeking a Data Engineer to support IT Services projects. Key skills include Python, SQL, PyTorch, Azure. Remote role with senior experience requirements.",1110000,4
JOB11116,Data Engineer,Tech Mahindra,Bangalore,USA,Mid Level,Part Time,Hybrid,780000,1130000,INR,2025-12-10,Healthcare,1000+,Yes,Yes,No,No,No,No,No,No,No,No,No,No,Yes,No,No,4,Bachelor's,"Seeking a Data Engineer to support Healthcare projects. Key skills include Python, SQL, Statistics. Hybrid role with mid level experience requirements.",955000,3
JOB10733,Data Engineer,Infosys,Bangalore,India,Mid Level,Full Time,Hybrid,720000,1060000,INR,2025-08-19,Consulting,1000+,Yes,Yes,Yes,No,No,No,No,No,No,Yes,Yes,No,Yes,No,No,5,MBA,"Seeking a Data Engineer to support Consulting projects. Key skills include Python, SQL, Power BI, AWS, Azure, Statistics. Hybrid role with mid level experience requirements.",890000,6
JOB10541,Ai/Ml Intern,Microsoft,Hyderabad,UK,Entry Level,Full Time,On-site,220000,330000,CAD,2026-03-27,IT Services,501-1000,Yes,Yes,No,Yes,No,Yes,No,No,No,Yes,No,No,Yes,No,No,1,Bachelor's,"Seeking a AI/ML Intern to support IT Services projects. Key skills include Python, SQL, Excel, Machine Learning, AWS, Statistics. On-site role with entry level experience requirements.",275000,6
JOB10692,Machine Learning Engineer,Google,Delhi,USA,Mid Level,Full Time,On-site,1090000,1450000,EUR,2025-08-25,Technology,201-500,Yes,Yes,No,Yes,No,Yes,No,Yes,No,No,No,No,No,Yes,No,5,Bachelor's,"Seeking a Machine Learning Engineer to support Technology projects. Key skills include Python, SQL, Excel, Machine Learning, TensorFlow, NLP. On-site role with mid level experience requirements.",1270000,6
JOB11467,Nlp Engineer,Walmart Global Tech,Pune,India,Entry Level,Full Time,Remote,670000,960000,INR,2025-01-03,Manufacturing,1000+,Yes,Yes,No,Yes,No,Yes,No,No,No,Yes,No,No,No,No,Yes,1,PhD,"Seeking a NLP Engineer to support Manufacturing projects. Key skills include Python, SQL, Excel, Machine Learning, AWS, Generative AI. Remote role with entry level experience requirements.",815000,6
JOB10610,Bi Analyst,Adobe,Chennai,India,Mid Level,Full Time,On-site,520000,670000,USD,2025-10-08,Finance,501-1000,Yes,Yes,No,No,Yes,No,Yes,No,Yes,No,No,No,No,No,No,4,Master's,"Seeking a BI Analyst to support Finance projects. Key skills include Python, SQL, Tableau, Deep Learning, PyTorch. On-site role with mid level experience requirements.",595000,5
JOB11987,Bi Analyst,TCS,Pune,USA,Senior,Contract,On-site,760000,910000,INR,2025-12-22,Consulting,1000+,Yes,Yes,Yes,Yes,Yes,Yes,No,No,No,No,No,Yes,No,No,No,6,Bachelor's,"Seeking a BI Analyst to support Consulting projects. Key skills include Python, SQL, Power BI, Excel, Tableau, Machine Learning, GCP. On-site role with senior experience requirements.",835000,7
JOB10956,Machine Learning Engineer,Infosys,Gurgaon,Australia,Entry Level,Full Time,On-site,740000,1030000,INR,2025-08-13,Technology,1000+,Yes,No,No,No,No,Yes,No,Yes,No,No,No,No,No,No,No,1,Master's,"Seeking a Machine Learning Engineer to support Technology projects. Key skills include Python, Machine Learning, TensorFlow. On-site role with entry level experience requirements.",885000,3
JOB10281,Business Analyst,IBM,Delhi,Singapore,Mid Level,Full Time,Remote,490000,730000,CAD,2025-09-05,Consulting,51-200,Yes,Yes,Yes,No,No,No,Yes,No,No,Yes,No,No,Yes,No,Yes,5,Bachelor's,"Seeking a Business Analyst to support Consulting projects. Key skills include Python, SQL, Power BI, Deep Learning, AWS, Statistics, Generative AI. Remote role with mid level experience requirements.",610000,7
JOB10411,Data Scientist,Cisco,Chennai,Germany,Mid Level,Full Time,Hybrid,820000,1200000,INR,2026-07-03,Consulting,1-50,Yes,Yes,Yes,Yes,Yes,Yes,No,No,No,No,No,No,Yes,Yes,No,4,Master's,"Seeking a Data Scientist to support Consulting projects. Key skills include Python, SQL, Power BI, Excel, Tableau, Machine Learning, Statistics. Hybrid role with mid level experience requirements.",1010000,8
JOB11582,Machine Learning Engineer,SAP,Pune,USA,Mid Level,Full Time,Hybrid,1030000,1310000,SGD,2025-09-26,Technology,1000+,Yes,Yes,Yes,Yes,No,No,No,No,Yes,No,No,Yes,Yes,No,No,4,Bachelor's,"Seeking a Machine Learning Engineer to support Technology projects. Key skills include Python, SQL, Power BI, Excel, PyTorch, GCP, Statistics. Hybrid role with mid level experience requirements.",1170000,7
JOB11717,Data Analyst,Genpact,Chennai,India,Senior,Contract,Hybrid,760000,900000,INR,2025-03-11,E-commerce,1000+,Yes,Yes,Yes,Yes,No,Yes,No,No,No,No,Yes,Yes,Yes,No,Yes,5,Bachelor's,"Seeking a Data Analyst to support E-commerce projects. Key skills include Python, SQL, Power BI, Excel, Machine Learning, Azure, GCP. Hybrid role with senior experience requirements.",830000,9
JOB11569,Data Engineer,NVIDIA,Remote,Germany,Mid Level,Contract,Remote,740000,1020000,INR,2025-08-19,Technology,1000+,Yes,Yes,No,No,No,Yes,No,No,No,Yes,Yes,No,No,No,No,4,Diploma,"Seeking a Data Engineer to support Technology projects. Key skills include Python, SQL, Machine Learning, AWS, Azure. Remote role with mid level experience requirements.",880000,5
JOB11515,Data Analyst,Deloitte,Kolkata,Germany,Mid Level,Full Time,On-site,580000,760000,INR,2025-08-04,E-commerce,201-500,Yes,Yes,Yes,Yes,No,No,No,Yes,No,No,No,No,Yes,No,No,2,Bachelor's,"Seeking a Data Analyst to support E-commerce projects. Key skills include Python, SQL, Power BI, Excel, TensorFlow, Statistics. On-site role with mid level experience requirements.",670000,6
JOB10688,Data Scientist,Accenture,Bangalore,UK,Entry Level,Full Time,Remote,650000,890000,INR,2026-05-27,IT Services,1-50,Yes,Yes,Yes,Yes,Yes,Yes,Yes,Yes,No,No,No,Yes,No,No,No,1,Diploma,"Seeking a Data Scientist to support IT Services projects. Key skills include Python, SQL, Power BI, Excel, Tableau, Machine Learning, Deep Learning. Remote role with entry level experience requirements.",770000,9
JOB10336,Data Analyst,Persistent Systems,Hyderabad,Canada,Mid Level,Full Time,On-site,470000,660000,INR,2026-07-24,E-commerce,1000+,Yes,Yes,No,Yes,Yes,No,Yes,No,No,No,Yes,No,No,No,No,4,Bachelor's,"Seeking a Data Analyst to support E-commerce projects. Key skills include Python, SQL, Excel, Tableau, Deep Learning, Azure. On-site role with mid level experience requirements.",565000,6
JOB10643,Data Analyst,Bosch,Remote,India,Entry Level,Full Time,Remote,480000,680000,INR,2026-08-10,Finance,1000+,Yes,Yes,Yes,Yes,No,No,No,Yes,Yes,No,No,No,No,No,Yes,1,Bachelor's,"Seeking a Data Analyst to support Finance projects. Key skills include Python, SQL, Power BI, Excel, TensorFlow, PyTorch, Generative AI. Remote role with entry level experience requirements.",580000,7
JOB10315,Ml Engineer,Amazon,Mumbai,India,Mid Level,Full Time,On-site,980000,1210000,GBP,2025-07-05,Telecommunications,51-200,Yes,Yes,No,No,No,Yes,No,No,No,No,No,No,No,Yes,No,2,Master's,"Seeking a ML Engineer to support Telecommunications projects. Key skills include Python, SQL, Machine Learning, NLP. On-site role with mid level experience requirements.",1095000,4
JOB10783,Data Scientist,SAP,Chennai,UK,Senior,Full Time,Hybrid,1060000,1360000,USD,2025-07-09,Technology,1000+,Yes,Yes,Yes,No,Yes,Yes,Yes,No,No,No,No,No,No,No,No,5,Bachelor's,"Seeking a Data Scientist to support Technology projects. Key skills include Python, SQL, Power BI, Tableau, Machine Learning, Deep Learning. Hybrid role with senior experience requirements.",1210000,6
JOB11577,Data Analyst,LTIMindtree,Chennai,India,Mid Level,Internship,On-site,580000,760000,INR,2025-02-20,Healthcare,201-500,No,Yes,Yes,No,No,No,No,No,No,No,No,No,No,No,No,3,Diploma,"Seeking a Data Analyst to support Healthcare projects. Key skills include SQL, Power BI. On-site role with mid level experience requirements.",670000,2
JOB11927,Data Engineer,JPMorgan Chase,Pune,Germany,Mid Level,Full Time,On-site,760000,930000,USD,2026-01-20,Technology,1-50,Yes,Yes,Yes,Yes,No,Yes,No,No,No,Yes,Yes,Yes,No,No,Yes,5,Bachelor's,"Seeking a Data Engineer to support Technology projects. Key skills include Python, SQL, Power BI, Excel, Machine Learning, AWS, Azure. On-site role with mid level experience requirements.",845000,9
JOB11922,Data Analyst,Accenture,Ahmedabad,India,Senior,Full Time,Hybrid,590000,690000,INR,2025-06-20,Technology,501-1000,Yes,Yes,Yes,No,No,No,No,No,Yes,No,Yes,No,Yes,No,No,8,Bachelor's,"Seeking a Data Analyst to support Technology projects. Key skills include Python, SQL, Power BI, PyTorch, Azure, Statistics. Hybrid role with senior experience requirements.",640000,6
JOB11531,Data Scientist,Cisco,Kolkata,India,Mid Level,Full Time,Hybrid,960000,1190000,INR,2026-07-02,Telecommunications,1000+,Yes,Yes,Yes,No,No,No,No,No,Yes,No,No,No,Yes,No,No,2,Bachelor's,"Seeking a Data Scientist to support Telecommunications projects. Key skills include Python, SQL, Power BI, PyTorch, Statistics. Hybrid role with mid level experience requirements.",1075000,5
JOB11275,Ai Engineer,Infosys,Bangalore,India,Senior,Internship,Hybrid,1240000,1700000,USD,2026-07-25,Finance,1000+,Yes,Yes,No,No,Yes,No,Yes,No,No,No,No,Yes,No,No,No,5,Bachelor's,"Seeking a AI Engineer to support Finance projects. Key skills include Python, SQL, Tableau, Deep Learning, GCP. Hybrid role with senior experience requirements.",1470000,5
JOB11746,Ai Engineer,Genpact,Pune,India,Senior,Internship,Hybrid,1290000,1600000,INR,2026-01-27,E-commerce,1-50,Yes,Yes,No,No,No,No,No,No,No,No,Yes,No,Yes,No,Yes,6,Bachelor's,"Seeking a AI Engineer to support E-commerce projects. Key skills include Python, SQL, Azure, Statistics, Generative AI. Hybrid role with senior experience requirements.",1445000,5
JOB10093,Bi Analyst,Google,Ahmedabad,India,Mid Level,Full Time,On-site,510000,700000,INR,2025-11-16,IT Services,1000+,Yes,Yes,No,No,No,No,No,No,No,Yes,Yes,No,No,No,No,2,Master's,"Seeking a BI Analyst to support IT Services projects. Key skills include Python, SQL, AWS, Azure. On-site role with mid level experience requirements.",605000,4
JOB10835,Ai Engineer,TCS,Remote,India,Entry Level,Full Time,Hybrid,950000,1370000,CAD,2025-06-04,Finance,501-1000,Yes,Yes,No,No,No,Yes,Yes,No,No,No,Yes,No,Yes,No,No,1,Bachelor's,"Seeking a AI Engineer to support Finance projects. Key skills include Python, SQL, Machine Learning, Deep Learning, Azure, Statistics. Hybrid role with entry level experience requirements.",1160000,6
JOB10593,Data Analyst,IBM,Bangalore,India,Mid Level,Full Time,Hybrid,630000,810000,USD,2025-09-20,E-commerce,501-1000,No,No,No,No,No,No,No,No,No,No,No,No,Yes,No,Yes,3,Master's,"Seeking a Data Analyst to support E-commerce projects. Key skills include Statistics, Generative AI. Hybrid role with mid level experience requirements.",720000,2
JOB11971,Data Analyst,Adobe,Mumbai,India,Mid Level,Full Time,On-site,550000,670000,INR,2025-07-21,Finance,201-500,No,Yes,Yes,Yes,No,No,No,No,No,No,No,No,Yes,No,No,5,Bachelor's,"Seeking a Data Analyst to support Finance projects. Key skills include SQL, Power BI, Excel, Statistics. On-site role with mid level experience requirements.",610000,4
JOB11451,Ai Engineer,Siemens,Hyderabad,UK,Entry Level,Full Time,Remote,700000,920000,SGD,2025-10-14,IT Services,501-1000,No,Yes,No,Yes,Yes,Yes,Yes,No,Yes,Yes,No,No,No,No,Yes,0,Diploma,"Seeking a AI Engineer to support IT Services projects. Key skills include SQL, Excel, Tableau, Machine Learning, Deep Learning, PyTorch, AWS. Remote role with entry level experience requirements.",810000,8
JOB10395,Data Scientist,IBM,Noida,India,Mid Level,Full Time,Hybrid,900000,1100000,INR,2026-05-20,IT Services,501-1000,Yes,Yes,Yes,Yes,No,Yes,No,No,No,No,No,Yes,No,No,No,3,Bachelor's,"Seeking a Data Scientist to support IT Services projects. Key skills include Python, SQL, Power BI, Excel, Machine Learning, AWS, GCP. Hybrid role with mid level experience requirements.",1000000,6
JOB11732,Data Engineer,Tech Mahindra,Pune,USA,Mid Level,Full Time,On-site,680000,1020000,INR,2026-06-12,Technology,501-1000,Yes,Yes,No,Yes,No,No,No,No,No,No,No,Yes,No,No,No,3,Bachelor's,"Seeking a Data Engineer to support Technology projects. Key skills include Python, SQL, Excel, GCP. On-site role with mid level experience requirements.",850000,4
JOB11070,Data Scientist,Oracle,Bangalore,India,Mid Level,Full Time,On-site,710000,940000,INR,2026-07-07,Technology,1000+,Yes,No,No,No,No,Yes,No,Yes,No,No,Yes,No,No,No,Yes,2,Bachelor's,"Seeking a Data Scientist to support Technology projects. Key skills include Python, Machine Learning, TensorFlow, Azure, Generative AI. On-site role with mid level experience requirements.",825000,5
JOB10576,Ai/Ml Intern,Capgemini,Delhi,USA,Mid Level,Full Time,Remote,280000,380000,INR,2026-04-18,Finance,1000+,Yes,No,No,Yes,No,No,No,No,No,No,No,No,No,No,No,3,Bachelor's,"Seeking a AI/ML Intern to support Finance projects. Key skills include Python, Excel. Remote role with mid level experience requirements.",330000,2
JOB10574,Data Engineer,Cognizant,Gurgaon,India,Mid Level,Full Time,On-site,890000,1220000,INR,2025-01-07,Technology,501-1000,No,Yes,No,No,No,Yes,No,No,No,No,Yes,Yes,No,No,Yes,4,Bachelor's,"Seeking a Data Engineer to support Technology projects. Key skills include SQL, Machine Learning, Azure, GCP, Generative AI. On-site role with mid level experience requirements.",1055000,5
JOB11851,Data Scientist,HCLTech,Bangalore,India,Mid Level,Full Time,On-site,740000,1030000,INR,2026-04-15,Finance,51-200,Yes,Yes,No,No,Yes,Yes,No,No,No,No,No,No,Yes,No,No,3,Bachelor's,"Seeking a Data Scientist to support Finance projects. Key skills include Python, SQL, Tableau, Machine Learning, Statistics. On-site role with mid level experience requirements.",885000,5
JOB11303,Data Analyst,Siemens,Chennai,India,Senior,Internship,Hybrid,580000,750000,SGD,2025-04-24,IT Services,51-200,No,Yes,No,Yes,No,No,Yes,No,No,No,No,No,Yes,No,Yes,9,Bachelor's,"Seeking a Data Analyst to support IT Services projects. Key skills include SQL, Excel, Deep Learning, Statistics, Generative AI. Hybrid role with senior experience requirements.",665000,5
JOB10736,Business Analyst,Accenture,Pune,India,Entry Level,Full Time,Remote,380000,560000,INR,2026-01-30,Healthcare,1-50,No,Yes,No,Yes,No,No,No,No,No,No,No,No,Yes,No,No,1,PhD,"Seeking a Business Analyst to support Healthcare projects. Key skills include SQL, Excel, Statistics. Remote role with entry level experience requirements.",470000,3
JOB11791,Data Analyst,Siemens,Mumbai,India,Senior,Contract,On-site,700000,850000,INR,2025-12-07,Technology,1000+,Yes,Yes,No,Yes,No,No,No,No,No,No,No,No,No,No,Yes,8,MBA,"Seeking a Data Analyst to support Technology projects. Key skills include Python, SQL, Excel, Generative AI. On-site role with senior experience requirements.",775000,4
JOB10280,Ml Engineer,Amazon,Bangalore,India,Mid Level,Internship,Hybrid,820000,1260000,INR,2026-05-06,Finance,201-500,Yes,Yes,No,Yes,No,Yes,No,No,No,No,No,Yes,No,Yes,No,3,Bachelor's,"Seeking a ML Engineer to support Finance projects. Key skills include Python, SQL, Excel, Machine Learning, GCP, NLP. Hybrid role with mid level experience requirements.",1040000,6
JOB10338,Bi Analyst,TCS,Remote,India,Entry Level,Full Time,On-site,450000,670000,INR,2026-05-20,IT Services,501-1000,No,Yes,Yes,Yes,No,No,No,No,No,Yes,Yes,No,Yes,No,No,2,Bachelor's,"Seeking a BI Analyst to support IT Services projects. Key skills include SQL, Power BI, Excel, AWS, Azure, Statistics. On-site role with entry level experience requirements.",560000,6
JOB10228,Machine Learning Engineer,Capgemini,Chennai,India,Mid Level,Full Time,Remote,820000,1070000,INR,2026-06-16,E-commerce,1000+,Yes,Yes,No,Yes,No,Yes,No,No,No,No,No,Yes,Yes,No,Yes,3,PhD,"Seeking a Machine Learning Engineer to support E-commerce projects. Key skills include Python, SQL, Excel, Machine Learning, GCP, Statistics, Generative AI. Remote role with mid level experience requirements.",945000,7
JOB10009,Data Engineer,JPMorgan Chase,Mumbai,Australia,Mid Level,Full Time,On-site,690000,930000,INR,2026-05-22,Consulting,1000+,Yes,Yes,No,Yes,Yes,Yes,No,No,No,No,Yes,Yes,Yes,No,Yes,4,Bachelor's,"Seeking a Data Engineer to support Consulting projects. Key skills include Python, SQL, Excel, Tableau, Machine Learning, AWS, Azure. On-site role with mid level experience requirements.",810000,9
JOB11110,Data Analyst,Cisco,Bangalore,India,Entry Level,Full Time,Hybrid,410000,590000,INR,2025-01-25,Healthcare,501-1000,Yes,No,Yes,Yes,Yes,Yes,No,Yes,Yes,Yes,No,No,Yes,Yes,No,1,Bachelor's,"Seeking a Data Analyst to support Healthcare projects. Key skills include Python, Power BI, Excel, Tableau, Machine Learning, TensorFlow, PyTorch. Hybrid role with entry level experience requirements.",500000,10
JOB11733,Ai Engineer,HCLTech,Kolkata,India,Mid Level,Full Time,On-site,1100000,1480000,INR,2026-07-04,Technology,1000+,Yes,Yes,Yes,Yes,No,No,No,No,Yes,No,No,No,Yes,No,Yes,4,Master's,"Seeking a AI Engineer to support Technology projects. Key skills include Python, SQL, Power BI, Excel, PyTorch, Statistics, Generative AI. On-site role with mid level experience requirements.",1290000,7
JOB11570,Machine Learning Engineer,Persistent Systems,Remote,India,Senior,Full Time,Hybrid,1380000,1820000,CAD,2025-05-21,IT Services,1000+,Yes,No,Yes,No,No,Yes,No,No,No,No,No,Yes,Yes,No,No,5,Diploma,"Seeking a Machine Learning Engineer to support IT Services projects. Key skills include Python, Power BI, Machine Learning, GCP, Statistics. Hybrid role with senior experience requirements.",1600000,5
JOB10069,Data Analyst,Siemens,Kolkata,UK,Lead,Full Time,On-site,820000,1040000,GBP,2025-08-21,Consulting,1000+,Yes,Yes,Yes,Yes,No,No,Yes,Yes,No,No,No,Yes,Yes,No,Yes,14,Master's,"Seeking a Data Analyst to support Consulting projects. Key skills include Python, SQL, Power BI, Excel, Deep Learning, TensorFlow, GCP. On-site role with lead experience requirements.",930000,9
JOB11835,Ml Engineer,Microsoft,Pune,India,Entry Level,Full Time,On-site,760000,960000,INR,2025-07-09,Technology,1000+,Yes,No,Yes,Yes,No,Yes,Yes,No,Yes,Yes,No,No,Yes,No,No,1,Bachelor's,"Seeking a ML Engineer to support Technology projects. Key skills include Python, Power BI, Excel, Machine Learning, Deep Learning, PyTorch, AWS. On-site role with entry level experience requirements.",860000,8
JOB11121,Business Analyst,Deloitte,Gurgaon,USA,Lead,Full Time,Hybrid,810000,1030000,INR,2026-04-07,Technology,501-1000,Yes,No,Yes,No,No,No,No,No,No,No,No,No,No,No,No,10,Bachelor's,"Seeking a Business Analyst to support Technology projects. Key skills include Python, Power BI. Hybrid role with lead experience requirements.",920000,2
JOB11366,Data Analyst,Walmart Global Tech,Gurgaon,India,Mid Level,Full Time,Remote,590000,780000,INR,2025-05-13,IT Services,1-50,Yes,Yes,Yes,Yes,No,No,Yes,Yes,Yes,No,Yes,Yes,Yes,No,No,2,Bachelor's,"Seeking a Data Analyst to support IT Services projects. Key skills include Python, SQL, Power BI, Excel, Deep Learning, TensorFlow, PyTorch. Remote role with mid level experience requirements.",685000,10
JOB11146,Business Analyst,NVIDIA,Bangalore,Germany,Mid Level,Full Time,Hybrid,650000,780000,SGD,2025-07-23,Healthcare,501-1000,Yes,Yes,Yes,Yes,Yes,No,Yes,No,Yes,Yes,No,Yes,No,Yes,No,3,MBA,"Seeking a Business Analyst to support Healthcare projects. Key skills include Python, SQL, Power BI, Excel, Tableau, Deep Learning, PyTorch. Hybrid role with mid level experience requirements.",715000,10
JOB11181,Nlp Engineer,LTIMindtree,Noida,India,Mid Level,Contract,On-site,960000,1220000,INR,2026-01-07,Finance,1-50,Yes,No,No,Yes,Yes,Yes,Yes,No,No,No,No,No,Yes,No,No,4,Master's,"Seeking a NLP Engineer to support Finance projects. Key skills include Python, Excel, Tableau, Machine Learning, Deep Learning, Statistics. On-site role with mid level experience requirements.",1090000,6
JOB11736,Business Analyst,Amazon,Noida,India,Mid Level,Contract,Remote,510000,690000,INR,2025-03-24,Finance,201-500,No,Yes,No,Yes,Yes,Yes,Yes,No,No,Yes,No,No,No,No,No,5,Master's,"Seeking a Business Analyst to support Finance projects. Key skills include SQL, Excel, Tableau, Machine Learning, Deep Learning, AWS. Remote role with mid level experience requirements.",600000,6
JOB11792,Bi Analyst,Bosch,Pune,USA,Mid Level,Contract,Remote,610000,790000,INR,2025-11-25,Technology,1-50,No,Yes,Yes,Yes,No,No,No,Yes,No,Yes,No,Yes,No,No,No,5,Bachelor's,"Seeking a BI Analyst to support Technology projects. Key skills include SQL, Power BI, Excel, TensorFlow, AWS, GCP. Remote role with mid level experience requirements.",700000,6
JOB10025,Machine Learning Engineer,IBM,Gurgaon,India,Entry Level,Contract,Hybrid,910000,1340000,INR,2026-04-01,Education,1000+,Yes,Yes,No,Yes,No,No,No,No,No,No,No,No,Yes,No,No,1,MBA,"Seeking a Machine Learning Engineer to support Education projects. Key skills include Python, SQL, Excel, Statistics. Hybrid role with entry level experience requirements.",1125000,4
JOB10634,Ai Engineer,Capgemini,Mumbai,India,Lead,Full Time,Hybrid,1830000,2170000,INR,2025-03-30,IT Services,51-200,Yes,Yes,No,Yes,No,No,No,No,No,No,Yes,No,No,No,Yes,10,PhD,"Seeking a AI Engineer to support IT Services projects. Key skills include Python, SQL, Excel, Azure, Generative AI. Hybrid role with lead experience requirements.",2000000,5
JOB10471,Data Analyst,Capgemini,Chennai,UK,Senior,Contract,On-site,600000,780000,INR,2025-03-15,Healthcare,1000+,No,Yes,No,No,Yes,No,No,No,No,Yes,No,No,Yes,No,No,10,Master's,"Seeking a Data Analyst to support Healthcare projects. Key skills include SQL, Tableau, AWS, Statistics. On-site role with senior experience requirements.",690000,4
JOB10558,Data Analyst,JPMorgan Chase,Hyderabad,India,Entry Level,Full Time,On-site,410000,530000,INR,2025-09-29,Finance,1-50,Yes,Yes,No,Yes,Yes,No,No,No,No,Yes,No,No,Yes,No,No,2,Master's,"Seeking a Data Analyst to support Finance projects. Key skills include Python, SQL, Excel, Tableau, AWS, Statistics. On-site role with entry level experience requirements.",470000,6
JOB10294,Machine Learning Engineer,IBM,Chennai,India,Senior,Full Time,On-site,1430000,1760000,CAD,2025-11-28,IT Services,51-200,Yes,No,No,Yes,No,No,No,No,No,No,Yes,No,Yes,No,No,6,Master's,"Seeking a Machine Learning Engineer to support IT Services projects. Key skills include Python, Excel, Azure, Statistics. On-site role with senior experience requirements.",1595000,4
JOB10773,Data Analyst,Bosch,Pune,India,Mid Level,Full Time,Hybrid,480000,680000,INR,2026-07-27,Technology,201-500,Yes,Yes,No,No,No,Yes,No,No,No,No,No,No,Yes,No,No,4,MBA,"Seeking a Data Analyst to support Technology projects. Key skills include Python, SQL, Machine Learning, Statistics. Hybrid role with mid level experience requirements.",580000,4
JOB11814,Data Analyst,Deloitte,Mumbai,India,Entry Level,Full Time,On-site,380000,590000,INR,2025-03-15,Technology,1000+,Yes,Yes,No,Yes,No,No,No,No,No,No,No,No,Yes,No,No,0,Master's,"Seeking a Data Analyst to support Technology projects. Key skills include Python, SQL, Excel, Statistics. On-site role with entry level experience requirements.",485000,4
JOB11263,Data Scientist,IBM,Delhi,India,Mid Level,Full Time,On-site,760000,1030000,INR,2025-10-01,Consulting,201-500,Yes,No,No,No,No,Yes,No,No,No,No,No,No,No,No,No,2,Master's,"Seeking a Data Scientist to support Consulting projects. Key skills include Python, Machine Learning. On-site role with mid level experience requirements.",895000,2
JOB11955,Nlp Engineer,Microsoft,Delhi,Canada,Mid Level,Full Time,On-site,1110000,1410000,INR,2026-05-31,Technology,501-1000,Yes,Yes,Yes,No,No,No,No,No,No,Yes,No,No,No,Yes,No,5,Bachelor's,"Seeking a NLP Engineer to support Technology projects. Key skills include Python, SQL, Power BI, AWS, NLP. On-site role with mid level experience requirements.",1260000,5
JOB11189,Data Scientist,Capgemini,Pune,India,Lead,Full Time,On-site,1150000,1440000,INR,2025-03-08,Education,1-50,Yes,Yes,No,Yes,No,Yes,No,Yes,No,No,No,No,Yes,No,No,14,Bachelor's,"Seeking a Data Scientist to support Education projects. Key skills include Python, SQL, Excel, Machine Learning, TensorFlow, Statistics. On-site role with lead experience requirements.",1295000,6
JOB11023,Ai/Ml Intern,HCLTech,Pune,Canada,Senior,Full Time,On-site,410000,490000,INR,2025-10-21,Consulting,51-200,Yes,No,No,Yes,Yes,No,Yes,No,No,No,No,No,Yes,No,No,8,MBA,"Seeking a AI/ML Intern to support Consulting projects. Key skills include Python, Excel, Tableau, Deep Learning, Statistics. On-site role with senior experience requirements.",450000,5
JOB10121,Ml Engineer,Cisco,Kolkata,Canada,Senior,Full Time,Hybrid,1230000,1600000,INR,2026-06-21,Technology,201-500,Yes,Yes,No,Yes,Yes,Yes,Yes,Yes,No,No,No,No,Yes,No,No,6,MBA,"Seeking a ML Engineer to support Technology projects. Key skills include Python, SQL, Excel, Tableau, Machine Learning, Deep Learning, TensorFlow. Hybrid role with senior experience requirements.",1415000,8
JOB10906,Business Analyst,Walmart Global Tech,Noida,India,Senior,Full Time,Hybrid,600000,780000,INR,2025-03-07,Healthcare,501-1000,Yes,Yes,No,Yes,No,No,No,No,No,No,No,No,Yes,No,No,9,Bachelor's,"Seeking a Business Analyst to support Healthcare projects. Key skills include Python, SQL, Excel, Statistics. Hybrid role with senior experience requirements.",690000,4
JOB11307,Bi Analyst,Accenture,Remote,India,Mid Level,Full Time,On-site,700000,890000,INR,2025-11-06,Technology,1-50,Yes,Yes,No,No,Yes,Yes,No,No,No,No,Yes,No,Yes,No,Yes,3,Bachelor's,"Seeking a BI Analyst to support Technology projects. Key skills include Python, SQL, Tableau, Machine Learning, Azure, Statistics, Generative AI. On-site role with mid level experience requirements.",795000,7
JOB11389,Nlp Engineer,Wipro,Mumbai,India,Mid Level,Full Time,On-site,890000,1230000,USD,2026-08-07,Consulting,1000+,Yes,No,No,No,No,No,No,No,No,Yes,No,No,No,No,No,4,Bachelor's,"Seeking a NLP Engineer to support Consulting projects. Key skills include Python, AWS. On-site role with mid level experience requirements.",1060000,2
JOB11335,Nlp Engineer,HCLTech,Noida,India,Mid Level,Full Time,Hybrid,1070000,1310000,INR,2026-05-16,Consulting,501-1000,Yes,No,No,Yes,No,No,Yes,No,Yes,Yes,No,No,Yes,Yes,No,5,MBA,"Seeking a NLP Engineer to support Consulting projects. Key skills include Python, Excel, Deep Learning, PyTorch, AWS, Statistics, NLP. Hybrid role with mid level experience requirements.",1190000,7
JOB10511,Data Engineer,Oracle,Bangalore,India,Senior,Full Time,Hybrid,960000,1220000,INR,2025-05-11,IT Services,51-200,Yes,Yes,Yes,No,Yes,No,No,No,No,Yes,No,Yes,No,No,Yes,5,Bachelor's,"Seeking a Data Engineer to support IT Services projects. Key skills include Python, SQL, Power BI, Tableau, AWS, GCP, Generative AI. Hybrid role with senior experience requirements.",1090000,7
JOB10180,Data Analyst,Deloitte,Gurgaon,India,Mid Level,Full Time,Hybrid,540000,760000,INR,2026-06-27,Healthcare,51-200,No,Yes,Yes,No,No,No,Yes,No,No,No,No,No,No,No,No,3,Bachelor's,"Seeking a Data Analyst to support Healthcare projects. Key skills include SQL, Power BI, Deep Learning. Hybrid role with mid level experience requirements.",650000,3
JOB11094,Ai Engineer,Amazon,Gurgaon,India,Senior,Full Time,On-site,1080000,1520000,USD,2025-09-29,Finance,201-500,Yes,Yes,No,Yes,Yes,Yes,Yes,No,No,No,Yes,No,Yes,No,Yes,10,Bachelor's,"Seeking a AI Engineer to support Finance projects. Key skills include Python, SQL, Excel, Tableau, Machine Learning, Deep Learning, Azure. On-site role with senior experience requirements.",1300000,9
JOB11938,Ml Engineer,Google,Hyderabad,USA,Mid Level,Full Time,Remote,940000,1270000,INR,2026-04-09,Technology,1000+,Yes,Yes,No,No,Yes,Yes,Yes,Yes,No,No,No,No,No,No,No,3,Diploma,"Seeking a ML Engineer to support Technology projects. Key skills include Python, SQL, Tableau, Machine Learning, Deep Learning, TensorFlow. Remote role with mid level experience requirements.",1105000,6
JOB11560,Business Analyst,Infosys,Chennai,India,Mid Level,Full Time,On-site,590000,820000,INR,2025-08-05,Finance,1-50,Yes,Yes,Yes,Yes,No,Yes,No,No,No,No,No,No,Yes,No,No,5,Bachelor's,"Seeking a Business Analyst to support Finance projects. Key skills include Python, SQL, Power BI, Excel, Machine Learning, Statistics. On-site role with mid level experience requirements.",705000,6
JOB11184,Ai/Ml Intern,Walmart Global Tech,Bangalore,India,Entry Level,Full Time,On-site,210000,320000,INR,2025-09-24,IT Services,1000+,Yes,No,Yes,No,Yes,No,No,No,No,No,No,No,Yes,No,No,1,Bachelor's,"Seeking a AI/ML Intern to support IT Services projects. Key skills include Python, Power BI, Tableau, Statistics. On-site role with entry level experience requirements.",265000,4
JOB10816,Ai Engineer,JPMorgan Chase,Delhi,India,Senior,Full Time,Hybrid,1180000,1610000,INR,2026-03-09,IT Services,1000+,Yes,Yes,Yes,No,No,No,No,No,No,Yes,No,No,No,No,Yes,5,Bachelor's,"Seeking a AI Engineer to support IT Services projects. Key skills include Python, SQL, Power BI, AWS, Generative AI. Hybrid role with senior experience requirements.",1395000,5
JOB11953,Data Engineer,Wipro,Pune,Canada,Senior,Full Time,Hybrid,1210000,1550000,INR,2026-05-27,Technology,1000+,No,Yes,No,No,No,Yes,No,No,No,Yes,Yes,No,No,No,No,7,Bachelor's,"Seeking a Data Engineer to support Technology projects. Key skills include SQL, Machine Learning, AWS, Azure. Hybrid role with senior experience requirements.",1380000,4
JOB10864,Machine Learning Engineer,Infosys,Bangalore,India,Entry Level,Full Time,On-site,820000,1230000,INR,2026-04-13,IT Services,501-1000,Yes,No,Yes,Yes,Yes,Yes,Yes,No,No,No,No,No,No,No,No,0,Master's,"Seeking a Machine Learning Engineer to support IT Services projects. Key skills include Python, Power BI, Excel, Tableau, Machine Learning, Deep Learning. On-site role with entry level experience requirements.",1025000,6
JOB11083,Machine Learning Engineer,Accenture,Delhi,Germany,Entry Level,Full Time,Hybrid,720000,930000,EUR,2026-04-18,Technology,501-1000,Yes,Yes,No,No,No,Yes,No,No,No,Yes,No,No,Yes,No,No,0,Bachelor's,"Seeking a Machine Learning Engineer to support Technology projects. Key skills include Python, SQL, Machine Learning, AWS, Statistics. Hybrid role with entry level experience requirements.",825000,5
JOB11209,Data Scientist,Capgemini,Bangalore,India,Entry Level,Full Time,Remote,670000,970000,GBP,2025-11-19,Technology,201-500,Yes,Yes,No,No,No,Yes,No,Yes,No,No,No,No,Yes,No,No,0,Bachelor's,"Seeking a Data Scientist to support Technology projects. Key skills include Python, SQL, Machine Learning, TensorFlow, Statistics. Remote role with entry level experience requirements.",820000,5
JOB11290,Data Analyst,Cognizant,Hyderabad,India,Senior,Internship,On-site,760000,880000,INR,2025-12-21,Technology,1000+,Yes,Yes,Yes,No,Yes,Yes,No,No,No,No,No,No,Yes,No,No,7,Master's,"Seeking a Data Analyst to support Technology projects. Key skills include Python, SQL, Power BI, Tableau, Machine Learning, Statistics. On-site role with senior experience requirements.",820000,6
JOB11757,Ai/Ml Intern,Walmart Global Tech,Chennai,India,Lead,Contract,On-site,490000,630000,INR,2025-04-14,Finance,1000+,Yes,Yes,No,Yes,No,No,No,No,No,No,No,No,No,No,No,14,Bachelor's,"Seeking a AI/ML Intern to support Finance projects. Key skills include Python, SQL, Excel. On-site role with lead experience requirements.",560000,3
JOB11964,Machine Learning Engineer,HCLTech,Bangalore,India,Mid Level,Full Time,Remote,890000,1320000,INR,2025-07-28,Finance,1000+,Yes,Yes,No,No,Yes,No,Yes,No,No,Yes,Yes,No,No,No,No,2,Bachelor's,"Seeking a Machine Learning Engineer to support Finance projects. Key skills include Python, SQL, Tableau, Deep Learning, AWS, Azure. Remote role with mid level experience requirements.",1105000,6
JOB10381,Data Analyst,SAP,Noida,India,Entry Level,Full Time,On-site,490000,700000,INR,2025-09-25,Technology,1000+,Yes,Yes,No,Yes,No,No,Yes,No,Yes,No,No,No,Yes,No,No,0,Bachelor's,"Seeking a Data Analyst to support Technology projects. Key skills include Python, SQL, Excel, Deep Learning, PyTorch, Statistics. On-site role with entry level experience requirements.",595000,6
JOB10605,Data Analyst,Cisco,Bangalore,Canada,Mid Level,Full Time,Remote,570000,680000,INR,2026-04-11,Finance,51-200,Yes,Yes,Yes,Yes,No,No,Yes,No,No,No,No,No,No,No,No,3,Bachelor's,"Seeking a Data Analyst to support Finance projects. Key skills include Python, SQL, Power BI, Excel, Deep Learning. Remote role with mid level experience requirements.",625000,5
JOB11653,Data Scientist,Cognizant,Bangalore,India,Entry Level,Full Time,Hybrid,600000,800000,EUR,2025-12-22,Finance,201-500,Yes,Yes,No,Yes,Yes,No,No,Yes,No,No,No,No,Yes,No,No,1,Bachelor's,"Seeking a Data Scientist to support Finance projects. Key skills include Python, SQL, Excel, Tableau, TensorFlow, Statistics. Hybrid role with entry level experience requirements.",700000,6
JOB11753,Data Analyst,Oracle,Ahmedabad,India,Mid Level,Full Time,Hybrid,520000,700000,GBP,2025-06-22,Technology,1000+,No,Yes,Yes,Yes,No,No,No,Yes,No,No,Yes,No,Yes,No,No,2,Bachelor's,"Seeking a Data Analyst to support Technology projects. Key skills include SQL, Power BI, Excel, TensorFlow, Azure, Statistics. Hybrid role with mid level experience requirements.",610000,6
JOB10551,Ai Engineer,LTIMindtree,Noida,India,Mid Level,Full Time,Hybrid,950000,1330000,EUR,2025-01-04,Education,1000+,Yes,Yes,No,No,No,No,Yes,No,No,Yes,No,No,Yes,No,No,3,Master's,"Seeking a AI Engineer to support Education projects. Key skills include Python, SQL, Deep Learning, AWS, Statistics. Hybrid role with mid level experience requirements.",1140000,5
JOB11172,Nlp Engineer,Wipro,Pune,India,Mid Level,Part Time,On-site,1000000,1320000,INR,2026-02-23,Consulting,1000+,Yes,No,No,No,No,Yes,Yes,No,Yes,No,Yes,No,No,Yes,No,2,Bachelor's,"Seeking a NLP Engineer to support Consulting projects. Key skills include Python, Machine Learning, Deep Learning, PyTorch, Azure, NLP. On-site role with mid level experience requirements.",1160000,6
JOB10252,Machine Learning Engineer,Capgemini,Bangalore,India,Senior,Full Time,On-site,1220000,1570000,INR,2026-04-25,Manufacturing,Unknown,Yes,No,No,No,Yes,No,No,Yes,No,No,No,No,Yes,No,Yes,7,MBA,"Seeking a Machine Learning Engineer to support Manufacturing projects. Key skills include Python, Tableau, TensorFlow, Statistics, Generative AI. On-site role with senior experience requirements.",1395000,5
JOB11866,Ai/Ml Intern,Siemens,Bangalore,India,Mid Level,Contract,On-site,330000,440000,INR,2025-04-07,IT Services,1000+,Yes,No,No,No,No,No,No,No,No,No,No,No,No,No,Yes,3,Bachelor's,"Seeking a AI/ML Intern to support IT Services projects. Key skills include Python, Generative AI. On-site role with mid level experience requirements.",385000,2
JOB11500,Business Analyst,Google,Pune,Canada,Entry Level,Full Time,Hybrid,510000,710000,INR,2025-07-31,Manufacturing,1000+,Yes,Yes,Yes,Yes,No,No,No,No,No,No,No,Yes,No,Yes,No,1,Master's,"Seeking a Business Analyst to support Manufacturing projects. Key skills include Python, SQL, Power BI, Excel, GCP, NLP. Hybrid role with entry level experience requirements.",610000,6
JOB10213,Data Engineer,Microsoft,Delhi,India,Mid Level,Contract,On-site,840000,1060000,INR,2025-11-29,Consulting,1000+,No,Yes,No,Yes,No,No,No,No,No,Yes,Yes,No,Yes,No,No,3,MBA,"Seeking a Data Engineer to support Consulting projects. Key skills include SQL, Excel, AWS, Azure, Statistics. On-site role with mid level experience requirements.",950000,5
JOB11465,Nlp Engineer,Bosch,Mumbai,Singapore,Mid Level,Full Time,On-site,890000,1190000,INR,2025-01-25,Technology,501-1000,Yes,No,No,Yes,No,Yes,Yes,No,Yes,No,No,No,No,No,Yes,2,Bachelor's,"Seeking a NLP Engineer to support Technology projects. Key skills include Python, Excel, Machine Learning, Deep Learning, PyTorch, Generative AI. On-site role with mid level experience requirements.",1040000,6
JOB11716,Nlp Engineer,TCS,Delhi,India,Lead,Full Time,On-site,1510000,1830000,INR,2026-07-30,Consulting,201-500,Yes,Yes,No,Yes,No,Yes,Yes,No,No,No,No,No,Yes,Yes,No,10,Bachelor's,"Seeking a NLP Engineer to support Consulting projects. Key skills include Python, SQL, Excel, Machine Learning, Deep Learning, Statistics, NLP. On-site role with lead experience requirements.",1670000,7
JOB11877,Data Engineer,IBM,Delhi,India,Mid Level,Contract,Hybrid,760000,980000,AUD,2025-06-07,Telecommunications,201-500,Yes,Yes,Yes,No,No,No,No,No,No,Yes,No,No,No,No,Yes,4,Bachelor's,"Seeking a Data Engineer to support Telecommunications projects. Key skills include Python, SQL, Power BI, AWS, Generative AI. Hybrid role with mid level experience requirements.",870000,5
JOB10331,Data Scientist,LTIMindtree,Hyderabad,India,Mid Level,Full Time,Remote,740000,1030000,INR,2026-02-12,Finance,501-1000,Yes,No,No,No,Yes,No,No,No,No,No,No,No,Yes,Yes,No,5,Bachelor's,"Seeking a Data Scientist to support Finance projects. Key skills include Python, Tableau, Statistics, NLP. Remote role with mid level experience requirements.",885000,4
JOB10433,Data Engineer,Google,Ahmedabad,Germany,Entry Level,Full Time,On-site,610000,890000,AUD,2025-10-12,Finance,51-200,Yes,Yes,Yes,No,Yes,No,No,No,Yes,No,Yes,Yes,No,No,No,0,Bachelor's,"Seeking a Data Engineer to support Finance projects. Key skills include Python, SQL, Power BI, Tableau, PyTorch, Azure, GCP. On-site role with entry level experience requirements.",750000,7
JOB10277,Ml Engineer,Infosys,Pune,India,Senior,Full Time,Hybrid,1170000,1430000,CAD,2026-03-11,Manufacturing,1-50,Yes,Yes,No,Yes,Yes,No,No,No,No,Yes,Yes,No,Yes,No,Yes,5,MBA,"Seeking a ML Engineer to support Manufacturing projects. Key skills include Python, SQL, Excel, Tableau, AWS, Azure, Statistics. Hybrid role with senior experience requirements.",1300000,8
JOB11790,Ai Engineer,Microsoft,Ahmedabad,India,Senior,Full Time,On-site,1330000,1750000,INR,2025-08-02,Technology,1000+,Yes,No,Yes,Yes,No,Yes,No,Yes,No,No,No,No,No,No,No,10,MBA,"Seeking a AI Engineer to support Technology projects. Key skills include Python, Power BI, Excel, Machine Learning, TensorFlow. On-site role with senior experience requirements.",1540000,5
JOB11336,Data Engineer,Oracle,Hyderabad,India,Entry Level,Contract,Remote,730000,1050000,INR,2025-11-15,Healthcare,1000+,No,Yes,No,No,No,No,No,No,No,No,Yes,Yes,No,No,No,1,Bachelor's,"Seeking a Data Engineer to support Healthcare projects. Key skills include SQL, Azure, GCP. Remote role with entry level experience requirements.",890000,3
JOB11631,Bi Analyst,LTIMindtree,Bangalore,India,Senior,Full Time,On-site,630000,850000,INR,2025-12-09,Technology,501-1000,Yes,Yes,Yes,Yes,Yes,Yes,No,No,No,No,No,No,No,No,No,9,PhD,"Seeking a BI Analyst to support Technology projects. Key skills include Python, SQL, Power BI, Excel, Tableau, Machine Learning. On-site role with senior experience requirements.",740000,6
JOB10292,Data Analyst,Persistent Systems,Pune,India,Senior,Full Time,Hybrid,600000,710000,INR,2025-05-01,Finance,51-200,No,Yes,Yes,No,No,No,No,No,No,No,Yes,No,No,No,No,10,Bachelor's,"Seeking a Data Analyst to support Finance projects. Key skills include SQL, Power BI, Azure. Hybrid role with senior experience requirements.",655000,3
JOB10902,Data Analyst,Walmart Global Tech,Mumbai,UK,Entry Level,Full Time,Remote,490000,680000,INR,2026-03-23,Consulting,1000+,No,Yes,Yes,Yes,No,No,No,No,No,Yes,No,No,Yes,Yes,No,0,Bachelor's,"Seeking a Data Analyst to support Consulting projects. Key skills include SQL, Power BI, Excel, AWS, Statistics, NLP. Remote role with entry level experience requirements.",585000,6
JOB10449,Machine Learning Engineer,Infosys,Pune,India,Mid Level,Full Time,On-site,1190000,1560000,INR,2025-04-11,Finance,201-500,Yes,Yes,No,No,Yes,Yes,Yes,No,No,No,No,No,Yes,No,No,2,PhD,"Seeking a Machine Learning Engineer to support Finance projects. Key skills include Python, SQL, Tableau, Machine Learning, Deep Learning, Statistics. On-site role with mid level experience requirements.",1375000,6
JOB11683,Data Engineer,JPMorgan Chase,Mumbai,UK,Mid Level,Contract,Hybrid,810000,1010000,INR,2026-01-21,Healthcare,1000+,Yes,Yes,No,Yes,No,No,No,No,No,No,No,Yes,No,Yes,No,3,Bachelor's,"Seeking a Data Engineer to support Healthcare projects. Key skills include Python, SQL, Excel, GCP, NLP. Hybrid role with mid level experience requirements.",910000,5
JOB11549,Data Analyst,Deloitte,Hyderabad,India,Entry Level,Full Time,On-site,360000,510000,EUR,2026-05-20,IT Services,51-200,Yes,No,Yes,No,Yes,No,No,No,No,No,Yes,No,Yes,No,No,2,Diploma,"Seeking a Data Analyst to support IT Services projects. Key skills include Python, Power BI, Tableau, Azure, Statistics. On-site role with entry level experience requirements.",435000,5
JOB11749,Bi Analyst,Wipro,Gurgaon,India,Entry Level,Full Time,Hybrid,520000,690000,INR,2026-02-18,IT Services,201-500,No,No,No,Yes,No,No,No,Yes,No,Yes,No,Yes,Yes,No,No,0,Bachelor's,"Seeking a BI Analyst to support IT Services projects. Key skills include Excel, TensorFlow, AWS, GCP, Statistics. Hybrid role with entry level experience requirements.",605000,5
JOB10304,Data Engineer,Microsoft,Pune,India,Entry Level,Full Time,On-site,650000,920000,INR,2025-07-01,Consulting,501-1000,Yes,Yes,No,Yes,Yes,No,Yes,No,No,No,No,No,No,No,No,0,Master's,"Seeking a Data Engineer to support Consulting projects. Key skills include Python, SQL, Excel, Tableau, Deep Learning. On-site role with entry level experience requirements.",785000,5
JOB11512,Bi Analyst,Wipro,Hyderabad,India,Mid Level,Full Time,On-site,680000,890000,USD,2025-11-02,Healthcare,501-1000,Yes,Yes,Yes,Yes,No,Yes,No,No,No,No,Yes,No,Yes,No,No,5,Master's,"Seeking a BI Analyst to support Healthcare projects. Key skills include Python, SQL, Power BI, Excel, Machine Learning, Azure, Statistics. On-site role with mid level experience requirements.",785000,7
JOB11862,Data Engineer,IBM,Bangalore,India,Entry Level,Full Time,On-site,600000,900000,INR,2026-06-28,Technology,51-200,No,Yes,Yes,No,No,No,No,No,No,No,No,No,Yes,No,No,0,Master's,"Seeking a Data Engineer to support Technology projects. Key skills include SQL, Power BI, Statistics. On-site role with entry level experience requirements.",750000,3
JOB11900,Ml Engineer,Cognizant,Delhi,Canada,Senior,Full Time,Hybrid,1110000,1470000,INR,2026-06-22,Technology,51-200,Yes,Yes,No,Yes,Yes,Yes,Yes,No,No,Yes,No,No,No,No,No,5,PhD,"Seeking a ML Engineer to support Technology projects. Key skills include Python, SQL, Excel, Tableau, Machine Learning, Deep Learning, AWS. Hybrid role with senior experience requirements.",1290000,7
JOB10941,Data Scientist,Google,Delhi,India,Entry Level,Full Time,Remote,790000,1120000,INR,2026-04-04,IT Services,501-1000,Yes,Yes,No,Yes,No,Yes,No,No,No,No,No,Yes,No,No,No,1,Bachelor's,"Seeking a Data Scientist to support IT Services projects. Key skills include Python, SQL, Excel, Machine Learning, GCP. Remote role with entry level experience requirements.",955000,5
JOB10068,Ml Engineer,JPMorgan Chase,Gurgaon,India,Mid Level,Full Time,On-site,1010000,1220000,INR,2026-05-10,IT Services,1-50,Yes,Yes,No,Yes,No,Yes,Yes,Yes,No,No,Yes,No,No,No,No,2,Bachelor's,"Seeking a ML Engineer to support IT Services projects. Key skills include Python, SQL, Excel, Machine Learning, Deep Learning, TensorFlow, Azure. On-site role with mid level experience requirements.",1115000,7
JOB10020,Data Scientist,Persistent Systems,Kolkata,India,Entry Level,Full Time,On-site,770000,980000,AUD,2025-03-24,Technology,1000+,Yes,Yes,Yes,Yes,Yes,Yes,No,No,No,No,Yes,No,Yes,Yes,No,0,Master's,"Seeking a Data Scientist to support Technology projects. Key skills include Python, SQL, Power BI, Excel, Tableau, Machine Learning, Azure. On-site role with entry level experience requirements.",875000,9
JOB10325,Ai/Ml Intern,Siemens,Hyderabad,India,Entry Level,Full Time,Hybrid,250000,340000,AUD,2025-05-23,Finance,51-200,Yes,Yes,Yes,Yes,No,No,No,No,Yes,No,No,Yes,No,Yes,No,1,Bachelor's,"Seeking a AI/ML Intern to support Finance projects. Key skills include Python, SQL, Power BI, Excel, PyTorch, GCP, NLP. Hybrid role with entry level experience requirements.",295000,7
JOB11842,Machine Learning Engineer,Microsoft,Gurgaon,India,Mid Level,Full Time,Hybrid,930000,1170000,INR,2026-06-12,Technology,1000+,Yes,Yes,No,Yes,Yes,Yes,No,Yes,Yes,Yes,No,No,Yes,No,Yes,2,Bachelor's,"Seeking a Machine Learning Engineer to support Technology projects. Key skills include Python, SQL, Excel, Tableau, Machine Learning, TensorFlow, PyTorch. Hybrid role with mid level experience requirements.",1050000,10
JOB11434,Data Engineer,TCS,Pune,UK,Mid Level,Full Time,Remote,870000,1190000,AUD,2025-03-28,Finance,1-50,Yes,Yes,No,Yes,Yes,No,No,No,No,Yes,No,No,Yes,Yes,No,4,Bachelor's,"Seeking a Data Engineer to support Finance projects. Key skills include Python, SQL, Excel, Tableau, AWS, Statistics, NLP. Remote role with mid level experience requirements.",1030000,7
JOB11425,Nlp Engineer,NVIDIA,Mumbai,India,Lead,Internship,On-site,1590000,1880000,INR,2025-06-07,Technology,1000+,Yes,Yes,No,Yes,No,No,No,No,Yes,No,No,No,No,Yes,Yes,9,MBA,"Seeking a NLP Engineer to support Technology projects. Key skills include Python, SQL, Excel, PyTorch, NLP, Generative AI. On-site role with lead experience requirements.",1735000,6
JOB11474,Machine Learning Engineer,Tech Mahindra,Bangalore,Australia,Mid Level,Full Time,On-site,1040000,1480000,AUD,2025-12-24,IT Services,501-1000,Yes,Yes,Yes,No,No,No,No,No,Yes,No,No,Yes,Yes,No,No,2,MBA,"Seeking a Machine Learning Engineer to support IT Services projects. Key skills include Python, SQL, Power BI, PyTorch, GCP, Statistics. On-site role with mid level experience requirements.",1260000,6
JOB10055,Data Engineer,LTIMindtree,Noida,India,Entry Level,Full Time,Hybrid,690000,860000,INR,2025-10-29,Finance,1000+,Yes,Yes,No,No,No,Yes,No,No,Yes,Yes,No,Yes,No,No,No,1,Bachelor's,"Seeking a Data Engineer to support Finance projects. Key skills include Python, SQL, Machine Learning, PyTorch, AWS, GCP. Hybrid role with entry level experience requirements.",775000,6
JOB10964,Machine Learning Engineer,Microsoft,Pune,UK,Mid Level,Full Time,Remote,1000000,1420000,INR,2025-08-16,Education,501-1000,Yes,Yes,Yes,No,No,Yes,No,Yes,No,No,Yes,No,Yes,No,No,3,Master's,"Seeking a Machine Learning Engineer to support Education projects. Key skills include Python, SQL, Power BI, Machine Learning, TensorFlow, Azure, Statistics. Remote role with mid level experience requirements.",1210000,7
JOB10932,Ml Engineer,Siemens,Remote,India,Mid Level,Full Time,Hybrid,950000,1160000,INR,2026-07-05,Consulting,1000+,Yes,Yes,Yes,Yes,Yes,Yes,No,Yes,Yes,Yes,Yes,Yes,Yes,No,No,2,Master's,"Seeking a ML Engineer to support Consulting projects. Key skills include Python, SQL, Power BI, Excel, Tableau, Machine Learning, TensorFlow. Hybrid role with mid level experience requirements.",1055000,12
JOB11889,Bi Analyst,LTIMindtree,Delhi,USA,Senior,Full Time,Hybrid,630000,840000,INR,2026-03-28,IT Services,501-1000,Yes,Yes,Yes,No,Yes,No,No,No,No,No,No,No,No,Yes,No,10,Master's,"Seeking a BI Analyst to support IT Services projects. Key skills include Python, SQL, Power BI, Tableau, NLP. Hybrid role with senior experience requirements.",735000,5
JOB10151,Business Analyst,Tech Mahindra,Chennai,Australia,Mid Level,Full Time,Remote,630000,800000,CAD,2025-08-21,Consulting,51-200,Yes,Yes,Yes,Yes,Yes,Yes,No,No,No,Yes,No,No,Yes,No,No,5,Bachelor's,"Seeking a Business Analyst to support Consulting projects. Key skills include Python, SQL, Power BI, Excel, Tableau, Machine Learning, AWS. Remote role with mid level experience requirements.",715000,8
JOB11673,Business Analyst,JPMorgan Chase,Noida,India,Mid Level,Full Time,On-site,570000,730000,USD,2025-05-05,Technology,51-200,No,Yes,No,Yes,Yes,No,No,Yes,No,No,No,No,Yes,No,Yes,2,Bachelor's,"Seeking a Business Analyst to support Technology projects. Key skills include SQL, Excel, Tableau, TensorFlow, Statistics, Generative AI. On-site role with mid level experience requirements.",650000,6
JOB11122,Ai/Ml Intern,TCS,Bangalore,India,Senior,Full Time,Remote,260000,330000,CAD,2025-09-27,Healthcare,51-200,Yes,No,No,Yes,No,No,No,Yes,No,Yes,No,No,Yes,No,Yes,8,Bachelor's,"Seeking a AI/ML Intern to support Healthcare projects. Key skills include Python, Excel, TensorFlow, AWS, Statistics, Generative AI. Remote role with senior experience requirements.",295000,6
JOB11865,Nlp Engineer,Tech Mahindra,Delhi,Canada,Mid Level,Full Time,Remote,1080000,1300000,AUD,2026-07-03,Technology,501-1000,Yes,No,Yes,No,Yes,Yes,Yes,No,No,Yes,No,Yes,Yes,Yes,No,4,Bachelor's,"Seeking a NLP Engineer to support Technology projects. Key skills include Python, Power BI, Tableau, Machine Learning, Deep Learning, AWS, GCP. Remote role with mid level experience requirements.",1190000,9
JOB11131,Bi Analyst,Adobe,Hyderabad,India,Mid Level,Full Time,On-site,680000,810000,SGD,2026-01-29,Technology,201-500,No,Yes,No,Yes,Yes,Yes,No,No,No,Yes,No,No,No,No,No,5,Diploma,"Seeking a BI Analyst to support Technology projects. Key skills include SQL, Excel, Tableau, Machine Learning, AWS. On-site role with mid level experience requirements.",745000,5
JOB10744,Ai Engineer,Oracle,Hyderabad,USA,Senior,Full Time,Hybrid,1070000,1530000,CAD,2025-08-17,Technology,501-1000,Yes,No,Yes,Yes,Yes,No,No,No,No,Yes,Yes,No,No,No,No,5,MBA,"Seeking a AI Engineer to support Technology projects. Key skills include Python, Power BI, Excel, Tableau, AWS, Azure. Hybrid role with senior experience requirements.",1300000,6
JOB11704,Ai Engineer,Adobe,Mumbai,India,Mid Level,Full Time,Hybrid,870000,1210000,INR,2025-02-25,Finance,1000+,No,Yes,No,Yes,No,No,Yes,No,No,No,No,No,Yes,No,Yes,5,MBA,"Seeking a AI Engineer to support Finance projects. Key skills include SQL, Excel, Deep Learning, Statistics, Generative AI. Hybrid role with mid level experience requirements.",1040000,5
JOB10750,Data Engineer,Capgemini,Hyderabad,Canada,Senior,Full Time,Hybrid,850000,1150000,INR,2025-08-08,IT Services,1000+,Yes,Yes,Yes,No,No,Yes,Yes,No,Yes,Yes,No,No,Yes,No,No,10,Bachelor's,"Seeking a Data Engineer to support IT Services projects. Key skills include Python, SQL, Power BI, Machine Learning, Deep Learning, PyTorch, AWS. Hybrid role with senior experience requirements.",1000000,8
JOB10756,Ml Engineer,Wipro,Bangalore,India,Entry Level,Contract,Hybrid,890000,1230000,INR,2025-02-06,Technology,1000+,Yes,No,No,Yes,No,Yes,No,No,No,No,No,No,No,No,No,0,Master's,"Seeking a ML Engineer to support Technology projects. Key skills include Python, Excel, Machine Learning. Hybrid role with entry level experience requirements.",1060000,3
JOB11049,Business Analyst,Oracle,Delhi,India,Entry Level,Full Time,Hybrid,430000,570000,INR,2026-04-12,Technology,1000+,Yes,Yes,Yes,Yes,Yes,Yes,No,Yes,No,No,Yes,No,No,No,No,1,Bachelor's,"Seeking a Business Analyst to support Technology projects. Key skills include Python, SQL, Power BI, Excel, Tableau, Machine Learning, TensorFlow. Hybrid role with entry level experience requirements.",500000,8
JOB10812,Ml Engineer,JPMorgan Chase,Chennai,India,Entry Level,Full Time,On-site,840000,1050000,USD,2026-03-05,Technology,1000+,Yes,No,Yes,No,No,No,Yes,No,No,No,No,No,Yes,No,Yes,2,PhD,"Seeking a ML Engineer to support Technology projects. Key skills include Python, Power BI, Deep Learning, Statistics, Generative AI. On-site role with entry level experience requirements.",945000,5
JOB10662,Nlp Engineer,LTIMindtree,Hyderabad,Australia,Mid Level,Full Time,On-site,840000,1250000,USD,2025-01-18,Education,1-50,Yes,Yes,Yes,Yes,Yes,No,Yes,No,No,Yes,No,No,Yes,No,No,5,Bachelor's,"Seeking a NLP Engineer to support Education projects. Key skills include Python, SQL, Power BI, Excel, Tableau, Deep Learning, AWS. On-site role with mid level experience requirements.",1045000,8
JOB11558,Machine Learning Engineer,Adobe,Mumbai,India,Entry Level,Full Time,On-site,690000,970000,AUD,2025-02-06,Consulting,501-1000,Yes,Yes,No,Yes,No,Yes,Yes,Yes,No,No,No,No,No,No,No,2,Master's,"Seeking a Machine Learning Engineer to support Consulting projects. Key skills include Python, SQL, Excel, Machine Learning, Deep Learning, TensorFlow. On-site role with entry level experience requirements.",830000,6
JOB11841,Machine Learning Engineer,NVIDIA,Delhi,India,Mid Level,Full Time,On-site,1010000,1350000,INR,2025-11-07,Manufacturing,Unknown,Yes,Yes,Yes,Yes,No,No,No,No,Yes,No,No,No,No,No,No,2,Bachelor's,"Seeking a Machine Learning Engineer to support Manufacturing projects. Key skills include Python, SQL, Power BI, Excel, PyTorch. On-site role with mid level experience requirements.",1180000,5
JOB11107,Machine Learning Engineer,Persistent Systems,Bangalore,Singapore,Mid Level,Contract,Hybrid,800000,1120000,INR,2026-04-25,IT Services,501-1000,Yes,Yes,No,No,No,Yes,Yes,Yes,Yes,Yes,Yes,No,Yes,Yes,No,5,Master's,"Seeking a Machine Learning Engineer to support IT Services projects. Key skills include Python, SQL, Machine Learning, Deep Learning, TensorFlow, PyTorch, AWS. Hybrid role with mid level experience requirements.",960000,10
JOB10256,Ai Engineer,JPMorgan Chase,Chennai,India,Mid Level,Full Time,Remote,950000,1270000,INR,2026-06-01,IT Services,1000+,Yes,Yes,Yes,No,No,Yes,No,No,No,Yes,No,No,Yes,No,Yes,3,PhD,"Seeking a AI Engineer to support IT Services projects. Key skills include Python, SQL, Power BI, Machine Learning, AWS, Statistics, Generative AI. Remote role with mid level experience requirements.",1110000,7
JOB10935,Data Analyst,Cognizant,Delhi,India,Entry Level,Full Time,Remote,490000,700000,USD,2026-03-21,Finance,1000+,Yes,Yes,Yes,Yes,No,No,No,No,No,No,No,No,No,No,No,2,Bachelor's,"Seeking a Data Analyst to support Finance projects. Key skills include Python, SQL, Power BI, Excel. Remote role with entry level experience requirements.",595000,4
JOB10870,Ai/Ml Intern,Oracle,Bangalore,India,Senior,Full Time,Remote,270000,390000,INR,2025-05-11,E-commerce,51-200,Yes,No,No,Yes,Yes,Yes,Yes,No,No,Yes,No,No,Yes,No,No,10,Bachelor's,"Seeking a AI/ML Intern to support E-commerce projects. Key skills include Python, Excel, Tableau, Machine Learning, Deep Learning, AWS, Statistics. Remote role with senior experience requirements.",330000,7
JOB11858,Machine Learning Engineer,Amazon,Noida,Singapore,Lead,Contract,On-site,1170000,1610000,USD,2025-11-24,IT Services,1000+,Yes,Yes,Yes,No,No,No,No,No,No,No,No,No,No,No,No,15,Bachelor's,"Seeking a Machine Learning Engineer to support IT Services projects. Key skills include Python, SQL, Power BI. On-site role with lead experience requirements.",1390000,3
JOB10893,Ml Engineer,Bosch,Delhi,India,Mid Level,Internship,On-site,760000,1060000,INR,2025-04-15,Finance,201-500,Yes,No,No,Yes,No,Yes,No,Yes,No,No,No,No,No,No,No,5,Master's,"Seeking a ML Engineer to support Finance projects. Key skills include Python, Excel, Machine Learning, TensorFlow. On-site role with mid level experience requirements.",910000,4
JOB10874,Machine Learning Engineer,Google,Gurgaon,India,Entry Level,Full Time,Hybrid,750000,960000,INR,2025-04-21,Healthcare,51-200,Yes,No,Yes,No,No,Yes,Yes,Yes,Yes,No,Yes,No,Yes,No,No,1,Bachelor's,"Seeking a Machine Learning Engineer to support Healthcare projects. Key skills include Python, Power BI, Machine Learning, Deep Learning, TensorFlow, PyTorch, Azure. Hybrid role with entry level experience requirements.",855000,8
JOB10614,Data Analyst,Microsoft,Ahmedabad,India,Senior,Full Time,On-site,610000,720000,INR,2025-12-28,Telecommunications,51-200,No,Yes,Yes,Yes,Yes,No,No,Yes,No,Yes,Yes,No,Yes,No,No,5,Bachelor's,"Seeking a Data Analyst to support Telecommunications projects. Key skills include SQL, Power BI, Excel, Tableau, TensorFlow, AWS, Azure. On-site role with senior experience requirements.",665000,8
JOB11404,Bi Analyst,Bosch,Kolkata,Canada,Mid Level,Full Time,Hybrid,690000,890000,INR,2025-12-25,Technology,201-500,Yes,Yes,No,No,No,No,No,No,No,No,No,No,Yes,No,No,3,Bachelor's,"Seeking a BI Analyst to support Technology projects. Key skills include Python, SQL, Statistics. Hybrid role with mid level experience requirements.",790000,3
JOB11101,Data Analyst,Bosch,Bangalore,Germany,Mid Level,Full Time,On-site,570000,750000,USD,2026-03-01,Consulting,201-500,Yes,Yes,Yes,Yes,No,No,No,No,No,No,No,No,Yes,Yes,No,3,Master's,"Seeking a Data Analyst to support Consulting projects. Key skills include Python, SQL, Power BI, Excel, Statistics, NLP. On-site role with mid level experience requirements.",660000,6
JOB10389,Bi Analyst,Amazon,Mumbai,India,Entry Level,Full Time,Remote,410000,650000,AUD,2026-05-01,Consulting,201-500,Yes,Yes,Yes,Yes,No,Yes,No,No,No,Yes,No,No,No,No,No,2,Bachelor's,"Seeking a BI Analyst to support Consulting projects. Key skills include Python, SQL, Power BI, Excel, Machine Learning, AWS. Remote role with entry level experience requirements.",530000,6
JOB10937,Data Analyst,SAP,Bangalore,India,Mid Level,Full Time,On-site,580000,730000,INR,2025-09-08,Telecommunications,1000+,Yes,Yes,No,No,Yes,No,No,Yes,No,No,No,Yes,Yes,No,No,2,Bachelor's,"Seeking a Data Analyst to support Telecommunications projects. Key skills include Python, SQL, Tableau, TensorFlow, GCP, Statistics. On-site role with mid level experience requirements.",655000,6
JOB10407,Machine Learning Engineer,JPMorgan Chase,Noida,India,Entry Level,Full Time,Hybrid,710000,1040000,INR,2026-02-11,Finance,1000+,Yes,No,No,Yes,No,Yes,No,Yes,Yes,No,No,Yes,Yes,No,No,0,Master's,"Seeking a Machine Learning Engineer to support Finance projects. Key skills include Python, Excel, Machine Learning, TensorFlow, PyTorch, GCP, Statistics. Hybrid role with entry level experience requirements.",875000,7
JOB11316,Data Engineer,JPMorgan Chase,Bangalore,India,Senior,Contract,Hybrid,980000,1220000,INR,2025-11-24,Technology,201-500,Yes,Yes,No,No,No,Yes,Yes,No,No,Yes,Yes,No,No,No,No,6,Master's,"Seeking a Data Engineer to support Technology projects. Key skills include Python, SQL, Machine Learning, Deep Learning, AWS, Azure. Hybrid role with senior experience requirements.",1100000,6
JOB10795,Data Analyst,Persistent Systems,Bangalore,India,Mid Level,Full Time,On-site,470000,590000,INR,2025-10-16,Education,1-50,Yes,Yes,Yes,Yes,No,Yes,No,No,Yes,No,No,Yes,No,No,No,3,Bachelor's,"Seeking a Data Analyst to support Education projects. Key skills include Python, SQL, Power BI, Excel, Machine Learning, PyTorch, GCP. On-site role with mid level experience requirements.",530000,7
JOB10716,Ai/Ml Intern,Oracle,Mumbai,Germany,Mid Level,Full Time,On-site,340000,400000,USD,2025-04-14,IT Services,201-500,Yes,No,Yes,No,Yes,No,Yes,No,No,No,No,No,Yes,No,Yes,2,MBA,"Seeking a AI/ML Intern to support IT Services projects. Key skills include Python, Power BI, Tableau, Deep Learning, Statistics, Generative AI. On-site role with mid level experience requirements.",370000,6
JOB11135,Bi Analyst,IBM,Ahmedabad,India,Entry Level,Full Time,On-site,530000,760000,EUR,2025-02-21,Technology,51-200,Yes,Yes,No,Yes,No,Yes,No,No,No,No,No,No,Yes,Yes,No,1,MBA,"Seeking a BI Analyst to support Technology projects. Key skills include Python, SQL, Excel, Machine Learning, Statistics, NLP. On-site role with entry level experience requirements.",645000,6
JOB11649,Ml Engineer,Persistent Systems,Remote,Germany,Mid Level,Full Time,Remote,890000,1280000,SGD,2025-08-29,E-commerce,1000+,Yes,Yes,Yes,No,No,Yes,Yes,Yes,No,No,No,Yes,No,No,No,5,Bachelor's,"Seeking a ML Engineer to support E-commerce projects. Key skills include Python, SQL, Power BI, Machine Learning, Deep Learning, TensorFlow, GCP. Remote role with mid level experience requirements.",1085000,7
JOB11024,Nlp Engineer,SAP,Hyderabad,Canada,Senior,Part Time,Remote,1340000,1580000,INR,2026-04-07,Consulting,201-500,Yes,No,Yes,Yes,No,No,No,No,No,No,No,No,Yes,Yes,No,10,Master's,"Seeking a NLP Engineer to support Consulting projects. Key skills include Python, Power BI, Excel, Statistics, NLP. Remote role with senior experience requirements.",1460000,5
JOB11056,Data Scientist,HCLTech,Remote,India,Senior,Full Time,On-site,1260000,1540000,USD,2025-06-29,IT Services,1-50,Yes,No,Yes,Yes,No,No,No,Yes,No,No,No,Yes,Yes,No,No,7,Bachelor's,"Seeking a Data Scientist to support IT Services projects. Key skills include Python, Power BI, Excel, TensorFlow, GCP, Statistics. On-site role with senior experience requirements.",1400000,6
JOB11797,Bi Analyst,Tech Mahindra,Ahmedabad,India,Entry Level,Full Time,Remote,560000,760000,INR,2026-03-08,Technology,1000+,Yes,Yes,No,Yes,No,No,No,No,No,Yes,No,Yes,No,No,No,2,Bachelor's,"Seeking a BI Analyst to support Technology projects. Key skills include Python, SQL, Excel, AWS, GCP. Remote role with entry level experience requirements.",660000,5
JOB10247,Machine Learning Engineer,Google,Bangalore,India,Senior,Full Time,Hybrid,1110000,1350000,INR,2025-11-02,IT Services,501-1000,Yes,No,Yes,Yes,No,Yes,No,No,Yes,No,No,No,No,No,Yes,7,PhD,"Seeking a Machine Learning Engineer to support IT Services projects. Key skills include Python, Power BI, Excel, Machine Learning, PyTorch, Generative AI. Hybrid role with senior experience requirements.",1230000,6
JOB10146,Data Analyst,Accenture,Gurgaon,India,Entry Level,Full Time,On-site,430000,650000,EUR,2025-08-30,Telecommunications,201-500,Yes,Yes,No,No,No,No,No,No,No,No,Yes,No,No,No,No,1,Bachelor's,"Seeking a Data Analyst to support Telecommunications projects. Key skills include Python, SQL, Azure. On-site role with entry level experience requirements.",540000,3
JOB11874,Ml Engineer,SAP,Kolkata,India,Mid Level,Full Time,Hybrid,1110000,1330000,INR,2026-08-05,Education,1000+,Yes,No,Yes,Yes,No,No,Yes,No,No,Yes,No,No,Yes,No,No,2,Bachelor's,"Seeking a ML Engineer to support Education projects. Key skills include Python, Power BI, Excel, Deep Learning, AWS, Statistics. Hybrid role with mid level experience requirements.",1220000,6
JOB11153,Bi Analyst,Amazon,Pune,India,Entry Level,Full Time,Hybrid,470000,640000,EUR,2025-08-27,IT Services,501-1000,No,Yes,Yes,Yes,Yes,No,No,No,No,No,No,No,No,No,No,1,Bachelor's,"Seeking a BI Analyst to support IT Services projects. Key skills include SQL, Power BI, Excel, Tableau. Hybrid role with entry level experience requirements.",555000,4
JOB11846,Data Scientist,Adobe,Mumbai,India,Lead,Full Time,Hybrid,1370000,1720000,GBP,2026-06-16,Manufacturing,201-500,Yes,Yes,No,Yes,No,No,No,No,Yes,Yes,No,No,No,Yes,No,15,Bachelor's,"Seeking a Data Scientist to support Manufacturing projects. Key skills include Python, SQL, Excel, PyTorch, AWS, NLP. Hybrid role with lead experience requirements.",1545000,6
JOB10623,Machine Learning Engineer,Bosch,Chennai,India,Mid Level,Full Time,On-site,960000,1180000,INR,2026-02-10,Finance,201-500,Yes,Yes,No,No,No,Yes,No,Yes,No,No,No,No,Yes,No,No,2,Bachelor's,"Seeking a Machine Learning Engineer to support Finance projects. Key skills include Python, SQL, Machine Learning, TensorFlow, Statistics. On-site role with mid level experience requirements.",1070000,5
JOB11977,Data Scientist,TCS,Mumbai,India,Entry Level,Full Time,Hybrid,770000,1020000,INR,2026-01-13,Consulting,1000+,Yes,Yes,No,Yes,No,No,No,No,No,No,No,No,Yes,No,No,0,Diploma,"Seeking a Data Scientist to support Consulting projects. Key skills include Python, SQL, Excel, Statistics. Hybrid role with entry level experience requirements.",895000,4
JOB10461,Data Analyst,Oracle,Mumbai,India,Entry Level,Full Time,On-site,400000,530000,INR,2025-08-10,Telecommunications,1000+,Yes,Yes,Yes,Yes,No,No,Yes,No,No,No,No,No,Yes,No,No,1,Bachelor's,"Seeking a Data Analyst to support Telecommunications projects. Key skills include Python, SQL, Power BI, Excel, Deep Learning, Statistics. On-site role with entry level experience requirements.",465000,6
JOB10487,Data Analyst,Genpact,Pune,India,Senior,Full Time,Remote,740000,870000,INR,2025-11-14,Technology,51-200,No,Yes,Yes,Yes,Yes,No,No,Yes,No,No,No,Yes,Yes,No,No,10,Bachelor's,"Seeking a Data Analyst to support Technology projects. Key skills include SQL, Power BI, Excel, Tableau, TensorFlow, GCP, Statistics. Remote role with senior experience requirements.",805000,7
JOB11911,Data Scientist,SAP,Bangalore,USA,Entry Level,Full Time,On-site,590000,820000,INR,2026-02-03,Consulting,501-1000,Yes,No,No,Yes,No,Yes,No,No,No,Yes,No,No,No,No,No,0,PhD,"Seeking a Data Scientist to support Consulting projects. Key skills include Python, Excel, Machine Learning, AWS. On-site role with entry level experience requirements.",705000,4
JOB10091,Data Analyst,Adobe,Gurgaon,India,Mid Level,Full Time,Hybrid,450000,600000,USD,2025-11-12,IT Services,51-200,No,Yes,Yes,Yes,No,Yes,No,Yes,No,No,Yes,Yes,Yes,No,No,4,PhD,"Seeking a Data Analyst to support IT Services projects. Key skills include SQL, Power BI, Excel, Machine Learning, TensorFlow, Azure, GCP. Hybrid role with mid level experience requirements.",525000,8
JOB11230,Machine Learning Engineer,Infosys,Mumbai,India,Mid Level,Full Time,On-site,1170000,1580000,INR,2025-07-07,Manufacturing,1000+,Yes,Yes,No,Yes,No,Yes,Yes,Yes,No,No,No,No,Yes,No,No,4,Bachelor's,"Seeking a Machine Learning Engineer to support Manufacturing projects. Key skills include Python, SQL, Excel, Machine Learning, Deep Learning, TensorFlow, Statistics. On-site role with mid level experience requirements.",1375000,7
JOB10493,Data Scientist,Wipro,Mumbai,Canada,Mid Level,Contract,Hybrid,760000,1110000,INR,2026-01-15,Consulting,51-200,Yes,Yes,No,Yes,No,Yes,No,No,Yes,Yes,No,No,Yes,No,No,2,Bachelor's,"Seeking a Data Scientist to support Consulting projects. Key skills include Python, SQL, Excel, Machine Learning, PyTorch, AWS, Statistics. Hybrid role with mid level experience requirements.",935000,7
JOB10171,Data Engineer,Google,Hyderabad,India,Entry Level,Full Time,On-site,650000,960000,INR,2026-02-25,Telecommunications,501-1000,Yes,Yes,No,Yes,No,Yes,Yes,No,No,No,Yes,No,Yes,Yes,Yes,1,MBA,"Seeking a Data Engineer to support Telecommunications projects. Key skills include Python, SQL, Excel, Machine Learning, Deep Learning, Azure, Statistics. On-site role with entry level experience requirements.",805000,9
JOB11646,Bi Analyst,Wipro,Pune,Germany,Senior,Full Time,Hybrid,790000,940000,INR,2025-12-09,IT Services,201-500,Yes,No,Yes,Yes,No,No,No,No,No,No,No,No,Yes,No,No,6,Master's,"Seeking a BI Analyst to support IT Services projects. Key skills include Python, Power BI, Excel, Statistics. Hybrid role with senior experience requirements.",865000,4
JOB10057,Data Analyst,Walmart Global Tech,Bangalore,India,Entry Level,Full Time,Remote,410000,520000,INR,2025-12-04,IT Services,1000+,Yes,No,Yes,Yes,No,No,No,Yes,No,No,Yes,No,No,No,Yes,1,Master's,"Seeking a Data Analyst to support IT Services projects. Key skills include Python, Power BI, Excel, TensorFlow, Azure, Generative AI. Remote role with entry level experience requirements.",465000,6
JOB10405,Data Scientist,Infosys,Bangalore,India,Senior,Internship,On-site,1290000,1530000,INR,2025-11-09,IT Services,201-500,Yes,No,No,Yes,No,Yes,No,No,No,No,No,No,Yes,No,No,8,Master's,"Seeking a Data Scientist to support IT Services projects. Key skills include Python, Excel, Machine Learning, Statistics. On-site role with senior experience requirements.",1410000,4
JOB11266,Data Analyst,Google,Delhi,Canada,Senior,Full Time,Hybrid,750000,890000,INR,2025-06-01,Technology,201-500,Yes,Yes,No,Yes,Yes,Yes,No,No,No,No,No,No,Yes,No,No,5,MBA,"Seeking a Data Analyst to support Technology projects. Key skills include Python, SQL, Excel, Tableau, Machine Learning, Statistics. Hybrid role with senior experience requirements.",820000,6
JOB10600,Data Analyst,Cognizant,Hyderabad,India,Entry Level,Full Time,On-site,440000,570000,INR,2026-05-28,IT Services,1-50,No,Yes,Yes,Yes,Yes,No,No,No,No,No,Yes,No,Yes,No,No,0,Diploma,"Seeking a Data Analyst to support IT Services projects. Key skills include SQL, Power BI, Excel, Tableau, Azure, Statistics. On-site role with entry level experience requirements.",505000,6
JOB11016,Ai/Ml Intern,JPMorgan Chase,Delhi,India,Entry Level,Full Time,On-site,210000,310000,INR,2026-04-28,Manufacturing,501-1000,Yes,Yes,No,Yes,Yes,No,No,No,Yes,Yes,No,No,Yes,No,No,1,Diploma,"Seeking a AI/ML Intern to support Manufacturing projects. Key skills include Python, SQL, Excel, Tableau, PyTorch, AWS, Statistics. On-site role with entry level experience requirements.",260000,7
JOB11371,Nlp Engineer,Oracle,Noida,India,Entry Level,Full Time,Hybrid,870000,1220000,INR,2025-02-15,Consulting,1000+,Yes,Yes,Yes,No,Yes,No,Yes,No,No,No,No,No,Yes,Yes,No,0,Bachelor's,"Seeking a NLP Engineer to support Consulting projects. Key skills include Python, SQL, Power BI, Tableau, Deep Learning, Statistics, NLP. Hybrid role with entry level experience requirements.",1045000,7
JOB10098,Machine Learning Engineer,LTIMindtree,Gurgaon,India,Senior,Full Time,Remote,1480000,1750000,INR,2026-06-06,Finance,201-500,Yes,Yes,No,Yes,No,Yes,No,No,Yes,Yes,Yes,Yes,Yes,Yes,Yes,7,Unknown,"Seeking a Machine Learning Engineer to support Finance projects. Key skills include Python, SQL, Excel, Machine Learning, PyTorch, AWS, Azure. Remote role with senior experience requirements.",1615000,11
JOB10827,Data Scientist,NVIDIA,Hyderabad,India,Mid Level,Full Time,Hybrid,790000,990000,SGD,2025-05-22,E-commerce,501-1000,Yes,Yes,Yes,Yes,No,Yes,No,No,No,No,Yes,No,Yes,Yes,No,3,Bachelor's,"Seeking a Data Scientist to support E-commerce projects. Key skills include Python, SQL, Power BI, Excel, Machine Learning, Azure, Statistics. Hybrid role with mid level experience requirements.",890000,8
JOB11141,Ml Engineer,Wipro,Gurgaon,Canada,Mid Level,Full Time,On-site,1160000,1360000,INR,2025-05-13,Healthcare,1000+,Yes,Yes,Yes,Yes,Yes,Yes,No,No,Yes,No,Yes,No,No,No,No,5,Diploma,"Seeking a ML Engineer to support Healthcare projects. Key skills include Python, SQL, Power BI, Excel, Tableau, Machine Learning, PyTorch. On-site role with mid level experience requirements.",1260000,8
JOB11226,Data Engineer,SAP,Bangalore,India,Mid Level,Full Time,Hybrid,910000,1130000,INR,2025-01-26,IT Services,51-200,Yes,Yes,Yes,Yes,No,Yes,No,No,No,Yes,Yes,No,No,No,No,4,Bachelor's,"Seeking a Data Engineer to support IT Services projects. Key skills include Python, SQL, Power BI, Excel, Machine Learning, AWS, Azure. Hybrid role with mid level experience requirements.",1020000,7
JOB11908,Machine Learning Engineer,ACCENTURE,Ahmedabad,India,Entry Level,Full Time,Hybrid,940000,1260000,INR,2026-07-13,Technology,1000+,Yes,Yes,No,Yes,No,Yes,Yes,Yes,Yes,No,Yes,No,Yes,No,No,1,Bachelor's,"Seeking a Machine Learning Engineer to support Technology projects. Key skills include Python, SQL, Excel, Machine Learning, Deep Learning, TensorFlow, PyTorch. Hybrid role with entry level experience requirements.",1100000,9
JOB10480,Ai Engineer,JPMorgan Chase,Kolkata,USA,Mid Level,Full Time,Remote,1140000,1400000,INR,2025-09-28,IT Services,1000+,No,No,No,Yes,No,Yes,No,No,No,Yes,No,No,No,No,No,2,Bachelor's,"Seeking a AI Engineer to support IT Services projects. Key skills include Excel, Machine Learning, AWS. Remote role with mid level experience requirements.",1270000,3
JOB10324,Data Scientist,Deloitte,Gurgaon,India,Lead,Full Time,Hybrid,1410000,1610000,INR,2025-06-05,IT Services,201-500,Yes,No,No,Yes,Yes,Yes,No,No,No,Yes,No,No,Yes,No,No,14,Master's,"Seeking a Data Scientist to support IT Services projects. Key skills include Python, Excel, Tableau, Machine Learning, AWS, Statistics. Hybrid role with lead experience requirements.",1510000,6
JOB11218,Bi Analyst,SAP,Delhi,India,Entry Level,Full Time,Hybrid,490000,620000,INR,2026-02-13,IT Services,201-500,No,Yes,Yes,Yes,No,Yes,No,Yes,No,Yes,No,Yes,No,Yes,No,1,Bachelor's,"Seeking a BI Analyst to support IT Services projects. Key skills include SQL, Power BI, Excel, Machine Learning, TensorFlow, AWS, GCP. Hybrid role with entry level experience requirements.",555000,8
JOB11468,Machine Learning Engineer,JPMorgan Chase,Delhi,Germany,Mid Level,Full Time,Hybrid,930000,1360000,INR,2026-03-21,IT Services,501-1000,No,No,Yes,Yes,No,No,No,No,No,Yes,No,No,No,No,No,5,Bachelor's,"Seeking a Machine Learning Engineer to support IT Services projects. Key skills include Power BI, Excel, AWS. Hybrid role with mid level experience requirements.",1145000,3
JOB11807,Data Engineer,Accenture,Mumbai,India,Senior,Full Time,Remote,910000,1230000,INR,2025-10-30,Technology,1000+,Yes,Yes,Yes,Yes,Yes,No,No,No,No,No,No,No,Yes,No,No,9,Bachelor's,"Seeking a Data Engineer to support Technology projects. Key skills include Python, SQL, Power BI, Excel, Tableau, Statistics. Remote role with senior experience requirements.",1070000,6
JOB11479,Ml Engineer,Capgemini,Pune,India,Mid Level,Full Time,On-site,900000,1180000,CAD,2025-11-06,Technology,1000+,Yes,Yes,No,No,Yes,Yes,No,No,Yes,Yes,No,No,Yes,Yes,No,2,Bachelor's,"Seeking a ML Engineer to support Technology projects. Key skills include Python, SQL, Tableau, Machine Learning, PyTorch, AWS, Statistics. On-site role with mid level experience requirements.",1040000,8
JOB11553,Ml Engineer,Infosys,Delhi,India,Senior,Full Time,Remote,1010000,1330000,INR,2025-07-10,IT Services,501-1000,Yes,No,Yes,Yes,Yes,Yes,Yes,No,No,Yes,No,No,Yes,No,No,6,Master's,"Seeking a ML Engineer to support IT Services projects. Key skills include Python, Power BI, Excel, Tableau, Machine Learning, Deep Learning, AWS. Remote role with senior experience requirements.",1170000,8
JOB11796,Data Analyst,SAP,Pune,India,Mid Level,Full Time,Hybrid,510000,720000,INR,2025-06-28,Healthcare,1000+,Yes,Yes,Yes,Yes,No,No,No,Yes,No,No,No,No,No,No,No,2,Bachelor's,"Seeking a Data Analyst to support Healthcare projects. Key skills include Python, SQL, Power BI, Excel, TensorFlow. Hybrid role with mid level experience requirements.",615000,5
JOB11575,Data Analyst,Bosch,Ahmedabad,India,Senior,Full Time,Remote,660000,770000,GBP,2026-02-13,IT Services,1000+,Yes,Yes,Yes,Yes,No,Yes,No,No,No,No,No,No,Yes,No,Yes,7,Master's,"Seeking a Data Analyst to support IT Services projects. Key skills include Python, SQL, Power BI, Excel, Machine Learning, Statistics, Generative AI. Remote role with senior experience requirements.",715000,7
JOB10099,Data Analyst,TCS,Hyderabad,India,Mid Level,Full Time,Remote,460000,610000,INR,2025-06-21,Manufacturing,51-200,No,Yes,No,No,Yes,No,No,No,No,No,No,No,Yes,No,No,5,Bachelor's,"Seeking a Data Analyst to support Manufacturing projects. Key skills include SQL, Tableau, Statistics. Remote role with mid level experience requirements.",535000,3
JOB10425,Data Analyst,TCS,Remote,India,Mid Level,Full Time,Hybrid,610000,800000,INR,2025-03-10,Telecommunications,1000+,Yes,Yes,Yes,Yes,No,No,No,Yes,No,No,Yes,No,No,No,Yes,3,Bachelor's,"Seeking a Data Analyst to support Telecommunications projects. Key skills include Python, SQL, Power BI, Excel, TensorFlow, Azure, Generative AI. Hybrid role with mid level experience requirements.",705000,7
JOB10297,Bi Analyst,TCS,Chennai,UK,Senior,Full Time,On-site,700000,930000,INR,2025-12-07,Telecommunications,51-200,Yes,Yes,Yes,No,Yes,Yes,No,No,No,No,No,No,No,No,No,5,Master's,"Seeking a BI Analyst to support Telecommunications projects. Key skills include Python, SQL, Power BI, Tableau, Machine Learning. On-site role with senior experience requirements.",815000,5
JOB10738,Ml Engineer,JPMorgan Chase,Bangalore,India,Entry Level,Full Time,Remote,900000,1260000,INR,2026-03-16,Education,201-500,Yes,Yes,Yes,No,No,No,No,No,Yes,No,No,No,No,No,No,1,Bachelor's,"Seeking a ML Engineer to support Education projects. Key skills include Python, SQL, Power BI, PyTorch. Remote role with entry level experience requirements.",1080000,4
JOB11896,Bi Analyst,Accenture,Bangalore,India,Entry Level,Full Time,On-site,440000,670000,INR,2025-11-16,Technology,1000+,No,Yes,Yes,Yes,No,No,No,No,No,No,No,No,Yes,No,No,1,Bachelor's,"Seeking a BI Analyst to support Technology projects. Key skills include SQL, Power BI, Excel, Statistics. On-site role with entry level experience requirements.",555000,4
JOB10903,Data Analyst,Oracle,Kolkata,India,Mid Level,Full Time,Hybrid,580000,770000,INR,2025-09-14,Telecommunications,1000+,Yes,Yes,Yes,Yes,No,No,No,No,No,Yes,No,No,Yes,No,No,5,MBA,"Seeking a Data Analyst to support Telecommunications projects. Key skills include Python, SQL, Power BI, Excel, AWS, Statistics. Hybrid role with mid level experience requirements.",675000,6
JOB10602,Data Scientist,Amazon,Noida,UK,Senior,Full Time,Hybrid,1110000,1330000,INR,2025-05-29,Manufacturing,501-1000,Yes,Yes,No,Yes,No,No,No,No,No,Yes,No,Yes,No,No,Yes,10,Bachelor's,"Seeking a Data Scientist to support Manufacturing projects. Key skills include Python, SQL, Excel, AWS, GCP, Generative AI. Hybrid role with senior experience requirements.",1220000,6
JOB11000,Machine Learning Engineer,Cognizant,Remote,Germany,Entry Level,Full Time,On-site,890000,1140000,GBP,2026-04-08,IT Services,1000+,Yes,No,No,Yes,No,No,Yes,No,Yes,No,Yes,No,No,No,No,1,Bachelor's,"Seeking a Machine Learning Engineer to support IT Services projects. Key skills include Python, Excel, Deep Learning, PyTorch, Azure. On-site role with entry level experience requirements.",1015000,5
JOB11816,Nlp Engineer,IBM,Bangalore,India,Lead,Full Time,Remote,1190000,1410000,CAD,2025-03-02,Technology,51-200,Yes,Yes,Yes,Yes,No,No,No,No,Yes,Yes,No,No,Yes,No,Yes,14,MBA,"Seeking a NLP Engineer to support Technology projects. Key skills include Python, SQL, Power BI, Excel, PyTorch, AWS, Statistics. Remote role with lead experience requirements.",1300000,8
JOB10396,Ai/Ml Intern,Amazon,Bangalore,UK,Mid Level,Full Time,Remote,210000,290000,INR,2025-12-23,IT Services,1-50,Yes,No,No,Yes,No,Yes,No,No,No,No,No,No,Yes,No,No,3,Bachelor's,"Seeking a AI/ML Intern to support IT Services projects. Key skills include Python, Excel, Machine Learning, Statistics. Remote role with mid level experience requirements.",250000,4
JOB10427,Machine Learning Engineer,JPMORGAN CHASE,Ahmedabad,Australia,Mid Level,Full Time,Remote,1090000,1300000,INR,2025-06-02,Technology,501-1000,Yes,Yes,No,No,No,Yes,Yes,No,Yes,Yes,No,Yes,Yes,No,No,4,Master's,"Seeking a Machine Learning Engineer to support Technology projects. Key skills include Python, SQL, Machine Learning, Deep Learning, PyTorch, AWS, GCP. Remote role with mid level experience requirements.",1195000,8
JOB11812,Bi Analyst,Google,Hyderabad,India,Senior,Full Time,Hybrid,870000,1030000,EUR,2025-01-16,Technology,1000+,Yes,Yes,No,Yes,No,No,No,No,No,No,No,No,No,No,No,5,Master's,"Seeking a BI Analyst to support Technology projects. Key skills include Python, SQL, Excel. Hybrid role with senior experience requirements.",950000,3
JOB11584,Ai Engineer,Siemens,Hyderabad,India,Entry Level,Full Time,On-site,680000,1040000,INR,2026-01-20,Manufacturing,1000+,Yes,Yes,No,No,Yes,No,Yes,No,No,No,No,No,No,No,Yes,0,Master's,"Seeking a AI Engineer to support Manufacturing projects. Key skills include Python, SQL, Tableau, Deep Learning, Generative AI. On-site role with entry level experience requirements.",860000,5
JOB11550,Data Engineer,NVIDIA,Hyderabad,India,Lead,Full Time,Hybrid,970000,1190000,INR,2026-07-06,Technology,501-1000,Yes,Yes,No,Yes,Yes,No,No,No,No,No,No,No,No,No,No,15,Bachelor's,"Seeking a Data Engineer to support Technology projects. Key skills include Python, SQL, Excel, Tableau. Hybrid role with lead experience requirements.",1080000,4
JOB11556,Data Analyst,Microsoft,Bangalore,India,Mid Level,Internship,On-site,550000,700000,INR,2025-03-02,E-commerce,1-50,Yes,Yes,Yes,Yes,No,No,Yes,No,No,No,No,No,Yes,No,No,2,Master's,"Seeking a Data Analyst to support E-commerce projects. Key skills include Python, SQL, Power BI, Excel, Deep Learning, Statistics. On-site role with mid level experience requirements.",625000,6
JOB11039,Data Analyst,DELOITTE,Hyderabad,India,Mid Level,Part Time,Hybrid,550000,690000,INR,2025-01-27,Technology,501-1000,Yes,Yes,No,Yes,Yes,No,Yes,No,No,Yes,No,Yes,No,No,Yes,5,Bachelor's,"Seeking a Data Analyst to support Technology projects. Key skills include Python, SQL, Excel, Tableau, Deep Learning, AWS, GCP. Hybrid role with mid level experience requirements.",620000,8
JOB10253,Business Analyst,NVIDIA,Bangalore,India,Mid Level,Full Time,Hybrid,470000,660000,USD,2025-11-29,Finance,501-1000,No,Yes,Yes,No,No,No,No,No,Yes,Yes,Yes,Yes,Yes,No,No,2,Bachelor's,"Seeking a Business Analyst to support Finance projects. Key skills include SQL, Power BI, PyTorch, AWS, Azure, GCP, Statistics. Hybrid role with mid level experience requirements.",565000,7
JOB10239,Data Engineer,Cognizant,Pune,India,Senior,Full Time,On-site,1140000,1330000,INR,2026-01-08,Finance,201-500,Yes,Yes,No,Yes,No,No,No,No,No,Yes,No,No,No,No,No,6,Bachelor's,"Seeking a Data Engineer to support Finance projects. Key skills include Python, SQL, Excel, AWS. On-site role with senior experience requirements.",1235000,4
JOB11145,Data Scientist,Siemens,Pune,India,Senior,Full Time,On-site,880000,1090000,USD,2025-12-09,E-commerce,1000+,Yes,No,No,Yes,No,Yes,No,No,No,Yes,Yes,No,No,No,No,5,Bachelor's,"Seeking a Data Scientist to support E-commerce projects. Key skills include Python, Excel, Machine Learning, AWS, Azure. On-site role with senior experience requirements.",985000,5
JOB10845,Data Analyst,Oracle,Ahmedabad,India,Senior,Full Time,Hybrid,780000,990000,INR,2026-02-07,IT Services,1000+,Yes,Yes,No,Yes,No,No,No,No,No,No,No,No,Yes,No,No,5,Bachelor's,"Seeking a Data Analyst to support IT Services projects. Key skills include Python, SQL, Excel, Statistics. Hybrid role with senior experience requirements.",885000,4
JOB11310,Ml Engineer,Cognizant,Pune,Singapore,Senior,Part Time,Remote,1110000,1390000,INR,2025-04-25,Technology,501-1000,Yes,No,No,No,Yes,Yes,No,No,No,No,No,No,Yes,Yes,No,9,Master's,"Seeking a ML Engineer to support Technology projects. Key skills include Python, Tableau, Machine Learning, Statistics, NLP. Remote role with senior experience requirements.",1250000,5
JOB10846,Machine Learning Engineer,Infosys,Pune,Australia,Entry Level,Full Time,Remote,770000,1070000,INR,2025-12-17,Technology,201-500,Yes,Yes,No,Yes,No,No,Yes,No,No,No,No,No,No,No,No,0,PhD,"Seeking a Machine Learning Engineer to support Technology projects. Key skills include Python, SQL, Excel, Deep Learning. Remote role with entry level experience requirements.",920000,4
JOB11221,Ai/Ml Intern,Deloitte,Delhi,India,Mid Level,Full Time,On-site,240000,380000,INR,2025-11-29,Technology,201-500,Yes,Yes,Yes,Yes,No,No,No,No,Yes,Yes,Yes,No,No,No,Yes,4,Bachelor's,"Seeking a AI/ML Intern to support Technology projects. Key skills include Python, SQL, Power BI, Excel, PyTorch, AWS, Azure. On-site role with mid level experience requirements.",310000,8
JOB11370,Data Scientist,LTIMindtree,Pune,USA,Mid Level,Contract,Hybrid,870000,1090000,INR,2025-09-16,Consulting,201-500,Yes,Yes,No,Yes,Yes,No,No,No,No,No,No,No,Yes,No,No,2,Master's,"Seeking a Data Scientist to support Consulting projects. Key skills include Python, SQL, Excel, Tableau, Statistics. Hybrid role with mid level experience requirements.",980000,5
JOB10546,Data Scientist,TCS,Noida,India,Lead,Full Time,On-site,1470000,1680000,EUR,2026-06-21,Finance,1000+,Yes,Yes,Yes,No,No,Yes,No,No,No,Yes,Yes,No,Yes,No,Yes,9,Master's,"Seeking a Data Scientist to support Finance projects. Key skills include Python, SQL, Power BI, Machine Learning, AWS, Azure, Statistics. On-site role with lead experience requirements.",1575000,8
JOB10251,Data Scientist,HCLTech,Hyderabad,India,Mid Level,Internship,On-site,780000,1120000,INR,2025-11-03,Technology,201-500,Yes,No,No,No,No,Yes,No,Yes,No,No,No,Yes,Yes,No,No,4,Bachelor's,"Seeking a Data Scientist to support Technology projects. Key skills include Python, Machine Learning, TensorFlow, GCP, Statistics. On-site role with mid level experience requirements.",950000,5
JOB10740,Machine Learning Engineer,Walmart Global Tech,Pune,UK,Mid Level,Full Time,On-site,960000,1360000,INR,2025-12-22,Telecommunications,201-500,Yes,Yes,Yes,Yes,No,Yes,Yes,No,No,Yes,No,No,No,No,No,5,Diploma,"Seeking a Machine Learning Engineer to support Telecommunications projects. Key skills include Python, SQL, Power BI, Excel, Machine Learning, Deep Learning, AWS. On-site role with mid level experience requirements.",1160000,7
JOB10965,Data Scientist,Capgemini,Bangalore,India,Senior,Full Time,Hybrid,1030000,1280000,INR,2026-06-06,Telecommunications,51-200,Yes,No,No,No,Yes,Yes,No,No,No,No,No,Yes,No,No,No,9,Bachelor's,"Seeking a Data Scientist to support Telecommunications projects. Key skills include Python, Tableau, Machine Learning, GCP. Hybrid role with senior experience requirements.",1155000,4
JOB11670,Ml Engineer,Deloitte,Pune,Canada,Mid Level,Full Time,Hybrid,1060000,1360000,USD,2026-03-15,Technology,1-50,Yes,No,No,No,No,Yes,No,No,Yes,Yes,No,No,No,No,No,4,Bachelor's,"Seeking a ML Engineer to support Technology projects. Key skills include Python, Machine Learning, PyTorch, AWS. Hybrid role with mid level experience requirements.",1210000,4
JOB10199,Business Analyst,Adobe,Bangalore,India,Senior,Full Time,On-site,720000,920000,INR,2026-05-24,Technology,1-50,No,Yes,No,Yes,Yes,No,No,No,No,No,No,No,No,No,Yes,9,Master's,"Seeking a Business Analyst to support Technology projects. Key skills include SQL, Excel, Tableau, Generative AI. On-site role with senior experience requirements.",820000,4
JOB11437,Data Scientist,Persistent Systems,Noida,India,Entry Level,Full Time,Hybrid,680000,960000,INR,2025-05-21,IT Services,501-1000,Yes,Yes,No,No,No,Yes,No,No,Yes,Yes,No,No,No,No,No,1,Diploma,"Seeking a Data Scientist to support IT Services projects. Key skills include Python, SQL, Machine Learning, PyTorch, AWS. Hybrid role with entry level experience requirements.",820000,5
JOB11510,Bi Analyst,Genpact,Hyderabad,India,Senior,Full Time,Remote,660000,780000,INR,2026-02-16,Telecommunications,201-500,No,Yes,No,Yes,No,No,No,No,No,Yes,Yes,No,No,No,No,5,Bachelor's,"Seeking a BI Analyst to support Telecommunications projects. Key skills include SQL, Excel, AWS, Azure. Remote role with senior experience requirements.",720000,4
JOB11455,Data Analyst,Adobe,Ahmedabad,India,Mid Level,Full Time,Remote,460000,620000,USD,2025-08-09,Healthcare,1-50,Yes,Yes,No,Yes,Yes,Yes,No,No,No,No,No,No,No,No,No,5,Bachelor's,"Seeking a Data Analyst to support Healthcare projects. Key skills include Python, SQL, Excel, Tableau, Machine Learning. Remote role with mid level experience requirements.",540000,5
JOB10898,Business Analyst,TCS,Bangalore,India,Entry Level,Full Time,On-site,440000,670000,GBP,2026-07-25,IT Services,1000+,Yes,Yes,Yes,Yes,No,Yes,No,No,No,No,No,No,Yes,No,No,2,Bachelor's,"Seeking a Business Analyst to support IT Services projects. Key skills include Python, SQL, Power BI, Excel, Machine Learning, Statistics. On-site role with entry level experience requirements.",555000,6
JOB11782,Business Analyst,LTIMindtree,Bangalore,India,Mid Level,Contract,Hybrid,580000,800000,INR,2026-04-20,Manufacturing,1-50,Yes,Yes,Yes,Yes,No,Yes,Yes,No,No,No,Yes,No,Yes,Yes,No,3,Diploma,"Seeking a Business Analyst to support Manufacturing projects. Key skills include Python, SQL, Power BI, Excel, Machine Learning, Deep Learning, Azure. Hybrid role with mid level experience requirements.",690000,9
JOB11754,Data Scientist,Infosys,Mumbai,India,Mid Level,Full Time,On-site,980000,1220000,GBP,2025-06-28,Manufacturing,201-500,Yes,Yes,No,No,No,Yes,No,Yes,No,No,No,No,No,No,No,5,Master's,"Seeking a Data Scientist to support Manufacturing projects. Key skills include Python, SQL, Machine Learning, TensorFlow. On-site role with mid level experience requirements.",1100000,4
JOB11315,Machine Learning Engineer,Wipro,Pune,India,Senior,Full Time,On-site,1320000,1700000,INR,2026-08-08,Education,51-200,Yes,Yes,Yes,No,No,No,No,No,No,Yes,Yes,No,Yes,No,No,6,Master's,"Seeking a Machine Learning Engineer to support Education projects. Key skills include Python, SQL, Power BI, AWS, Azure, Statistics. On-site role with senior experience requirements.",1510000,6
JOB10990,Ml Engineer,Tech Mahindra,Kolkata,Canada,Entry Level,Full Time,On-site,730000,1020000,CAD,2026-04-19,Consulting,1000+,Yes,Yes,No,No,No,Yes,No,Yes,Yes,No,No,No,Yes,Yes,No,2,Bachelor's,"Seeking a ML Engineer to support Consulting projects. Key skills include Python, SQL, Machine Learning, TensorFlow, PyTorch, Statistics, NLP. On-site role with entry level experience requirements.",875000,7
JOB11041,Ai Engineer,JPMorgan Chase,Bangalore,India,Entry Level,Internship,On-site,730000,1130000,INR,2025-01-13,Healthcare,1-50,Yes,Yes,No,Yes,No,Yes,No,No,No,No,Yes,No,Yes,No,Yes,1,Bachelor's,"Seeking a AI Engineer to support Healthcare projects. Key skills include Python, SQL, Excel, Machine Learning, Azure, Statistics, Generative AI. On-site role with entry level experience requirements.",930000,7
JOB11183,Data Engineer,Oracle,Kolkata,Germany,Lead,Contract,On-site,1020000,1370000,INR,2026-06-15,IT Services,1-50,Yes,Yes,Yes,Yes,Yes,No,Yes,No,No,No,No,No,No,No,No,9,MBA,"Seeking a Data Engineer to support IT Services projects. Key skills include Python, SQL, Power BI, Excel, Tableau, Deep Learning. On-site role with lead experience requirements.",1195000,6
JOB10244,Machine Learning Engineer,Walmart Global Tech,Ahmedabad,USA,Senior,Full Time,Hybrid,1260000,1550000,INR,2025-10-26,Finance,1-50,Yes,No,No,No,No,Yes,Yes,No,Yes,Yes,No,No,Yes,No,No,7,Diploma,"Seeking a Machine Learning Engineer to support Finance projects. Key skills include Python, Machine Learning, Deep Learning, PyTorch, AWS, Statistics. Hybrid role with senior experience requirements.",1405000,6
JOB10067,Data Analyst,TCS,Delhi,Germany,Mid Level,Full Time,Remote,590000,720000,INR,2026-05-19,IT Services,501-1000,Yes,Yes,Yes,Yes,No,No,No,No,No,No,No,No,Yes,No,No,2,Bachelor's,"Seeking a Data Analyst to support IT Services projects. Key skills include Python, SQL, Power BI, Excel, Statistics. Remote role with mid level experience requirements.",655000,5
JOB11928,Ai Engineer,Microsoft,Hyderabad,Singapore,Mid Level,Internship,On-site,1010000,1350000,INR,2026-07-25,Finance,1000+,Yes,Yes,No,No,No,Yes,No,No,No,Yes,Yes,No,Yes,Yes,No,3,Bachelor's,"Seeking a AI Engineer to support Finance projects. Key skills include Python, SQL, Machine Learning, AWS, Azure, Statistics, NLP. On-site role with mid level experience requirements.",1180000,7
JOB10934,Ai Engineer,HCLTech,Mumbai,Singapore,Entry Level,Full Time,On-site,720000,960000,INR,2025-12-09,Healthcare,1-50,Yes,Yes,No,No,No,Yes,Yes,No,No,No,Yes,No,No,No,Yes,0,Bachelor's,"Seeking a AI Engineer to support Healthcare projects. Key skills include Python, SQL, Machine Learning, Deep Learning, Azure, Generative AI. On-site role with entry level experience requirements.",840000,6
JOB10360,Ai Engineer,Walmart Global Tech,Bangalore,India,Mid Level,Full Time,Remote,1140000,1540000,INR,2025-03-18,Technology,501-1000,No,No,No,No,No,No,Yes,No,No,No,No,No,Yes,No,No,3,Bachelor's,"Seeking a AI Engineer to support Technology projects. Key skills include Deep Learning, Statistics. Remote role with mid level experience requirements.",1340000,2
JOB10096,Ai Engineer,Adobe,Hyderabad,India,Mid Level,Contract,Remote,1190000,1560000,INR,2026-03-08,Consulting,501-1000,Yes,Yes,No,Yes,No,Yes,No,No,No,No,No,No,No,No,No,2,Diploma,"Seeking a AI Engineer to support Consulting projects. Key skills include Python, SQL, Excel, Machine Learning. Remote role with mid level experience requirements.",1375000,4
JOB11656,Ai/Ml Intern,Tech Mahindra,Hyderabad,India,Entry Level,Full Time,Hybrid,180000,270000,INR,2025-11-27,Finance,201-500,No,Yes,No,No,Yes,Yes,Yes,No,Yes,No,No,No,No,No,No,0,Bachelor's,"Seeking a AI/ML Intern to support Finance projects. Key skills include SQL, Tableau, Machine Learning, Deep Learning, PyTorch. Hybrid role with entry level experience requirements.",225000,5
JOB11529,Ml Engineer,Genpact,Bangalore,India,Senior,Full Time,Hybrid,1250000,1680000,INR,2025-01-13,Education,501-1000,Yes,No,Yes,Yes,Yes,No,No,No,Yes,No,No,No,Yes,No,Yes,8,Bachelor's,"Seeking a ML Engineer to support Education projects. Key skills include Python, Power BI, Excel, Tableau, PyTorch, Statistics, Generative AI. Hybrid role with senior experience requirements.",1465000,7
JOB11497,Data Engineer,Genpact,Gurgaon,Canada,Mid Level,Full Time,On-site,690000,930000,INR,2026-05-06,Technology,1000+,No,Yes,No,Yes,No,Yes,No,No,No,Yes,No,No,Yes,Yes,No,5,Master's,"Seeking a Data Engineer to support Technology projects. Key skills include SQL, Excel, Machine Learning, AWS, Statistics, NLP. On-site role with mid level experience requirements.",810000,6
JOB11966,Data Engineer,LTIMindtree,Gurgaon,Canada,Entry Level,Contract,Hybrid,690000,980000,INR,2025-06-11,Healthcare,201-500,Yes,Yes,No,Yes,No,Yes,No,No,No,No,No,No,No,No,No,1,Bachelor's,"Seeking a Data Engineer to support Healthcare projects. Key skills include Python, SQL, Excel, Machine Learning. Hybrid role with entry level experience requirements.",835000,4
JOB11602,Data Scientist,Genpact,Hyderabad,India,Entry Level,Full Time,On-site,740000,1020000,INR,2025-06-30,E-commerce,1000+,No,Yes,Yes,Yes,No,No,No,No,No,No,No,No,Yes,Yes,No,1,Bachelor's,"Seeking a Data Scientist to support E-commerce projects. Key skills include SQL, Power BI, Excel, Statistics, NLP. On-site role with entry level experience requirements.",880000,5
JOB11983,Machine Learning Engineer,Genpact,Kolkata,India,Senior,Full Time,On-site,1300000,1700000,INR,2025-04-28,Healthcare,501-1000,Yes,No,No,Yes,No,Yes,Yes,No,No,Yes,No,No,No,No,No,6,Bachelor's,"Seeking a Machine Learning Engineer to support Healthcare projects. Key skills include Python, Excel, Machine Learning, Deep Learning, AWS. On-site role with senior experience requirements.",1500000,5
JOB10522,Machine Learning Engineer,Oracle,Chennai,Germany,Mid Level,Full Time,On-site,910000,1340000,INR,2025-12-22,Consulting,1000+,Yes,Yes,Yes,No,No,No,No,No,No,Yes,No,No,No,Yes,No,5,Master's,"Seeking a Machine Learning Engineer to support Consulting projects. Key skills include Python, SQL, Power BI, AWS, NLP. On-site role with mid level experience requirements.",1125000,5
JOB11873,Ai Engineer,Siemens,Pune,Germany,Senior,Full Time,On-site,1160000,1560000,INR,2025-02-26,E-commerce,1000+,No,No,No,No,No,Yes,Yes,No,No,No,No,No,Yes,No,Yes,9,Bachelor's,"Seeking a AI Engineer to support E-commerce projects. Key skills include Machine Learning, Deep Learning, Statistics, Generative AI. On-site role with senior experience requirements.",1360000,4
JOB11555,Data Scientist,Walmart Global Tech,Gurgaon,India,Mid Level,Full Time,Hybrid,740000,1050000,SGD,2026-04-01,Finance,501-1000,Yes,Yes,No,No,Yes,No,No,No,No,No,Yes,No,Yes,No,No,3,Master's,"Seeking a Data Scientist to support Finance projects. Key skills include Python, SQL, Tableau, Azure, Statistics. Hybrid role with mid level experience requirements.",895000,5
JOB11433,Ai Engineer,TCS,Pune,India,Entry Level,Full Time,On-site,930000,1340000,USD,2026-05-27,Telecommunications,1000+,Yes,No,No,No,No,No,No,No,No,No,No,No,No,No,No,2,Bachelor's,Seeking a AI Engineer to support Telecommunications projects. Key skills include Python. On-site role with entry level experience requirements.,1135000,1
JOB10975,Data Analyst,Oracle,Hyderabad,India,Entry Level,Full Time,On-site,420000,530000,INR,2026-02-11,Technology,201-500,No,No,No,Yes,Yes,No,No,No,No,Yes,No,No,Yes,No,No,1,Bachelor's,"Seeking a Data Analyst to support Technology projects. Key skills include Excel, Tableau, AWS, Statistics. On-site role with entry level experience requirements.",475000,4
JOB10666,Data Analyst,Walmart Global Tech,Bangalore,India,Mid Level,Full Time,On-site,610000,800000,GBP,2026-01-15,Consulting,51-200,Yes,Yes,Yes,Yes,No,No,No,No,No,No,Yes,No,No,No,No,2,Bachelor's,"Seeking a Data Analyst to support Consulting projects. Key skills include Python, SQL, Power BI, Excel, Azure. On-site role with mid level experience requirements.",705000,5
JOB10362,Data Engineer,Wipro,Pune,India,Lead,Full Time,Remote,1170000,1360000,INR,2025-10-02,E-commerce,1000+,Yes,Yes,No,Yes,No,No,Yes,No,No,No,No,No,Yes,No,No,9,Master's,"Seeking a Data Engineer to support E-commerce projects. Key skills include Python, SQL, Excel, Deep Learning, Statistics. Remote role with lead experience requirements.",1265000,5
JOB11457,Bi Analyst,SAP,Chennai,Singapore,Mid Level,Full Time,Hybrid,670000,920000,AUD,2026-01-18,Telecommunications,1000+,Yes,No,No,Yes,Yes,Yes,Yes,No,Yes,Yes,No,Yes,Yes,No,Yes,2,Bachelor's,"Seeking a BI Analyst to support Telecommunications projects. Key skills include Python, Excel, Tableau, Machine Learning, Deep Learning, PyTorch, AWS. Hybrid role with mid level experience requirements.",795000,10
JOB11456,Ai/Ml Intern,LTIMindtree,Noida,India,Entry Level,Full Time,Remote,180000,260000,INR,2025-06-05,Finance,1-50,Yes,Yes,No,Yes,No,Yes,No,Yes,No,No,No,No,No,No,No,0,Bachelor's,"Seeking a AI/ML Intern to support Finance projects. Key skills include Python, SQL, Excel, Machine Learning, TensorFlow. Remote role with entry level experience requirements.",220000,5
JOB10485,Data Engineer,Genpact,Hyderabad,India,Entry Level,Full Time,Remote,540000,780000,INR,2025-02-05,IT Services,1000+,Yes,Yes,Yes,Yes,No,No,No,No,No,Yes,No,No,No,No,No,0,Master's,"Seeking a Data Engineer to support IT Services projects. Key skills include Python, SQL, Power BI, Excel, AWS. Remote role with entry level experience requirements.",660000,5
JOB11176,Ai Engineer,Tech Mahindra,Noida,India,Senior,Full Time,Remote,1450000,1760000,INR,2026-05-25,Finance,1000+,Yes,Yes,Yes,No,Yes,Yes,Yes,No,No,No,No,No,Yes,No,No,7,Bachelor's,"Seeking a AI Engineer to support Finance projects. Key skills include Python, SQL, Power BI, Tableau, Machine Learning, Deep Learning, Statistics. Remote role with senior experience requirements.",1605000,7
JOB11352,Ai Engineer,Wipro,Gurgaon,India,Senior,Internship,On-site,1360000,1770000,INR,2026-07-12,Manufacturing,1000+,Yes,Yes,No,No,Yes,Yes,No,No,No,Yes,Yes,No,Yes,No,No,5,Bachelor's,"Seeking a AI Engineer to support Manufacturing projects. Key skills include Python, SQL, Tableau, Machine Learning, AWS, Azure, Statistics. On-site role with senior experience requirements.",1565000,7
JOB11281,Data Engineer,Microsoft,Bangalore,India,Mid Level,Full Time,On-site,870000,1190000,INR,2025-05-06,Consulting,51-200,Yes,Yes,Yes,No,No,Yes,No,No,No,No,No,No,Yes,No,Yes,2,Bachelor's,"Seeking a Data Engineer to support Consulting projects. Key skills include Python, SQL, Power BI, Machine Learning, Statistics, Generative AI. On-site role with mid level experience requirements.",1030000,6
JOB10312,Data Analyst,IBM,Noida,India,Entry Level,Full Time,Hybrid,470000,600000,INR,2025-04-02,Consulting,501-1000,Yes,Yes,Yes,Yes,No,No,Yes,No,No,No,Yes,No,Yes,No,No,1,Master's,"Seeking a Data Analyst to support Consulting projects. Key skills include Python, SQL, Power BI, Excel, Deep Learning, Azure, Statistics. Hybrid role with entry level experience requirements.",535000,7
JOB11795,Data Analyst,LTIMindtree,Mumbai,India,Entry Level,Full Time,Hybrid,470000,670000,INR,2026-01-08,Technology,501-1000,Yes,Yes,No,No,No,No,No,Yes,No,No,No,No,Yes,No,No,1,Bachelor's,"Seeking a Data Analyst to support Technology projects. Key skills include Python, SQL, TensorFlow, Statistics. Hybrid role with entry level experience requirements.",570000,4
JOB11329,Data Engineer,Amazon,Hyderabad,India,Mid Level,Full Time,On-site,910000,1200000,CAD,2025-12-10,Technology,201-500,Yes,Yes,No,Yes,No,No,No,No,No,Yes,Yes,No,Yes,Yes,No,2,Bachelor's,"Seeking a Data Engineer to support Technology projects. Key skills include Python, SQL, Excel, AWS, Azure, Statistics, NLP. On-site role with mid level experience requirements.",1055000,7
JOB10843,Data Analyst,Cisco,Delhi,India,Mid Level,Full Time,Remote,510000,680000,INR,2025-12-17,IT Services,1000+,Yes,Yes,No,Yes,No,No,No,No,Yes,No,No,No,Yes,Yes,Yes,5,Bachelor's,"Seeking a Data Analyst to support IT Services projects. Key skills include Python, SQL, Excel, PyTorch, Statistics, NLP, Generative AI. Remote role with mid level experience requirements.",595000,7
JOB10414,Ai Engineer,Persistent Systems,Delhi,USA,Senior,Full Time,Hybrid,1090000,1400000,INR,2026-02-03,Technology,1000+,Yes,No,No,No,No,Yes,Yes,No,No,Yes,No,Yes,Yes,No,Yes,10,Diploma,"Seeking a AI Engineer to support Technology projects. Key skills include Python, Machine Learning, Deep Learning, AWS, GCP, Statistics, Generative AI. Hybrid role with senior experience requirements.",1245000,7
JOB11158,Business Analyst,Cisco,Noida,India,Entry Level,Contract,Hybrid,490000,630000,INR,2025-03-04,Technology,501-1000,Yes,No,No,Yes,No,Yes,No,No,No,Yes,No,No,Yes,No,No,1,Bachelor's,"Seeking a Business Analyst to support Technology projects. Key skills include Python, Excel, Machine Learning, AWS, Statistics. Hybrid role with entry level experience requirements.",560000,5
JOB10032,Data Analyst,Bosch,Pune,Canada,Senior,Full Time,On-site,730000,830000,INR,2025-07-29,Consulting,201-500,Yes,Yes,Yes,No,No,No,No,No,No,No,No,Yes,No,No,No,9,Bachelor's,"Seeking a Data Analyst to support Consulting projects. Key skills include Python, SQL, Power BI, GCP. On-site role with senior experience requirements.",780000,4
JOB10766,Ai Engineer,Persistent Systems,Noida,Canada,Senior,Full Time,Remote,1110000,1320000,INR,2026-04-27,IT Services,1000+,Yes,No,No,No,No,Yes,Yes,No,No,No,Yes,Yes,No,Yes,No,7,Master's,"Seeking a AI Engineer to support IT Services projects. Key skills include Python, Machine Learning, Deep Learning, Azure, GCP, NLP. Remote role with senior experience requirements.",1215000,6
JOB10459,Data Analyst,Amazon,Bangalore,UK,Mid Level,Full Time,Hybrid,610000,710000,INR,2025-01-14,IT Services,1000+,No,Yes,No,No,No,No,No,No,No,Yes,No,No,Yes,Yes,No,5,Bachelor's,"Seeking a Data Analyst to support IT Services projects. Key skills include SQL, AWS, Statistics, NLP. Hybrid role with mid level experience requirements.",660000,4
JOB11186,Ai/Ml Intern,Infosys,Bangalore,India,Mid Level,Full Time,Hybrid,190000,300000,INR,2025-01-19,Technology,1000+,Yes,No,Yes,Yes,No,Yes,No,No,No,Yes,Yes,No,Yes,No,No,5,Master's,"Seeking a AI/ML Intern to support Technology projects. Key skills include Python, Power BI, Excel, Machine Learning, AWS, Azure, Statistics. Hybrid role with mid level experience requirements.",245000,7
JOB10340,Data Analyst,Wipro,Bangalore,India,Entry Level,Full Time,On-site,430000,650000,INR,2026-06-21,Manufacturing,1000+,No,Yes,Yes,Yes,No,No,No,No,No,Yes,No,No,Yes,No,No,0,Bachelor's,"Seeking a Data Analyst to support Manufacturing projects. Key skills include SQL, Power BI, Excel, AWS, Statistics. On-site role with entry level experience requirements.",540000,5
JOB10287,Machine Learning Engineer,Amazon,Bangalore,India,Mid Level,Full Time,On-site,1100000,1490000,USD,2025-10-21,Technology,1000+,Yes,Yes,Yes,Yes,No,Yes,No,Yes,No,No,Yes,No,Yes,No,No,4,Master's,"Seeking a Machine Learning Engineer to support Technology projects. Key skills include Python, SQL, Power BI, Excel, Machine Learning, TensorFlow, Azure. On-site role with mid level experience requirements.",1295000,8
JOB11273,Ml Engineer,Google,Pune,India,Mid Level,Internship,On-site,910000,1180000,INR,2025-03-16,IT Services,1000+,Yes,No,Yes,No,No,No,No,Yes,No,Yes,Yes,Yes,No,Yes,Yes,2,Bachelor's,"Seeking a ML Engineer to support IT Services projects. Key skills include Python, Power BI, TensorFlow, AWS, Azure, GCP, NLP. On-site role with mid level experience requirements.",1045000,8
JOB11992,Data Analyst,Capgemini,Bangalore,India,Mid Level,Full Time,Hybrid,530000,670000,CAD,2025-07-23,Finance,201-500,Yes,Yes,Yes,Yes,No,No,No,No,No,No,No,No,Yes,No,No,4,Bachelor's,"Seeking a Data Analyst to support Finance projects. Key skills include Python, SQL, Power BI, Excel, Statistics. Hybrid role with mid level experience requirements.",600000,5
JOB10950,Data Engineer,JPMorgan Chase,Delhi,India,Entry Level,Full Time,On-site,720000,890000,CAD,2025-02-24,Education,201-500,Yes,Yes,Yes,Yes,No,No,Yes,No,No,Yes,No,Yes,No,No,Yes,1,Master's,"Seeking a Data Engineer to support Education projects. Key skills include Python, SQL, Power BI, Excel, Deep Learning, AWS, GCP. On-site role with entry level experience requirements.",805000,8
JOB11604,Data Scientist,Microsoft,Gurgaon,India,Entry Level,Full Time,Hybrid,810000,1100000,INR,2025-07-11,Healthcare,501-1000,Yes,Yes,Yes,Yes,No,Yes,No,No,No,Yes,No,No,Yes,No,Yes,0,PhD,"Seeking a Data Scientist to support Healthcare projects. Key skills include Python, SQL, Power BI, Excel, Machine Learning, AWS, Statistics. Hybrid role with entry level experience requirements.",955000,8
JOB10140,Nlp Engineer,Persistent Systems,Bangalore,India,Mid Level,Full Time,On-site,1040000,1260000,INR,2025-08-02,Technology,501-1000,No,No,Yes,No,No,Yes,No,No,No,No,Yes,No,No,No,Yes,5,Bachelor's,"Seeking a NLP Engineer to support Technology projects. Key skills include Power BI, Machine Learning, Azure, Generative AI. On-site role with mid level experience requirements.",1150000,4
JOB10849,Ai Engineer,Wipro,Hyderabad,India,Entry Level,Full Time,On-site,970000,1320000,INR,2025-01-28,E-commerce,1000+,Yes,No,Yes,No,No,Yes,No,No,No,No,Yes,No,No,No,No,0,MBA,"Seeking a AI Engineer to support E-commerce projects. Key skills include Python, Power BI, Machine Learning, Azure. On-site role with entry level experience requirements.",1145000,4
JOB11688,Ai Engineer,Wipro,Chennai,Singapore,Senior,Contract,Remote,1300000,1620000,INR,2025-05-04,IT Services,1000+,Yes,Yes,Yes,Yes,No,Yes,No,No,No,No,No,No,Yes,No,Yes,7,MBA,"Seeking a AI Engineer to support IT Services projects. Key skills include Python, SQL, Power BI, Excel, Machine Learning, Statistics, Generative AI. Remote role with senior experience requirements.",1460000,7
JOB11026,Machine Learning Engineer,Cognizant,Bangalore,India,Mid Level,Full Time,Hybrid,1100000,1310000,INR,2026-03-28,Technology,1000+,Yes,No,No,No,No,Yes,No,Yes,No,No,No,No,Yes,Yes,No,5,Diploma,"Seeking a Machine Learning Engineer to support Technology projects. Key skills include Python, Machine Learning, TensorFlow, Statistics, NLP. Hybrid role with mid level experience requirements.",1205000,5
JOB11761,Machine Learning Engineer,Cisco,Delhi,India,Mid Level,Full Time,Hybrid,800000,1200000,INR,2025-06-04,Technology,201-500,Yes,No,No,Yes,No,No,Yes,Yes,No,No,No,No,No,No,No,3,PhD,"Seeking a Machine Learning Engineer to support Technology projects. Key skills include Python, Excel, Deep Learning, TensorFlow. Hybrid role with mid level experience requirements.",1000000,4
JOB11232,Data Scientist,Oracle,Bangalore,India,Lead,Full Time,Hybrid,1090000,1290000,INR,2025-07-14,Finance,201-500,Yes,Yes,No,Yes,No,Yes,No,No,No,No,Yes,Yes,Yes,No,No,11,Bachelor's,"Seeking a Data Scientist to support Finance projects. Key skills include Python, SQL, Excel, Machine Learning, Azure, GCP, Statistics. Hybrid role with lead experience requirements.",1190000,7
JOB11654,Machine Learning Engineer,TCS,Hyderabad,India,Mid Level,Full Time,On-site,1100000,1370000,CAD,2026-04-22,IT Services,1000+,Yes,Yes,Yes,No,No,Yes,No,No,No,No,No,No,Yes,No,No,5,Bachelor's,"Seeking a Machine Learning Engineer to support IT Services projects. Key skills include Python, SQL, Power BI, Machine Learning, Statistics. On-site role with mid level experience requirements.",1235000,5
JOB11139,Ai Engineer,Cisco,Bangalore,India,Mid Level,Full Time,Hybrid,1130000,1420000,INR,2025-11-19,Finance,201-500,Yes,No,No,No,No,Yes,No,No,No,No,No,No,No,Yes,No,2,Bachelor's,"Seeking a AI Engineer to support Finance projects. Key skills include Python, Machine Learning, NLP. Hybrid role with mid level experience requirements.",1275000,3
JOB10901,Data Analyst,Wipro,Mumbai,India,Mid Level,Full Time,On-site,630000,810000,INR,2026-03-23,E-commerce,1000+,Yes,Yes,Yes,Yes,No,No,No,Yes,Yes,No,Yes,No,No,No,No,4,Bachelor's,"Seeking a Data Analyst to support E-commerce projects. Key skills include Python, SQL, Power BI, Excel, TensorFlow, PyTorch, Azure. On-site role with mid level experience requirements.",720000,7
JOB10732,Ml Engineer,Walmart Global Tech,Bangalore,India,Senior,Full Time,Hybrid,1370000,1630000,INR,2026-05-02,Finance,1-50,Yes,Yes,Yes,No,Yes,No,Yes,Yes,No,No,No,No,No,No,Yes,6,Master's,"Seeking a ML Engineer to support Finance projects. Key skills include Python, SQL, Power BI, Tableau, Deep Learning, TensorFlow, Generative AI. Hybrid role with senior experience requirements.",1500000,7
JOB11855,Ai/Ml Intern,Cisco,Delhi,India,Mid Level,Contract,On-site,250000,370000,INR,2026-08-01,Healthcare,51-200,Yes,Yes,Yes,No,No,No,No,No,No,Yes,No,Yes,No,No,No,2,PhD,"Seeking a AI/ML Intern to support Healthcare projects. Key skills include Python, SQL, Power BI, AWS, GCP. On-site role with mid level experience requirements.",310000,5
JOB10265,Business Analyst,Adobe,Hyderabad,India,Senior,Full Time,Remote,690000,820000,INR,2026-07-02,IT Services,201-500,Yes,Yes,Yes,Yes,No,Yes,No,No,No,No,No,No,No,No,No,5,Bachelor's,"Seeking a Business Analyst to support IT Services projects. Key skills include Python, SQL, Power BI, Excel, Machine Learning. Remote role with senior experience requirements.",755000,5
JOB10275,Ai Engineer,Persistent Systems,Bangalore,India,Senior,Full Time,Hybrid,1310000,1740000,INR,2026-07-02,Healthcare,1000+,Yes,Yes,Yes,Yes,Yes,Yes,No,No,No,No,No,No,No,No,Yes,7,Master's,"Seeking a AI Engineer to support Healthcare projects. Key skills include Python, SQL, Power BI, Excel, Tableau, Machine Learning, Generative AI. Hybrid role with senior experience requirements.",1525000,7
JOB11095,Data Scientist,Cisco,Bangalore,India,Mid Level,Contract,Remote,1030000,1220000,EUR,2026-04-29,Education,1000+,Yes,Yes,No,Yes,No,Yes,No,No,No,Yes,No,No,Yes,No,No,2,Diploma,"Seeking a Data Scientist to support Education projects. Key skills include Python, SQL, Excel, Machine Learning, AWS, Statistics. Remote role with mid level experience requirements.",1125000,6
JOB11665,Nlp Engineer,JPMorgan Chase,Kolkata,India,Entry Level,Internship,Hybrid,850000,1190000,INR,2026-01-12,Consulting,51-200,Yes,No,No,No,Yes,Yes,No,No,No,No,No,No,No,Yes,No,0,Master's,"Seeking a NLP Engineer to support Consulting projects. Key skills include Python, Tableau, Machine Learning, NLP. Hybrid role with entry level experience requirements.",1020000,4
JOB10445,Ml Engineer,HCLTech,Pune,India,Entry Level,Full Time,On-site,890000,1300000,INR,2025-02-25,Finance,1-50,Yes,Yes,No,Yes,No,Yes,Yes,No,No,No,No,No,No,No,No,2,Bachelor's,"Seeking a ML Engineer to support Finance projects. Key skills include Python, SQL, Excel, Machine Learning, Deep Learning. On-site role with entry level experience requirements.",1095000,5
JOB10040,Machine Learning Engineer,Tech Mahindra,Gurgaon,India,Mid Level,Full Time,Hybrid,900000,1270000,INR,2026-05-24,Finance,1000+,Yes,No,Yes,Yes,Yes,No,No,No,No,No,No,Yes,No,No,No,4,Master's,"Seeking a Machine Learning Engineer to support Finance projects. Key skills include Python, Power BI, Excel, Tableau, GCP. Hybrid role with mid level experience requirements.",1085000,5
JOB11123,Business Analyst,Walmart Global Tech,Ahmedabad,Australia,Senior,Full Time,Remote,610000,750000,INR,2026-03-07,Finance,201-500,Yes,Yes,No,Yes,No,Yes,No,No,No,No,No,Yes,Yes,No,No,7,Bachelor's,"Seeking a Business Analyst to support Finance projects. Key skills include Python, SQL, Excel, Machine Learning, GCP, Statistics. Remote role with senior experience requirements.",680000,6
JOB11265,Data Analyst,LTIMindtree,Pune,India,Entry Level,Full Time,Hybrid,490000,650000,INR,2025-01-11,Healthcare,501-1000,Yes,Yes,No,Yes,Yes,No,Yes,No,No,Yes,No,No,Yes,No,Yes,1,Bachelor's,"Seeking a Data Analyst to support Healthcare projects. Key skills include Python, SQL, Excel, Tableau, Deep Learning, AWS, Statistics. Hybrid role with entry level experience requirements.",570000,8
JOB10022,Data Analyst,Capgemini,Delhi,India,Mid Level,Full Time,Hybrid,490000,600000,GBP,2026-04-23,Technology,1000+,Yes,Yes,No,Yes,No,Yes,No,No,No,No,Yes,No,No,No,No,2,MBA,"Seeking a Data Analyst to support Technology projects. Key skills include Python, SQL, Excel, Machine Learning, Azure. Hybrid role with mid level experience requirements.",545000,5
JOB10706,Nlp Engineer,Cognizant,Delhi,India,Senior,Contract,Remote,1170000,1500000,INR,2026-04-13,IT Services,1000+,Yes,Yes,No,Yes,Yes,No,No,No,Yes,Yes,No,No,Yes,No,No,8,Bachelor's,"Seeking a NLP Engineer to support IT Services projects. Key skills include Python, SQL, Excel, Tableau, PyTorch, AWS, Statistics. Remote role with senior experience requirements.",1335000,7
JOB11439,Data Analyst,LTIMindtree,Pune,India,Senior,Full Time,On-site,590000,740000,INR,2025-01-05,IT Services,1000+,Yes,Yes,Yes,Yes,Yes,No,Yes,Yes,No,No,No,No,No,No,No,5,Master's,"Seeking a Data Analyst to support IT Services projects. Key skills include Python, SQL, Power BI, Excel, Tableau, Deep Learning, TensorFlow. On-site role with senior experience requirements.",665000,7
JOB10518,Ml Engineer,Infosys,Remote,India,Mid Level,Full Time,Hybrid,850000,1290000,INR,2026-01-30,E-commerce,1000+,Yes,Yes,No,Yes,No,Yes,No,No,Yes,No,No,No,Yes,No,No,3,Bachelor's,"Seeking a ML Engineer to support E-commerce projects. Key skills include Python, SQL, Excel, Machine Learning, PyTorch, Statistics. Hybrid role with mid level experience requirements.",1070000,6
JOB11174,Data Scientist,Cognizant,Remote,India,Mid Level,Full Time,On-site,800000,980000,INR,2025-02-27,IT Services,1000+,Yes,Yes,No,Yes,No,Yes,No,No,No,No,No,No,Yes,Yes,No,4,Bachelor's,"Seeking a Data Scientist to support IT Services projects. Key skills include Python, SQL, Excel, Machine Learning, Statistics, NLP. On-site role with mid level experience requirements.",890000,6
JOB11672,Business Analyst,Wipro,Pune,India,Senior,Full Time,Hybrid,600000,760000,INR,2025-12-09,IT Services,501-1000,Yes,Yes,No,Yes,Yes,No,No,No,No,Yes,Yes,No,No,Yes,No,7,Diploma,"Seeking a Business Analyst to support IT Services projects. Key skills include Python, SQL, Excel, Tableau, AWS, Azure, NLP. Hybrid role with senior experience requirements.",680000,7
JOB10355,Data Analyst,Bosch,Bangalore,India,Senior,Full Time,Hybrid,780000,970000,INR,2025-07-28,Finance,501-1000,No,Yes,Yes,No,Yes,No,No,No,No,No,No,No,No,No,Yes,8,Master's,"Seeking a Data Analyst to support Finance projects. Key skills include SQL, Power BI, Tableau, Generative AI. Hybrid role with senior experience requirements.",875000,4
JOB10298,Data Analyst,Wipro,Kolkata,Australia,Entry Level,Contract,Hybrid,470000,640000,INR,2025-12-07,Manufacturing,501-1000,Yes,Yes,No,No,No,No,Yes,No,No,Yes,No,No,No,No,No,1,Master's,"Seeking a Data Analyst to support Manufacturing projects. Key skills include Python, SQL, Deep Learning, AWS. Hybrid role with entry level experience requirements.",555000,4
JOB11077,Machine Learning Engineer,Cognizant,Noida,India,Mid Level,Full Time,On-site,930000,1290000,SGD,2025-09-06,Technology,501-1000,Yes,Yes,No,No,No,Yes,No,No,No,No,Yes,Yes,Yes,No,No,4,Diploma,"Seeking a Machine Learning Engineer to support Technology projects. Key skills include Python, SQL, Machine Learning, Azure, GCP, Statistics. On-site role with mid level experience requirements.",1110000,6
JOB10840,Data Engineer,NVIDIA,Mumbai,India,Mid Level,Full Time,Hybrid,670000,940000,GBP,2025-11-07,Healthcare,51-200,Yes,Yes,Yes,No,No,No,Yes,No,No,Yes,Yes,No,No,No,No,3,Bachelor's,"Seeking a Data Engineer to support Healthcare projects. Key skills include Python, SQL, Power BI, Deep Learning, AWS, Azure. Hybrid role with mid level experience requirements.",805000,6
JOB11223,Machine Learning Engineer,HCLTech,Chennai,Singapore,Entry Level,Full Time,On-site,770000,1100000,USD,2025-10-21,E-commerce,1-50,Yes,Yes,Yes,No,No,Yes,Yes,Yes,No,No,Yes,No,Yes,Yes,No,1,Bachelor's,"Seeking a Machine Learning Engineer to support E-commerce projects. Key skills include Python, SQL, Power BI, Machine Learning, Deep Learning, TensorFlow, Azure. On-site role with entry level experience requirements.",935000,9
JOB10925,Machine Learning Engineer,Persistent Systems,Bangalore,India,Mid Level,Full Time,Remote,1150000,1480000,INR,2026-04-26,Technology,1000+,Yes,Yes,No,Yes,Yes,No,No,No,Yes,Yes,No,No,Yes,Yes,No,5,Master's,"Seeking a Machine Learning Engineer to support Technology projects. Key skills include Python, SQL, Excel, Tableau, PyTorch, AWS, Statistics. Remote role with mid level experience requirements.",1315000,8
JOB10123,Data Scientist,Persistent Systems,Kolkata,India,Entry Level,Full Time,Hybrid,760000,1010000,AUD,2025-06-18,Technology,1000+,Yes,Yes,Yes,No,No,No,No,No,No,No,Yes,No,No,No,No,1,Bachelor's,"Seeking a Data Scientist to support Technology projects. Key skills include Python, SQL, Power BI, Azure. Hybrid role with entry level experience requirements.",885000,4
JOB11228,Data Scientist,Amazon,Pune,USA,Mid Level,Full Time,Remote,740000,1110000,INR,2025-04-01,Finance,1000+,Yes,No,No,Yes,No,Yes,No,No,No,No,No,No,Yes,No,No,4,Bachelor's,"Seeking a Data Scientist to support Finance projects. Key skills include Python, Excel, Machine Learning, Statistics. Remote role with mid level experience requirements.",925000,4
JOB11092,Data Engineer,Amazon,Mumbai,India,Mid Level,Contract,On-site,770000,990000,AUD,2025-04-04,Manufacturing,201-500,Yes,Yes,Yes,No,Yes,No,No,No,No,Yes,Yes,No,No,No,No,3,Bachelor's,"Seeking a Data Engineer to support Manufacturing projects. Key skills include Python, SQL, Power BI, Tableau, AWS, Azure. On-site role with mid level experience requirements.",880000,6
JOB11248,Data Analyst,Adobe,Bangalore,India,Senior,Full Time,Hybrid,630000,750000,INR,2026-02-02,IT Services,51-200,Yes,Yes,Yes,Yes,No,Yes,No,No,No,Yes,Yes,No,Yes,No,No,5,Bachelor's,"Seeking a Data Analyst to support IT Services projects. Key skills include Python, SQL, Power BI, Excel, Machine Learning, AWS, Azure. Hybrid role with senior experience requirements.",690000,8
JOB11152,Ml Engineer,Infosys,Chennai,India,Entry Level,Full Time,Hybrid,620000,1010000,INR,2026-07-10,Technology,1000+,Yes,No,Yes,No,No,Yes,No,No,Yes,Yes,No,No,Yes,No,No,1,Master's,"Seeking a ML Engineer to support Technology projects. Key skills include Python, Power BI, Machine Learning, PyTorch, AWS, Statistics. Hybrid role with entry level experience requirements.",815000,6
JOB11680,Bi Analyst,Google,Bangalore,India,Senior,Full Time,Remote,810000,980000,AUD,2025-04-30,Technology,1-50,No,Yes,Yes,Yes,Yes,Yes,Yes,Yes,No,Yes,No,Yes,No,No,No,5,Bachelor's,"Seeking a BI Analyst to support Technology projects. Key skills include SQL, Power BI, Excel, Tableau, Machine Learning, Deep Learning, TensorFlow. Remote role with senior experience requirements.",895000,9
JOB11164,Bi Analyst,Siemens,Hyderabad,India,Entry Level,Full Time,Remote,540000,740000,INR,2025-04-17,IT Services,1000+,Yes,Yes,Yes,No,No,Yes,No,No,No,Yes,No,No,No,No,No,1,Bachelor's,"Seeking a BI Analyst to support IT Services projects. Key skills include Python, SQL, Power BI, Machine Learning, AWS. Remote role with entry level experience requirements.",640000,5
JOB10418,Data Scientist,LTIMindtree,Bangalore,India,Senior,Contract,Hybrid,1010000,1350000,INR,2026-03-10,Consulting,1000+,Yes,Yes,No,No,No,No,No,No,No,No,Yes,No,No,Yes,No,8,Master's,"Seeking a Data Scientist to support Consulting projects. Key skills include Python, SQL, Azure, NLP. Hybrid role with senior experience requirements.",1180000,4
JOB10967,Bi Analyst,Wipro,Gurgaon,Canada,Mid Level,Contract,On-site,660000,830000,GBP,2026-05-14,Finance,501-1000,No,Yes,Yes,Yes,Yes,No,No,Yes,No,Yes,No,No,Yes,No,No,2,Bachelor's,"Seeking a BI Analyst to support Finance projects. Key skills include SQL, Power BI, Excel, Tableau, TensorFlow, AWS, Statistics. On-site role with mid level experience requirements.",745000,7
JOB11243,Ml Engineer,Deloitte,Delhi,India,Mid Level,Full Time,Hybrid,810000,1150000,INR,2026-02-28,IT Services,1000+,Yes,No,Yes,Yes,Yes,Yes,Yes,No,No,No,No,No,No,No,No,4,Master's,"Seeking a ML Engineer to support IT Services projects. Key skills include Python, Power BI, Excel, Tableau, Machine Learning, Deep Learning. Hybrid role with mid level experience requirements.",980000,6
JOB10158,Bi Analyst,Infosys,Delhi,India,Mid Level,Contract,Hybrid,700000,880000,INR,2026-08-07,IT Services,201-500,No,Yes,Yes,Yes,Yes,Yes,Yes,No,No,Yes,Yes,Yes,No,Yes,No,4,Bachelor's,"Seeking a BI Analyst to support IT Services projects. Key skills include SQL, Power BI, Excel, Tableau, Machine Learning, Deep Learning, AWS. Hybrid role with mid level experience requirements.",790000,10
JOB11119,Data Scientist,Google,Hyderabad,India,Mid Level,Contract,Hybrid,730000,1050000,INR,2026-07-17,Technology,51-200,Yes,Yes,Yes,Yes,No,Yes,No,Yes,No,Yes,No,Yes,No,No,No,5,Bachelor's,"Seeking a Data Scientist to support Technology projects. Key skills include Python, SQL, Power BI, Excel, Machine Learning, TensorFlow, AWS. Hybrid role with mid level experience requirements.",890000,8
JOB11280,Ai Engineer,Cisco,Bangalore,India,Entry Level,Full Time,On-site,720000,1140000,INR,2025-09-14,Technology,201-500,Yes,No,Yes,No,Yes,No,Yes,No,No,No,No,No,No,No,No,2,MBA,"Seeking a AI Engineer to support Technology projects. Key skills include Python, Power BI, Tableau, Deep Learning. On-site role with entry level experience requirements.",930000,4
JOB11616,Data Engineer,JPMorgan Chase,Gurgaon,India,Mid Level,Full Time,On-site,750000,1000000,INR,2025-04-29,Technology,501-1000,Yes,Yes,Yes,No,No,Yes,Yes,No,Yes,No,No,No,Yes,No,No,3,Unknown,"Seeking a Data Engineer to support Technology projects. Key skills include Python, SQL, Power BI, Machine Learning, Deep Learning, PyTorch, Statistics. On-site role with mid level experience requirements.",875000,7
JOB11668,Ai/Ml Intern,TCS,Noida,India,Mid Level,Full Time,On-site,340000,450000,INR,2026-08-02,Consulting,501-1000,Yes,Yes,No,No,No,No,No,No,No,No,No,No,No,Yes,No,2,Bachelor's,"Seeking a AI/ML Intern to support Consulting projects. Key skills include Python, SQL, NLP. On-site role with mid level experience requirements.",395000,3
JOB11763,Data Analyst,NVIDIA,Bangalore,India,Mid Level,Full Time,On-site,620000,730000,INR,2025-08-23,Healthcare,501-1000,No,Yes,Yes,Yes,No,No,No,Yes,Yes,No,No,Yes,Yes,Yes,No,2,Bachelor's,"Seeking a Data Analyst to support Healthcare projects. Key skills include SQL, Power BI, Excel, TensorFlow, PyTorch, GCP, Statistics. On-site role with mid level experience requirements.",675000,8
JOB11064,Machine Learning Engineer,JPMorgan Chase,Bangalore,USA,Mid Level,Full Time,On-site,1050000,1340000,INR,2026-05-02,Education,1000+,Yes,No,Yes,No,No,Yes,No,Yes,No,No,No,No,No,Yes,No,3,Diploma,"Seeking a Machine Learning Engineer to support Education projects. Key skills include Python, Power BI, Machine Learning, TensorFlow, NLP. On-site role with mid level experience requirements.",1195000,5
JOB11155,Data Engineer,Google,Hyderabad,Singapore,Entry Level,Full Time,Hybrid,540000,820000,INR,2025-07-17,E-commerce,201-500,No,Yes,No,No,Yes,Yes,No,Yes,No,Yes,Yes,No,Yes,No,No,0,Master's,"Seeking a Data Engineer to support E-commerce projects. Key skills include SQL, Tableau, Machine Learning, TensorFlow, AWS, Azure, Statistics. Hybrid role with entry level experience requirements.",680000,7
JOB11963,Ml Engineer,Microsoft,Mumbai,India,Senior,Full Time,Hybrid,1270000,1540000,USD,2025-07-08,Technology,1000+,Yes,No,Yes,Yes,Yes,Yes,No,No,Yes,No,Yes,No,Yes,Yes,No,10,Master's,"Seeking a ML Engineer to support Technology projects. Key skills include Python, Power BI, Excel, Tableau, Machine Learning, PyTorch, Azure. Hybrid role with senior experience requirements.",1405000,9
JOB10590,Data Analyst,JPMorgan Chase,Delhi,India,Entry Level,Full Time,On-site,390000,590000,EUR,2025-03-06,IT Services,1000+,Yes,Yes,Yes,Yes,No,Yes,No,No,Yes,Yes,No,Yes,Yes,No,No,0,Bachelor's,"Seeking a Data Analyst to support IT Services projects. Key skills include Python, SQL, Power BI, Excel, Machine Learning, PyTorch, AWS. On-site role with entry level experience requirements.",490000,9
JOB11427,Data Analyst,JPMorgan Chase,Bangalore,UK,Mid Level,Full Time,Remote,470000,680000,AUD,2026-04-08,Technology,1000+,Yes,Yes,Yes,No,Yes,Yes,No,No,Yes,No,No,Yes,No,No,No,3,Bachelor's,"Seeking a Data Analyst to support Technology projects. Key skills include Python, SQL, Power BI, Tableau, Machine Learning, PyTorch, GCP. Remote role with mid level experience requirements.",575000,7
JOB10761,Data Analyst,LTIMindtree,Bangalore,USA,Entry Level,Contract,Hybrid,490000,620000,USD,2025-03-05,Manufacturing,1000+,Yes,Yes,Yes,Yes,No,No,No,No,No,No,Yes,No,Yes,No,Yes,0,Master's,"Seeking a Data Analyst to support Manufacturing projects. Key skills include Python, SQL, Power BI, Excel, Azure, Statistics, Generative AI. Hybrid role with entry level experience requirements.",555000,7
JOB11063,Bi Analyst,JPMorgan Chase,Pune,India,Senior,Full Time,On-site,810000,1010000,GBP,2026-02-12,IT Services,1000+,Yes,Yes,Yes,Yes,Yes,Yes,No,No,No,No,Yes,No,No,Yes,No,5,Bachelor's,"Seeking a BI Analyst to support IT Services projects. Key skills include Python, SQL, Power BI, Excel, Tableau, Machine Learning, Azure. On-site role with senior experience requirements.",910000,8
JOB10243,Ai/Ml Intern,Microsoft,Noida,India,Mid Level,Full Time,Hybrid,290000,420000,INR,2025-12-07,Technology,501-1000,Yes,No,No,No,No,Yes,No,No,Yes,No,No,No,Yes,No,No,2,Master's,"Seeking a AI/ML Intern to support Technology projects. Key skills include Python, Machine Learning, PyTorch, Statistics. Hybrid role with mid level experience requirements.",355000,4
JOB10885,Ml Engineer,Bosch,Delhi,USA,Senior,Full Time,On-site,1260000,1520000,INR,2026-02-23,Manufacturing,201-500,Yes,Yes,No,No,No,No,No,No,No,No,Yes,No,No,No,Yes,7,Master's,"Seeking a ML Engineer to support Manufacturing projects. Key skills include Python, SQL, Azure, Generative AI. On-site role with senior experience requirements.",1390000,4
JOB11378,Ai Engineer,Walmart Global Tech,Bangalore,Canada,Entry Level,Full Time,Remote,780000,1140000,INR,2025-08-21,Finance,201-500,Yes,Yes,No,Yes,Yes,No,No,No,Yes,No,No,No,No,No,No,0,Master's,"Seeking a AI Engineer to support Finance projects. Key skills include Python, SQL, Excel, Tableau, PyTorch. Remote role with entry level experience requirements.",960000,5
JOB10621,Data Analyst,IBM,Gurgaon,India,Senior,Contract,On-site,570000,740000,INR,2026-03-12,IT Services,1000+,No,Yes,Yes,Yes,No,No,No,No,No,No,No,Yes,Yes,No,No,9,Diploma,"Seeking a Data Analyst to support IT Services projects. Key skills include SQL, Power BI, Excel, GCP, Statistics. On-site role with senior experience requirements.",655000,5
JOB10651,Data Analyst,Accenture,Chennai,India,Entry Level,Full Time,On-site,360000,580000,INR,2025-01-29,Technology,51-200,Yes,Yes,No,No,No,No,No,No,Yes,No,No,No,No,Yes,No,0,Bachelor's,"Seeking a Data Analyst to support Technology projects. Key skills include Python, SQL, PyTorch, NLP. On-site role with entry level experience requirements.",470000,4
JOB11559,Ml Engineer,Deloitte,Noida,Germany,Mid Level,Full Time,On-site,770000,1070000,CAD,2026-04-05,Finance,501-1000,Yes,Yes,Yes,Yes,No,Yes,Yes,No,No,No,No,No,Yes,No,Yes,5,MBA,"Seeking a ML Engineer to support Finance projects. Key skills include Python, SQL, Power BI, Excel, Machine Learning, Deep Learning, Statistics. On-site role with mid level experience requirements.",920000,8
JOB10504,Ml Engineer,Infosys,Ahmedabad,India,Entry Level,Full Time,On-site,850000,1190000,INR,2025-07-17,Telecommunications,1000+,Yes,Yes,No,Yes,Yes,Yes,No,No,No,No,No,No,Yes,No,Yes,1,Master's,"Seeking a ML Engineer to support Telecommunications projects. Key skills include Python, SQL, Excel, Tableau, Machine Learning, Statistics, Generative AI. On-site role with entry level experience requirements.",1020000,7
JOB10923,Business Analyst,HCLTech,Delhi,India,Mid Level,Full Time,On-site,620000,810000,INR,2025-07-21,Technology,1000+,No,No,No,Yes,Yes,No,No,No,No,Yes,No,No,Yes,Yes,Yes,5,Bachelor's,"Seeking a Business Analyst to support Technology projects. Key skills include Excel, Tableau, AWS, Statistics, NLP, Generative AI. On-site role with mid level experience requirements.",715000,6
JOB10160,Bi Analyst,Wipro,Remote,India,Mid Level,Full Time,Hybrid,660000,840000,INR,2026-07-25,Telecommunications,1000+,Yes,Yes,No,No,Yes,No,Yes,No,No,No,No,No,Yes,No,No,4,Diploma,"Seeking a BI Analyst to support Telecommunications projects. Key skills include Python, SQL, Tableau, Deep Learning, Statistics. Hybrid role with mid level experience requirements.",750000,5
JOB11419,Machine Learning Engineer,Persistent Systems,Pune,USA,Mid Level,Full Time,Hybrid,860000,1230000,INR,2026-01-16,Consulting,1000+,Yes,Yes,Yes,Yes,No,Yes,No,No,No,No,No,Yes,No,No,No,3,Bachelor's,"Seeking a Machine Learning Engineer to support Consulting projects. Key skills include Python, SQL, Power BI, Excel, Machine Learning, GCP. Hybrid role with mid level experience requirements.",1045000,6
JOB10883,Data Analyst,Google,Hyderabad,India,Senior,Full Time,Hybrid,660000,810000,INR,2025-10-21,Consulting,501-1000,Yes,Yes,No,Yes,No,No,No,No,No,Yes,No,Yes,No,No,No,8,Bachelor's,"Seeking a Data Analyst to support Consulting projects. Key skills include Python, SQL, Excel, AWS, GCP. Hybrid role with senior experience requirements.",735000,5
JOB10538,Data Scientist,Infosys,Bangalore,India,Entry Level,Full Time,On-site,840000,1200000,INR,2025-06-14,Technology,51-200,Yes,Yes,No,No,No,Yes,No,Yes,No,Yes,No,No,No,No,No,1,Bachelor's,"Seeking a Data Scientist to support Technology projects. Key skills include Python, SQL, Machine Learning, TensorFlow, AWS. On-site role with entry level experience requirements.",1020000,5
JOB11720,Data Scientist,LTIMindtree,Delhi,India,Entry Level,Full Time,Hybrid,810000,1000000,INR,2025-09-28,Healthcare,501-1000,Yes,Yes,Yes,No,No,No,No,No,Yes,No,Yes,No,Yes,No,No,0,Bachelor's,"Seeking a Data Scientist to support Healthcare projects. Key skills include Python, SQL, Power BI, PyTorch, Azure, Statistics. Hybrid role with entry level experience requirements.",905000,6
JOB10241,Ai/Ml Intern,Walmart Global Tech,Remote,Canada,Entry Level,Full Time,Remote,150000,250000,AUD,2025-07-20,E-commerce,1000+,Yes,Yes,No,Yes,No,No,No,No,No,No,Yes,No,No,Yes,No,1,Bachelor's,"Seeking a AI/ML Intern to support E-commerce projects. Key skills include Python, SQL, Excel, Azure, NLP. Remote role with entry level experience requirements.",200000,5
JOB10014,Data Analyst,Cognizant,Bangalore,India,Mid Level,Full Time,On-site,580000,710000,USD,2026-05-21,Telecommunications,1000+,Yes,Yes,No,Yes,No,Yes,No,No,No,No,No,No,No,Yes,No,3,Bachelor's,"Seeking a Data Analyst to support Telecommunications projects. Key skills include Python, SQL, Excel, Machine Learning, NLP. On-site role with mid level experience requirements.",645000,5
JOB11682,Nlp Engineer,Google,Gurgaon,India,Mid Level,Full Time,On-site,880000,1240000,INR,2025-12-24,IT Services,1000+,Yes,Yes,Yes,Yes,No,Yes,No,No,No,Yes,No,No,No,Yes,No,3,Master's,"Seeking a NLP Engineer to support IT Services projects. Key skills include Python, SQL, Power BI, Excel, Machine Learning, AWS, NLP. On-site role with mid level experience requirements.",1060000,7
JOB10476,Nlp Engineer,Walmart Global Tech,Pune,Australia,Senior,Full Time,On-site,1140000,1540000,INR,2025-07-28,E-commerce,1-50,Yes,Yes,Yes,Yes,No,Yes,No,No,No,No,No,No,Yes,Yes,No,7,Bachelor's,"Seeking a NLP Engineer to support E-commerce projects. Key skills include Python, SQL, Power BI, Excel, Machine Learning, Statistics, NLP. On-site role with senior experience requirements.",1340000,7
JOB11916,Bi Analyst,Oracle,Pune,India,Entry Level,Full Time,Remote,430000,550000,INR,2025-06-01,Finance,1000+,No,Yes,Yes,Yes,Yes,No,No,Yes,No,Yes,No,No,No,No,No,0,Bachelor's,"Seeking a BI Analyst to support Finance projects. Key skills include SQL, Power BI, Excel, Tableau, TensorFlow, AWS. Remote role with entry level experience requirements.",490000,6
JOB11882,Business Analyst,TCS,Chennai,Canada,Mid Level,Full Time,On-site,620000,770000,INR,2025-10-11,Technology,501-1000,No,Yes,No,Yes,Yes,No,No,No,No,No,No,Yes,Yes,Yes,No,3,Bachelor's,"Seeking a Business Analyst to support Technology projects. Key skills include SQL, Excel, Tableau, GCP, Statistics, NLP. On-site role with mid level experience requirements.",695000,6
JOB10929,Data Engineer,JPMorgan Chase,Noida,India,Entry Level,Full Time,On-site,600000,860000,INR,2026-01-15,Finance,1000+,No,Yes,Yes,Yes,No,Yes,No,No,No,Yes,No,No,Yes,No,No,0,MBA,"Seeking a Data Engineer to support Finance projects. Key skills include SQL, Power BI, Excel, Machine Learning, AWS, Statistics. On-site role with entry level experience requirements.",730000,6
JOB11386,Data Scientist,Persistent Systems,Delhi,India,Entry Level,Full Time,On-site,580000,810000,INR,2026-08-06,E-commerce,1-50,Yes,Yes,Yes,No,Yes,Yes,No,No,No,Yes,No,No,Yes,Yes,No,1,Master's,"Seeking a Data Scientist to support E-commerce projects. Key skills include Python, SQL, Power BI, Tableau, Machine Learning, AWS, Statistics. On-site role with entry level experience requirements.",695000,8
JOB11615,Data Scientist,LTIMindtree,Pune,India,Senior,Full Time,On-site,1220000,1570000,EUR,2026-06-01,IT Services,1000+,No,Yes,Yes,Yes,Yes,Yes,No,No,No,Yes,No,Yes,Yes,No,No,9,Bachelor's,"Seeking a Data Scientist to support IT Services projects. Key skills include SQL, Power BI, Excel, Tableau, Machine Learning, AWS, GCP. On-site role with senior experience requirements.",1395000,8
JOB11345,Bi Analyst,Oracle,Noida,India,Lead,Internship,On-site,810000,1000000,INR,2025-04-09,IT Services,51-200,Yes,Yes,Yes,Yes,Yes,Yes,No,No,No,No,No,Yes,Yes,Yes,No,13,Bachelor's,"Seeking a BI Analyst to support IT Services projects. Key skills include Python, SQL, Power BI, Excel, Tableau, Machine Learning, GCP. On-site role with lead experience requirements.",905000,9
JOB10796,Business Analyst,Oracle,Remote,India,Mid Level,Full Time,Remote,600000,720000,INR,2025-07-24,IT Services,51-200,No,No,No,No,No,No,No,No,No,No,No,No,No,No,No,4,Master's,Seeking a Business Analyst to support IT Services projects. Remote role with mid level experience requirements.,660000,0
JOB11697,Data Analyst,LTIMindtree,Remote,India,Mid Level,Full Time,Hybrid,610000,820000,INR,2025-02-01,IT Services,1000+,No,Yes,No,Yes,Yes,No,Yes,No,No,No,No,No,Yes,No,Yes,5,Bachelor's,"Seeking a Data Analyst to support IT Services projects. Key skills include SQL, Excel, Tableau, Deep Learning, Statistics, Generative AI. Hybrid role with mid level experience requirements.",715000,6
JOB11589,Machine Learning Engineer,LTIMindtree,Delhi,India,Mid Level,Internship,On-site,960000,1240000,INR,2025-12-05,IT Services,501-1000,Yes,No,Yes,No,No,Yes,Yes,No,No,Yes,No,Yes,No,No,No,4,Bachelor's,"Seeking a Machine Learning Engineer to support IT Services projects. Key skills include Python, Power BI, Machine Learning, Deep Learning, AWS, GCP. On-site role with mid level experience requirements.",1100000,6
JOB10356,Data Engineer,Persistent Systems,Kolkata,India,Mid Level,Contract,Hybrid,810000,1120000,INR,2025-05-07,Technology,1000+,Yes,Yes,Yes,Yes,Yes,No,No,Yes,Yes,No,No,No,No,No,No,3,Bachelor's,"Seeking a Data Engineer to support Technology projects. Key skills include Python, SQL, Power BI, Excel, Tableau, TensorFlow, PyTorch. Hybrid role with mid level experience requirements.",965000,7
JOB11059,Machine Learning Engineer,Cognizant,Hyderabad,India,Senior,Full Time,Hybrid,1080000,1430000,INR,2025-01-22,Technology,51-200,Yes,Yes,Yes,No,No,Yes,No,No,No,No,No,No,No,No,No,8,Master's,"Seeking a Machine Learning Engineer to support Technology projects. Key skills include Python, SQL, Power BI, Machine Learning. Hybrid role with senior experience requirements.",1255000,4
JOB10335,Data Analyst,Wipro,Noida,Canada,Entry Level,Contract,On-site,370000,580000,CAD,2026-05-03,IT Services,1000+,No,Yes,Yes,No,No,No,Yes,No,No,No,No,No,Yes,No,No,0,Bachelor's,"Seeking a Data Analyst to support IT Services projects. Key skills include SQL, Power BI, Deep Learning, Statistics. On-site role with entry level experience requirements.",475000,4
JOB10689,Bi Analyst,Wipro,Delhi,India,Senior,Full Time,Remote,780000,1020000,INR,2025-02-21,IT Services,501-1000,Yes,Yes,Yes,Yes,No,No,No,No,Yes,No,No,Yes,Yes,No,No,10,Bachelor's,"Seeking a BI Analyst to support IT Services projects. Key skills include Python, SQL, Power BI, Excel, PyTorch, GCP, Statistics. Remote role with senior experience requirements.",900000,7
JOB10185,Data Scientist,Accenture,Mumbai,India,Mid Level,Full Time,Hybrid,1040000,1230000,INR,2025-10-14,Technology,1000+,Yes,Yes,Yes,Yes,No,No,Yes,No,No,Yes,No,Yes,Yes,No,No,4,Diploma,"Seeking a Data Scientist to support Technology projects. Key skills include Python, SQL, Power BI, Excel, Deep Learning, AWS, GCP. Hybrid role with mid level experience requirements.",1135000,8
JOB10824,Machine Learning Engineer,Bosch,Mumbai,USA,Senior,Full Time,On-site,1030000,1410000,INR,2026-04-03,E-commerce,1000+,Yes,No,No,No,Yes,Yes,No,No,Yes,Yes,No,Yes,No,No,Yes,9,Bachelor's,"Seeking a Machine Learning Engineer to support E-commerce projects. Key skills include Python, Tableau, Machine Learning, PyTorch, AWS, GCP, Generative AI. On-site role with senior experience requirements.",1220000,7
JOB11448,Ml Engineer,Wipro,Ahmedabad,India,Mid Level,Full Time,On-site,940000,1370000,INR,2025-09-10,IT Services,501-1000,Yes,Yes,No,No,Yes,No,Yes,No,No,No,Yes,Yes,No,No,No,4,PhD,"Seeking a ML Engineer to support IT Services projects. Key skills include Python, SQL, Tableau, Deep Learning, Azure, GCP. On-site role with mid level experience requirements.",1155000,6
JOB11890,Nlp Engineer,Oracle,Bangalore,India,Mid Level,Full Time,Hybrid,1080000,1300000,INR,2025-11-02,Finance,501-1000,Yes,Yes,No,No,No,No,Yes,Yes,No,No,No,No,No,Yes,No,5,Bachelor's,"Seeking a NLP Engineer to support Finance projects. Key skills include Python, SQL, Deep Learning, TensorFlow, NLP. Hybrid role with mid level experience requirements.",1190000,5
JOB11350,Data Analyst,Capgemini,Chennai,India,Entry Level,Full Time,Remote,480000,690000,CAD,2026-07-01,IT Services,1000+,Yes,Yes,Yes,Yes,No,Yes,No,No,No,No,No,No,No,No,No,1,Master's,"Seeking a Data Analyst to support IT Services projects. Key skills include Python, SQL, Power BI, Excel, Machine Learning. Remote role with entry level experience requirements.",585000,5
JOB11002,Ai Engineer,Genpact,Mumbai,India,Mid Level,Full Time,Hybrid,930000,1160000,AUD,2025-05-31,IT Services,501-1000,Yes,Yes,Yes,No,No,Yes,No,No,No,No,Yes,Yes,No,No,No,2,Master's,"Seeking a AI Engineer to support IT Services projects. Key skills include Python, SQL, Power BI, Machine Learning, Azure, GCP. Hybrid role with mid level experience requirements.",1045000,6
JOB10188,Ai Engineer,Accenture,Gurgaon,Singapore,Entry Level,Full Time,Remote,780000,1140000,INR,2025-07-05,IT Services,501-1000,Yes,Yes,Yes,Yes,Yes,No,Yes,No,No,No,Yes,No,Yes,Yes,Yes,0,Bachelor's,"Seeking a AI Engineer to support IT Services projects. Key skills include Python, SQL, Power BI, Excel, Tableau, Deep Learning, Azure. Remote role with entry level experience requirements.",960000,10
JOB10942,Ai Engineer,Capgemini,Hyderabad,India,Mid Level,Full Time,Remote,1260000,1670000,INR,2026-05-13,Manufacturing,201-500,Yes,Yes,No,No,Yes,Yes,Yes,No,No,Yes,Yes,No,Yes,No,No,2,Bachelor's,"Seeking a AI Engineer to support Manufacturing projects. Key skills include Python, SQL, Tableau, Machine Learning, Deep Learning, AWS, Azure. Remote role with mid level experience requirements.",1465000,8
JOB10285,Ai Engineer,Cisco,Hyderabad,India,Entry Level,Full Time,Remote,810000,1020000,INR,2026-02-23,Technology,1000+,Yes,No,Yes,No,No,Yes,No,Yes,No,No,No,No,No,No,Yes,0,Bachelor's,"Seeking a AI Engineer to support Technology projects. Key skills include Python, Power BI, Machine Learning, TensorFlow, Generative AI. Remote role with entry level experience requirements.",915000,5
JOB11416,Ai/Ml Intern,Siemens,Bangalore,India,Entry Level,Full Time,On-site,250000,360000,INR,2025-08-06,Consulting,501-1000,No,Yes,Yes,No,No,Yes,Yes,No,No,No,No,No,Yes,No,No,2,Bachelor's,"Seeking a AI/ML Intern to support Consulting projects. Key skills include SQL, Power BI, Machine Learning, Deep Learning, Statistics. On-site role with entry level experience requirements.",305000,5
JOB10900,Data Analyst,Genpact,Remote,India,Senior,Full Time,Remote,750000,970000,INR,2025-03-11,Technology,1000+,Yes,Yes,No,Yes,No,No,No,Yes,No,Yes,Yes,Yes,Yes,No,No,10,PhD,"Seeking a Data Analyst to support Technology projects. Key skills include Python, SQL, Excel, TensorFlow, AWS, Azure, GCP. Remote role with senior experience requirements.",860000,8
JOB11976,Ai/Ml Intern,Walmart Global Tech,Kolkata,Canada,Mid Level,Full Time,On-site,270000,400000,INR,2026-01-08,IT Services,1000+,Yes,No,No,No,No,Yes,Yes,No,No,No,No,No,Yes,Yes,No,4,Bachelor's,"Seeking a AI/ML Intern to support IT Services projects. Key skills include Python, Machine Learning, Deep Learning, Statistics, NLP. On-site role with mid level experience requirements.",335000,5
JOB10166,Ml Engineer,HCLTech,Delhi,UK,Entry Level,Full Time,Remote,880000,1080000,INR,2025-08-31,Consulting,1-50,Yes,Yes,Yes,Yes,No,Yes,Yes,No,No,No,No,No,No,No,No,0,Master's,"Seeking a ML Engineer to support Consulting projects. Key skills include Python, SQL, Power BI, Excel, Machine Learning, Deep Learning. Remote role with entry level experience requirements.",980000,6
JOB10348,Data Analyst,Deloitte,Bangalore,India,Mid Level,Full Time,On-site,630000,750000,USD,2026-02-15,Technology,201-500,No,Yes,No,Yes,No,Yes,Yes,No,No,No,No,No,Yes,No,Yes,3,Bachelor's,"Seeking a Data Analyst to support Technology projects. Key skills include SQL, Excel, Machine Learning, Deep Learning, Statistics, Generative AI. On-site role with mid level experience requirements.",690000,6
JOB10299,Data Engineer,Amazon,Pune,Australia,Mid Level,Full Time,On-site,810000,1020000,INR,2026-02-20,Technology,1000+,Yes,Yes,No,Yes,Yes,No,No,No,No,Yes,No,Yes,No,No,No,4,PhD,"Seeking a Data Engineer to support Technology projects. Key skills include Python, SQL, Excel, Tableau, AWS, GCP. On-site role with mid level experience requirements.",915000,6
JOB10536,Ai/Ml Intern,LTIMindtree,Pune,Australia,Senior,Full Time,On-site,230000,340000,INR,2025-03-28,IT Services,1000+,Yes,Yes,Yes,Yes,No,Yes,Yes,Yes,No,Yes,No,Yes,Yes,No,Yes,10,Master's,"Seeking a AI/ML Intern to support IT Services projects. Key skills include Python, SQL, Power BI, Excel, Machine Learning, Deep Learning, TensorFlow. On-site role with senior experience requirements.",285000,11
JOB10230,Data Engineer,Cisco,Noida,India,Senior,Full Time,Remote,920000,1210000,INR,2025-07-14,Healthcare,1000+,Yes,Yes,Yes,Yes,No,Yes,No,Yes,No,Yes,Yes,No,No,No,No,7,Bachelor's,"Seeking a Data Engineer to support Healthcare projects. Key skills include Python, SQL, Power BI, Excel, Machine Learning, TensorFlow, AWS. Remote role with senior experience requirements.",1065000,8
JOB11884,Bi Analyst,Microsoft,Pune,UK,Entry Level,Full Time,On-site,520000,650000,INR,2025-05-14,E-commerce,201-500,No,Yes,Yes,Yes,No,Yes,No,Yes,Yes,No,No,No,No,No,Yes,0,Bachelor's,"Seeking a BI Analyst to support E-commerce projects. Key skills include SQL, Power BI, Excel, Machine Learning, TensorFlow, PyTorch, Generative AI. On-site role with entry level experience requirements.",585000,7
JOB11852,Ml Engineer,TCS,Mumbai,Canada,Senior,Full Time,Hybrid,1410000,1640000,USD,2025-10-31,Healthcare,1000+,Yes,Yes,No,Yes,No,Yes,No,No,No,No,No,Yes,No,No,No,5,Diploma,"Seeking a ML Engineer to support Healthcare projects. Key skills include Python, SQL, Excel, Machine Learning, GCP. Hybrid role with senior experience requirements.",1525000,5
JOB11719,Nlp Engineer,IBM,Remote,Singapore,Entry Level,Full Time,Remote,680000,970000,INR,2026-03-14,Telecommunications,1-50,Yes,Yes,Yes,No,No,No,No,Yes,No,Yes,No,No,Yes,Yes,No,1,Bachelor's,"Seeking a NLP Engineer to support Telecommunications projects. Key skills include Python, SQL, Power BI, TensorFlow, AWS, Statistics, NLP. Remote role with entry level experience requirements.",825000,7
JOB11880,Ai Engineer,Genpact,Hyderabad,India,Mid Level,Full Time,On-site,870000,1110000,EUR,2025-11-05,Manufacturing,501-1000,Yes,Yes,No,No,No,Yes,No,Yes,No,Yes,No,No,No,No,No,2,Master's,"Seeking a AI Engineer to support Manufacturing projects. Key skills include Python, SQL, Machine Learning, TensorFlow, AWS. On-site role with mid level experience requirements.",990000,5
JOB10042,Ai Engineer,Bosch,Bangalore,Singapore,Mid Level,Full Time,Remote,940000,1220000,INR,2026-03-21,Healthcare,1-50,Yes,No,No,No,No,Yes,Yes,No,No,No,No,Yes,No,No,Yes,3,Bachelor's,"Seeking a AI Engineer to support Healthcare projects. Key skills include Python, Machine Learning, Deep Learning, GCP, Generative AI. Remote role with mid level experience requirements.",1080000,5
JOB10869,Business Analyst,Google,Pune,India,Entry Level,Full Time,Hybrid,410000,540000,GBP,2026-07-23,IT Services,501-1000,Yes,Yes,Yes,No,Yes,No,No,No,No,No,No,No,Yes,No,No,1,Bachelor's,"Seeking a Business Analyst to support IT Services projects. Key skills include Python, SQL, Power BI, Tableau, Statistics. Hybrid role with entry level experience requirements.",475000,5
JOB10749,Business Analyst,JPMorgan Chase,Pune,India,Mid Level,Full Time,On-site,620000,790000,INR,2025-05-09,Consulting,Unknown,Yes,Yes,Yes,Yes,No,No,Yes,No,No,Yes,No,No,Yes,Yes,No,2,Bachelor's,"Seeking a Business Analyst to support Consulting projects. Key skills include Python, SQL, Power BI, Excel, Deep Learning, AWS, Statistics. On-site role with mid level experience requirements.",705000,8
JOB11942,Data Scientist,SAP,Chennai,India,Mid Level,Full Time,Remote,1040000,1230000,GBP,2025-06-30,Technology,1-50,Yes,No,No,Yes,No,Yes,No,No,No,Yes,No,No,Yes,Yes,No,4,Bachelor's,"Seeking a Data Scientist to support Technology projects. Key skills include Python, Excel, Machine Learning, AWS, Statistics, NLP. Remote role with mid level experience requirements.",1135000,6
JOB11887,Data Analyst,Wipro,Mumbai,India,Mid Level,Full Time,Remote,620000,790000,AUD,2025-08-10,IT Services,1000+,Yes,Yes,Yes,Yes,Yes,No,No,No,No,No,No,No,Yes,No,No,5,Bachelor's,"Seeking a Data Analyst to support IT Services projects. Key skills include Python, SQL, Power BI, Excel, Tableau, Statistics. Remote role with mid level experience requirements.",705000,6
JOB11612,Data Engineer,HCLTech,Hyderabad,India,Mid Level,Full Time,Hybrid,950000,1280000,INR,2025-03-05,Finance,501-1000,Yes,Yes,Yes,No,Yes,Yes,No,No,No,Yes,No,No,No,No,No,3,Bachelor's,"Seeking a Data Engineer to support Finance projects. Key skills include Python, SQL, Power BI, Tableau, Machine Learning, AWS. Hybrid role with mid level experience requirements.",1115000,6
JOB11568,Data Analyst,Tech Mahindra,Hyderabad,Singapore,Entry Level,Full Time,On-site,410000,590000,INR,2026-01-14,IT Services,1000+,Yes,Yes,No,Yes,Yes,Yes,No,No,No,Yes,No,No,No,No,Yes,2,Bachelor's,"Seeking a Data Analyst to support IT Services projects. Key skills include Python, SQL, Excel, Tableau, Machine Learning, AWS, Generative AI. On-site role with entry level experience requirements.",500000,7
JOB10447,Nlp Engineer,Cognizant,Mumbai,India,Mid Level,Full Time,On-site,830000,1210000,EUR,2025-08-18,IT Services,201-500,Yes,Yes,Yes,Yes,No,Yes,No,No,No,No,No,No,Yes,Yes,No,4,Bachelor's,"Seeking a NLP Engineer to support IT Services projects. Key skills include Python, SQL, Power BI, Excel, Machine Learning, Statistics, NLP. On-site role with mid level experience requirements.",1020000,7
JOB11472,Bi Analyst,Adobe,Remote,Canada,Entry Level,Full Time,On-site,470000,620000,SGD,2025-12-23,IT Services,1000+,No,Yes,Yes,Yes,No,Yes,No,No,Yes,No,No,No,No,No,No,0,Diploma,"Seeking a BI Analyst to support IT Services projects. Key skills include SQL, Power BI, Excel, Machine Learning, PyTorch. On-site role with entry level experience requirements.",545000,5
JOB10350,Data Engineer,IBM,Hyderabad,Germany,Mid Level,Full Time,On-site,950000,1120000,INR,2025-02-21,IT Services,1000+,Yes,Yes,No,No,No,No,No,No,No,No,Yes,Yes,No,No,No,4,Master's,"Seeking a Data Engineer to support IT Services projects. Key skills include Python, SQL, Azure, GCP. On-site role with mid level experience requirements.",1035000,4
JOB10046,Data Engineer,Walmart Global Tech,Bangalore,Singapore,Mid Level,Full Time,Hybrid,660000,830000,AUD,2025-11-23,Finance,51-200,Yes,Yes,Yes,Yes,No,No,Yes,No,Yes,No,No,Yes,Yes,No,No,4,Master's,"Seeking a Data Engineer to support Finance projects. Key skills include Python, SQL, Power BI, Excel, Deep Learning, PyTorch, GCP. Hybrid role with mid level experience requirements.",745000,8
JOB11952,Data Scientist,Capgemini,Pune,India,Entry Level,Internship,Remote,620000,980000,INR,2026-04-01,Telecommunications,501-1000,Yes,No,No,Yes,No,Yes,No,No,No,Yes,No,No,No,No,No,1,Unknown,"Seeking a Data Scientist to support Telecommunications projects. Key skills include Python, Excel, Machine Learning, AWS. Remote role with entry level experience requirements.",800000,4
JOB11982,Ml Engineer,Accenture,Bangalore,Germany,Mid Level,Internship,On-site,830000,1100000,INR,2026-03-07,Consulting,201-500,Yes,Yes,No,Yes,Yes,Yes,No,Yes,No,No,No,No,Yes,No,Yes,2,Bachelor's,"Seeking a ML Engineer to support Consulting projects. Key skills include Python, SQL, Excel, Tableau, Machine Learning, TensorFlow, Statistics. On-site role with mid level experience requirements.",965000,8
JOB11642,Ml Engineer,Genpact,Hyderabad,India,Entry Level,Contract,On-site,730000,990000,INR,2025-09-04,Healthcare,51-200,Yes,Yes,Yes,No,No,No,No,No,No,No,No,No,No,No,No,1,Master's,"Seeking a ML Engineer to support Healthcare projects. Key skills include Python, SQL, Power BI. On-site role with entry level experience requirements.",860000,3
JOB10030,Data Analyst,Cisco,Remote,India,Mid Level,Full Time,On-site,620000,730000,USD,2025-12-09,Technology,501-1000,No,Yes,Yes,No,No,Yes,No,No,No,Yes,No,No,Yes,No,Yes,5,Bachelor's,"Seeking a Data Analyst to support Technology projects. Key skills include SQL, Power BI, Machine Learning, AWS, Statistics, Generative AI. On-site role with mid level experience requirements.",675000,6
JOB10182,Data Analyst,Microsoft,Pune,India,Mid Level,Full Time,On-site,510000,630000,INR,2026-04-02,Technology,501-1000,Yes,Yes,No,Yes,No,No,No,No,No,No,Yes,Yes,Yes,Yes,No,3,Bachelor's,"Seeking a Data Analyst to support Technology projects. Key skills include Python, SQL, Excel, Azure, GCP, Statistics, NLP. On-site role with mid level experience requirements.",570000,7
JOB10622,Data Analyst,Accenture,Pune,India,Mid Level,Full Time,Hybrid,580000,770000,INR,2025-08-01,Telecommunications,501-1000,No,Yes,Yes,No,No,No,No,No,No,No,No,No,Yes,No,No,2,Master's,"Seeking a Data Analyst to support Telecommunications projects. Key skills include SQL, Power BI, Statistics. Hybrid role with mid level experience requirements.",675000,3
JOB11444,Machine Learning Engineer,Deloitte,Pune,India,Senior,Full Time,On-site,1420000,1760000,USD,2025-12-13,Technology,1000+,Yes,Yes,No,No,No,No,Yes,No,Yes,No,No,No,Yes,No,No,8,Master's,"Seeking a Machine Learning Engineer to support Technology projects. Key skills include Python, SQL, Deep Learning, PyTorch, Statistics. On-site role with senior experience requirements.",1590000,5
JOB10635,Data Analyst,Genpact,Mumbai,India,Entry Level,Contract,Hybrid,440000,570000,INR,2025-06-11,Telecommunications,1000+,No,Yes,No,Yes,No,No,No,Yes,No,No,No,No,Yes,No,No,0,Bachelor's,"Seeking a Data Analyst to support Telecommunications projects. Key skills include SQL, Excel, TensorFlow, Statistics. Hybrid role with entry level experience requirements.",505000,4
JOB11986,Data Analyst,Genpact,Delhi,India,Entry Level,Full Time,On-site,400000,610000,INR,2025-08-15,Technology,1000+,No,No,Yes,Yes,No,No,No,No,No,Yes,Yes,No,Yes,No,No,2,Bachelor's,"Seeking a Data Analyst to support Technology projects. Key skills include Power BI, Excel, AWS, Azure, Statistics. On-site role with entry level experience requirements.",505000,5
JOB10105,Business Analyst,Deloitte,Chennai,India,Mid Level,Full Time,Hybrid,520000,750000,USD,2025-06-09,Manufacturing,1000+,Yes,Yes,No,No,No,Yes,No,No,No,No,Yes,No,Yes,No,Yes,5,Bachelor's,"Seeking a Business Analyst to support Manufacturing projects. Key skills include Python, SQL, Machine Learning, Azure, Statistics, Generative AI. Hybrid role with mid level experience requirements.",635000,6
JOB10061,Machine Learning Engineer,Microsoft,Bangalore,India,Lead,Full Time,Remote,1440000,1790000,INR,2025-04-04,Finance,501-1000,Yes,No,Yes,No,Yes,Yes,No,No,Yes,No,No,Yes,Yes,No,No,11,Bachelor's,"Seeking a Machine Learning Engineer to support Finance projects. Key skills include Python, Power BI, Tableau, Machine Learning, PyTorch, GCP, Statistics. Remote role with lead experience requirements.",1615000,7
JOB10659,Data Engineer,JPMorgan Chase,Ahmedabad,India,Senior,Contract,Hybrid,1070000,1360000,INR,2025-04-10,IT Services,1-50,Yes,No,Yes,No,No,Yes,No,No,No,Yes,Yes,No,Yes,No,No,10,Master's,"Seeking a Data Engineer to support IT Services projects. Key skills include Python, Power BI, Machine Learning, AWS, Azure, Statistics. Hybrid role with senior experience requirements.",1215000,6
JOB11108,Bi Analyst,Siemens,Mumbai,Canada,Mid Level,Full Time,Remote,540000,700000,GBP,2025-10-15,Technology,1000+,Yes,Yes,No,Yes,No,No,No,Yes,No,No,No,Yes,No,No,No,2,Master's,"Seeking a BI Analyst to support Technology projects. Key skills include Python, SQL, Excel, TensorFlow, GCP. Remote role with mid level experience requirements.",620000,5
JOB10491,Machine Learning Engineer,TCS,Mumbai,Singapore,Mid Level,Part Time,Hybrid,1100000,1490000,CAD,2025-02-09,Technology,501-1000,Yes,Yes,No,Yes,No,Yes,No,No,No,No,No,No,No,No,No,2,Bachelor's,"Seeking a Machine Learning Engineer to support Technology projects. Key skills include Python, SQL, Excel, Machine Learning. Hybrid role with mid level experience requirements.",1295000,4
JOB10316,Bi Analyst,LTIMindtree,Chennai,India,Senior,Full Time,On-site,870000,1060000,EUR,2025-03-26,Technology,201-500,Yes,Yes,Yes,No,No,No,No,No,No,No,No,No,Yes,No,No,7,Bachelor's,"Seeking a BI Analyst to support Technology projects. Key skills include Python, SQL, Power BI, Statistics. On-site role with senior experience requirements.",965000,4
JOB11475,Data Scientist,Tech Mahindra,Hyderabad,India,Entry Level,Contract,On-site,730000,1040000,INR,2025-10-19,Finance,1000+,Yes,Yes,Yes,Yes,No,No,Yes,No,No,Yes,No,No,No,Yes,No,1,Bachelor's,"Seeking a Data Scientist to support Finance projects. Key skills include Python, SQL, Power BI, Excel, Deep Learning, AWS, NLP. On-site role with entry level experience requirements.",885000,7
JOB10382,Bi Analyst,HCLTech,Bangalore,India,Senior,Full Time,On-site,630000,790000,INR,2025-01-12,Finance,51-200,No,Yes,Yes,Yes,No,No,No,No,No,No,Yes,Yes,No,Yes,No,5,MBA,"Seeking a BI Analyst to support Finance projects. Key skills include SQL, Power BI, Excel, Azure, GCP, NLP. On-site role with senior experience requirements.",710000,6
JOB10423,Data Analyst,IBM,Pune,USA,Senior,Full Time,On-site,640000,770000,INR,2025-02-27,Healthcare,201-500,Yes,Yes,No,Yes,No,No,No,No,No,No,No,No,No,No,Yes,7,Bachelor's,"Seeking a Data Analyst to support Healthcare projects. Key skills include Python, SQL, Excel, Generative AI. On-site role with senior experience requirements.",705000,4
JOB11521,Data Analyst,Genpact,Bangalore,India,Entry Level,Contract,Hybrid,460000,600000,INR,2025-06-10,Healthcare,1000+,Yes,Yes,Yes,No,No,Yes,No,No,No,Yes,No,No,Yes,No,No,1,Master's,"Seeking a Data Analyst to support Healthcare projects. Key skills include Python, SQL, Power BI, Machine Learning, AWS, Statistics. Hybrid role with entry level experience requirements.",530000,6
JOB11959,Data Engineer,Tech Mahindra,Gurgaon,India,Mid Level,Full Time,On-site,910000,1150000,INR,2025-09-19,Technology,501-1000,Yes,Yes,No,No,Yes,No,No,Yes,No,No,No,Yes,No,No,Yes,5,Bachelor's,"Seeking a Data Engineer to support Technology projects. Key skills include Python, SQL, Tableau, TensorFlow, GCP, Generative AI. On-site role with mid level experience requirements.",1030000,6
JOB11764,Ai Engineer,SAP,Pune,UK,Senior,Internship,Hybrid,1120000,1480000,INR,2025-06-14,Consulting,1000+,Yes,Yes,No,Yes,Yes,No,Yes,No,No,Yes,No,No,No,No,No,8,Bachelor's,"Seeking a AI Engineer to support Consulting projects. Key skills include Python, SQL, Excel, Tableau, Deep Learning, AWS. Hybrid role with senior experience requirements.",1300000,6
JOB11548,Ai Engineer,LTIMindtree,Hyderabad,India,Mid Level,Full Time,Hybrid,1200000,1460000,INR,2026-05-24,Finance,1000+,Yes,Yes,No,No,No,Yes,No,No,No,No,No,No,No,No,Yes,2,Unknown,"Seeking a AI Engineer to support Finance projects. Key skills include Python, SQL, Machine Learning, Generative AI. Hybrid role with mid level experience requirements.",1330000,4
JOB10446,Ai/Ml Intern,Genpact,Bangalore,India,Senior,Full Time,Hybrid,350000,440000,GBP,2025-10-20,Consulting,1000+,Yes,No,No,No,No,No,No,No,No,No,No,No,Yes,Yes,Yes,5,Bachelor's,"Seeking a AI/ML Intern to support Consulting projects. Key skills include Python, Statistics, NLP, Generative AI. Hybrid role with senior experience requirements.",395000,4
JOB10664,Data Scientist,Deloitte,Delhi,USA,Entry Level,Full Time,On-site,820000,1160000,INR,2025-01-07,Technology,1-50,Yes,Yes,No,Yes,Yes,Yes,No,No,No,No,No,Yes,Yes,Yes,No,2,Master's,"Seeking a Data Scientist to support Technology projects. Key skills include Python, SQL, Excel, Tableau, Machine Learning, GCP, Statistics. On-site role with entry level experience requirements.",990000,8
JOB11025,Ai/Ml Intern,Amazon,Bangalore,India,Mid Level,Contract,Hybrid,330000,410000,INR,2025-12-04,Consulting,51-200,Yes,Yes,Yes,No,No,No,No,No,Yes,Yes,No,No,No,No,No,2,Bachelor's,"Seeking a AI/ML Intern to support Consulting projects. Key skills include Python, SQL, Power BI, PyTorch, AWS. Hybrid role with mid level experience requirements.",370000,5
JOB10780,Data Engineer,Genpact,Gurgaon,Singapore,Entry Level,Full Time,On-site,730000,1030000,USD,2025-01-05,IT Services,501-1000,Yes,Yes,No,No,Yes,Yes,No,No,No,Yes,No,Yes,No,No,No,1,Master's,"Seeking a Data Engineer to support IT Services projects. Key skills include Python, SQL, Tableau, Machine Learning, AWS, GCP. On-site role with entry level experience requirements.",880000,6
JOB11530,Ai Engineer,Amazon,Bangalore,India,Entry Level,Contract,On-site,790000,1040000,CAD,2026-07-24,Consulting,1000+,Yes,Yes,Yes,No,No,Yes,No,No,No,Yes,No,Yes,No,No,No,1,MBA,"Seeking a AI Engineer to support Consulting projects. Key skills include Python, SQL, Power BI, Machine Learning, AWS, GCP. On-site role with entry level experience requirements.",915000,6
JOB10627,Machine Learning Engineer,Persistent Systems,Delhi,Singapore,Entry Level,Contract,Hybrid,750000,1070000,EUR,2025-11-15,Education,1-50,Yes,Yes,No,Yes,Yes,Yes,No,No,No,No,Yes,No,No,No,No,1,Bachelor's,"Seeking a Machine Learning Engineer to support Education projects. Key skills include Python, SQL, Excel, Tableau, Machine Learning, Azure. Hybrid role with entry level experience requirements.",910000,6
JOB11482,Data Analyst,NVIDIA,Mumbai,India,Entry Level,Full Time,On-site,370000,500000,USD,2026-05-25,Finance,501-1000,Yes,Yes,Yes,No,No,Yes,No,No,No,No,No,No,No,No,No,2,Unknown,"Seeking a Data Analyst to support Finance projects. Key skills include Python, SQL, Power BI, Machine Learning. On-site role with entry level experience requirements.",435000,4
JOB11513,Ai/Ml Intern,Wipro,Pune,USA,Mid Level,Full Time,Hybrid,330000,440000,INR,2025-06-12,IT Services,501-1000,Yes,No,No,Yes,No,Yes,Yes,No,No,Yes,No,No,No,No,No,3,MBA,"Seeking a AI/ML Intern to support IT Services projects. Key skills include Python, Excel, Machine Learning, Deep Learning, AWS. Hybrid role with mid level experience requirements.",385000,5
JOB11113,Data Scientist,Cognizant,Kolkata,India,Entry Level,Contract,Hybrid,580000,780000,INR,2025-11-13,Consulting,1000+,Yes,Yes,No,Yes,No,Yes,No,No,Yes,Yes,Yes,No,Yes,No,No,1,Bachelor's,"Seeking a Data Scientist to support Consulting projects. Key skills include Python, SQL, Excel, Machine Learning, PyTorch, AWS, Azure. Hybrid role with entry level experience requirements.",680000,8
JOB11508,Ai Engineer,TCS,Hyderabad,India,Mid Level,Full Time,Hybrid,1220000,1540000,EUR,2025-11-05,Manufacturing,201-500,Yes,Yes,No,Yes,No,No,No,No,No,Yes,Yes,No,Yes,No,Yes,5,Master's,"Seeking a AI Engineer to support Manufacturing projects. Key skills include Python, SQL, Excel, AWS, Azure, Statistics, Generative AI. Hybrid role with mid level experience requirements.",1380000,7
JOB11485,Data Scientist,Adobe,Bangalore,UK,Entry Level,Full Time,On-site,830000,1090000,INR,2025-07-24,Finance,201-500,Yes,Yes,No,No,Yes,No,No,No,No,No,Yes,No,No,No,No,1,Bachelor's,"Seeking a Data Scientist to support Finance projects. Key skills include Python, SQL, Tableau, Azure. On-site role with entry level experience requirements.",960000,4
JOB11102,Nlp Engineer,Capgemini,Pune,Germany,Senior,Full Time,On-site,1230000,1560000,INR,2025-03-21,Finance,201-500,No,Yes,Yes,No,No,Yes,No,No,No,Yes,No,No,No,Yes,No,7,Diploma,"Seeking a NLP Engineer to support Finance projects. Key skills include SQL, Power BI, Machine Learning, AWS, NLP. On-site role with senior experience requirements.",1395000,5
JOB10269,Data Scientist,Infosys,Hyderabad,India,Entry Level,Full Time,Remote,640000,1000000,EUR,2025-06-25,Finance,201-500,Yes,Yes,No,Yes,No,Yes,No,No,No,Yes,No,No,Yes,No,No,0,Bachelor's,"Seeking a Data Scientist to support Finance projects. Key skills include Python, SQL, Excel, Machine Learning, AWS, Statistics. Remote role with entry level experience requirements.",820000,6
JOB10930,Data Scientist,IBM,Hyderabad,India,Mid Level,Full Time,Hybrid,740000,1120000,INR,2026-02-05,Manufacturing,1000+,Yes,Yes,Yes,No,No,Yes,No,No,Yes,Yes,No,No,No,No,No,2,Master's,"Seeking a Data Scientist to support Manufacturing projects. Key skills include Python, SQL, Power BI, Machine Learning, PyTorch, AWS. Hybrid role with mid level experience requirements.",930000,6
JOB11148,Data Engineer,Infosys,Bangalore,India,Entry Level,Full Time,On-site,690000,870000,INR,2026-04-16,Technology,201-500,Yes,Yes,No,No,No,No,No,No,No,Yes,No,No,Yes,No,No,0,Diploma,"Seeking a Data Engineer to support Technology projects. Key skills include Python, SQL, AWS, Statistics. On-site role with entry level experience requirements.",780000,4
JOB11322,Data Analyst,NVIDIA,Pune,Canada,Senior,Full Time,Hybrid,780000,960000,INR,2026-01-10,Finance,201-500,Yes,Yes,No,Yes,No,No,No,No,No,No,No,Yes,Yes,No,No,6,Master's,"Seeking a Data Analyst to support Finance projects. Key skills include Python, SQL, Excel, GCP, Statistics. Hybrid role with senior experience requirements.",870000,5
JOB11906,Data Analyst,Wipro,Bangalore,USA,Senior,Part Time,On-site,610000,710000,INR,2026-08-06,IT Services,201-500,Yes,Yes,Yes,Yes,No,Yes,Yes,No,No,Yes,Yes,No,Yes,No,No,5,Bachelor's,"Seeking a Data Analyst to support IT Services projects. Key skills include Python, SQL, Power BI, Excel, Machine Learning, Deep Learning, AWS. On-site role with senior experience requirements.",660000,9
JOB11120,Data Analyst,Accenture,Delhi,India,Entry Level,Full Time,Remote,400000,540000,INR,2026-03-15,Consulting,201-500,Yes,Yes,Yes,Yes,Yes,No,Yes,No,No,No,No,No,Yes,No,No,1,Diploma,"Seeking a Data Analyst to support Consulting projects. Key skills include Python, SQL, Power BI, Excel, Tableau, Deep Learning, Statistics. Remote role with entry level experience requirements.",470000,7
JOB11758,Ai Engineer,Siemens,Bangalore,India,Mid Level,Full Time,On-site,1130000,1440000,INR,2025-11-13,IT Services,201-500,Yes,Yes,No,No,Yes,No,No,No,No,No,Yes,No,No,No,No,4,Bachelor's,"Seeking a AI Engineer to support IT Services projects. Key skills include Python, SQL, Tableau, Azure. On-site role with mid level experience requirements.",1285000,4
JOB10012,Nlp Engineer,Oracle,Kolkata,Canada,Mid Level,Full Time,On-site,1050000,1380000,INR,2025-08-25,Technology,501-1000,Yes,Yes,No,Yes,No,No,No,No,No,No,No,Yes,Yes,Yes,No,4,Master's,"Seeking a NLP Engineer to support Technology projects. Key skills include Python, SQL, Excel, GCP, Statistics, NLP. On-site role with mid level experience requirements.",1215000,6
JOB10115,Data Engineer,Persistent Systems,Hyderabad,India,Entry Level,Internship,On-site,580000,910000,INR,2025-10-25,Healthcare,51-200,Yes,No,Yes,No,Yes,No,No,No,No,No,Yes,Yes,No,No,No,0,Master's,"Seeking a Data Engineer to support Healthcare projects. Key skills include Python, Power BI, Tableau, Azure, GCP. On-site role with entry level experience requirements.",745000,5
JOB10844,Nlp Engineer,Accenture,Pune,India,Entry Level,Full Time,On-site,720000,970000,INR,2025-08-22,IT Services,1000+,Yes,Yes,No,No,Yes,Yes,Yes,No,No,Yes,Yes,No,No,No,No,1,Bachelor's,"Seeking a NLP Engineer to support IT Services projects. Key skills include Python, SQL, Tableau, Machine Learning, Deep Learning, AWS, Azure. On-site role with entry level experience requirements.",845000,7
JOB11453,Business Analyst,Accenture,Hyderabad,India,Senior,Full Time,Hybrid,570000,700000,INR,2026-05-24,Telecommunications,1000+,Yes,Yes,No,Yes,No,No,No,No,No,No,No,No,Yes,No,No,5,Bachelor's,"Seeking a Business Analyst to support Telecommunications projects. Key skills include Python, SQL, Excel, Statistics. Hybrid role with senior experience requirements.",635000,4
JOB11282,Bi Analyst,Capgemini,Kolkata,India,Mid Level,Full Time,Hybrid,600000,730000,INR,2025-04-23,Manufacturing,1000+,Yes,Yes,Yes,Yes,No,No,No,Yes,No,Yes,Yes,No,No,Yes,No,4,Bachelor's,"Seeking a BI Analyst to support Manufacturing projects. Key skills include Python, SQL, Power BI, Excel, TensorFlow, AWS, Azure. Hybrid role with mid level experience requirements.",665000,8
JOB11756,Ml Engineer,Genpact,Bangalore,Australia,Entry Level,Full Time,On-site,730000,1120000,INR,2026-05-12,Healthcare,1000+,Yes,No,Yes,Yes,No,No,No,Yes,No,No,No,No,Yes,No,Yes,0,Master's,"Seeking a ML Engineer to support Healthcare projects. Key skills include Python, Power BI, Excel, TensorFlow, Statistics, Generative AI. On-site role with entry level experience requirements.",925000,6
JOB11789,Data Analyst,Deloitte,Ahmedabad,Singapore,Senior,Full Time,Hybrid,770000,990000,INR,2026-06-09,Technology,51-200,Yes,Yes,No,Yes,No,No,No,Yes,No,No,No,No,Yes,No,No,7,Master's,"Seeking a Data Analyst to support Technology projects. Key skills include Python, SQL, Excel, TensorFlow, Statistics. Hybrid role with senior experience requirements.",880000,5
JOB10353,Data Engineer,Wipro,Hyderabad,India,Mid Level,Full Time,On-site,670000,990000,INR,2025-04-28,Finance,501-1000,Yes,Yes,Yes,Yes,No,Yes,No,No,No,No,No,No,No,No,Yes,2,Bachelor's,"Seeking a Data Engineer to support Finance projects. Key skills include Python, SQL, Power BI, Excel, Machine Learning, Generative AI. On-site role with mid level experience requirements.",830000,6
JOB11996,Data Engineer,Walmart Global Tech,Mumbai,India,Entry Level,Full Time,Hybrid,560000,880000,INR,2025-05-17,Healthcare,501-1000,No,Yes,Yes,No,No,No,No,No,No,Yes,No,Yes,Yes,No,No,1,Master's,"Seeking a Data Engineer to support Healthcare projects. Key skills include SQL, Power BI, AWS, GCP, Statistics. Hybrid role with entry level experience requirements.",720000,5
JOB10774,Machine Learning Engineer,Siemens,Pune,USA,Entry Level,Full Time,On-site,770000,980000,CAD,2025-06-20,IT Services,501-1000,Yes,No,Yes,Yes,No,Yes,No,No,No,Yes,No,No,Yes,No,Yes,1,Master's,"Seeking a Machine Learning Engineer to support IT Services projects. Key skills include Python, Power BI, Excel, Machine Learning, AWS, Statistics, Generative AI. On-site role with entry level experience requirements.",875000,7
JOB10691,Data Scientist,Oracle,Bangalore,India,Entry Level,Full Time,On-site,800000,1060000,INR,2026-03-22,Telecommunications,501-1000,Yes,No,No,No,No,Yes,No,No,No,No,No,No,Yes,Yes,No,1,Bachelor's,"Seeking a Data Scientist to support Telecommunications projects. Key skills include Python, Machine Learning, Statistics, NLP. On-site role with entry level experience requirements.",930000,4
JOB11947,Machine Learning Engineer,LTIMindtree,Hyderabad,Germany,Senior,Full Time,Remote,1190000,1470000,EUR,2025-08-19,Technology,501-1000,Yes,Yes,No,No,No,Yes,No,Yes,Yes,No,No,No,No,No,No,10,Master's,"Seeking a Machine Learning Engineer to support Technology projects. Key skills include Python, SQL, Machine Learning, TensorFlow, PyTorch. Remote role with senior experience requirements.",1330000,5
JOB10791,Data Analyst,Amazon,Chennai,India,Lead,Full Time,Hybrid,760000,970000,USD,2026-06-02,Finance,51-200,Yes,Yes,Yes,Yes,No,No,Yes,No,No,Yes,Yes,No,No,No,Yes,10,MBA,"Seeking a Data Analyst to support Finance projects. Key skills include Python, SQL, Power BI, Excel, Deep Learning, AWS, Azure. Hybrid role with lead experience requirements.",865000,8
JOB10532,Nlp Engineer,Microsoft,Remote,UK,Mid Level,Full Time,Remote,960000,1260000,INR,2025-02-16,Finance,501-1000,Yes,Yes,Yes,No,No,No,No,No,No,No,Yes,No,No,No,No,4,Bachelor's,"Seeking a NLP Engineer to support Finance projects. Key skills include Python, SQL, Power BI, Azure. Remote role with mid level experience requirements.",1110000,4
JOB10868,Data Analyst,Oracle,Delhi,UK,Entry Level,Full Time,Remote,480000,690000,INR,2025-05-19,Finance,51-200,Yes,Yes,No,Yes,No,No,Yes,No,No,No,No,No,No,Yes,No,0,MBA,"Seeking a Data Analyst to support Finance projects. Key skills include Python, SQL, Excel, Deep Learning, NLP. Remote role with entry level experience requirements.",585000,5
JOB10170,Data Engineer,Cognizant,Mumbai,India,Entry Level,Full Time,Hybrid,680000,920000,INR,2025-09-27,E-commerce,51-200,Yes,Yes,No,Yes,Yes,No,No,Yes,No,No,Yes,No,No,No,No,2,Master's,"Seeking a Data Engineer to support E-commerce projects. Key skills include Python, SQL, Excel, Tableau, TensorFlow, Azure. Hybrid role with entry level experience requirements.",800000,6
JOB10240,Data Analyst,Adobe,Bangalore,Germany,Lead,Full Time,Hybrid,730000,950000,INR,2025-12-28,Telecommunications,1000+,No,Yes,Yes,No,No,No,No,No,No,No,No,No,No,No,No,15,Bachelor's,"Seeking a Data Analyst to support Telecommunications projects. Key skills include SQL, Power BI. Hybrid role with lead experience requirements.",840000,2
JOB11302,Ai/Ml Intern,Google,Chennai,Canada,Entry Level,Full Time,On-site,230000,300000,INR,2026-04-26,Manufacturing,1000+,Yes,Yes,No,Yes,No,No,No,No,Yes,No,No,No,Yes,No,No,0,Master's,"Seeking a AI/ML Intern to support Manufacturing projects. Key skills include Python, SQL, Excel, PyTorch, Statistics. On-site role with entry level experience requirements.",265000,5
JOB11185,Data Analyst,Infosys,Gurgaon,India,Mid Level,Full Time,On-site,610000,790000,INR,2026-03-08,Technology,1000+,No,Yes,No,No,No,No,No,No,No,No,Yes,Yes,No,No,No,2,Bachelor's,"Seeking a Data Analyst to support Technology projects. Key skills include SQL, Azure, GCP. On-site role with mid level experience requirements.",700000,3
JOB10074,Ml Engineer,Capgemini,Chennai,India,Entry Level,Part Time,Remote,730000,1100000,INR,2025-01-16,IT Services,1000+,Yes,No,No,No,Yes,No,No,Yes,No,No,Yes,No,Yes,Yes,Yes,2,Master's,"Seeking a ML Engineer to support IT Services projects. Key skills include Python, Tableau, TensorFlow, Azure, Statistics, NLP, Generative AI. Remote role with entry level experience requirements.",915000,7
JOB11554,Business Analyst,LTIMindtree,Bangalore,UK,Mid Level,Full Time,On-site,600000,780000,INR,2025-06-12,Technology,1-50,No,Yes,Yes,Yes,Yes,Yes,No,No,No,No,No,No,Yes,No,Yes,4,Master's,"Seeking a Business Analyst to support Technology projects. Key skills include SQL, Power BI, Excel, Tableau, Machine Learning, Statistics, Generative AI. On-site role with mid level experience requirements.",690000,7
JOB11087,Data Engineer,JPMorgan Chase,Delhi,Singapore,Entry Level,Full Time,On-site,720000,1060000,INR,2025-01-24,Manufacturing,201-500,Yes,Yes,No,No,Yes,Yes,No,No,No,No,No,No,No,No,No,2,Bachelor's,"Seeking a Data Engineer to support Manufacturing projects. Key skills include Python, SQL, Tableau, Machine Learning. On-site role with entry level experience requirements.",890000,4
JOB10762,Data Scientist,LTIMindtree,Remote,India,Entry Level,Contract,Hybrid,790000,1070000,INR,2025-06-24,Technology,201-500,Yes,Yes,No,No,No,Yes,No,No,No,Yes,Yes,No,Yes,No,No,2,Bachelor's,"Seeking a Data Scientist to support Technology projects. Key skills include Python, SQL, Machine Learning, AWS, Azure, Statistics. Hybrid role with entry level experience requirements.",930000,6
JOB11517,Data Engineer,Persistent Systems,Mumbai,Canada,Entry Level,Full Time,Hybrid,690000,890000,INR,2026-08-07,Technology,1000+,Yes,Yes,No,No,No,Yes,Yes,No,No,No,No,No,Yes,No,No,1,Diploma,"Seeking a Data Engineer to support Technology projects. Key skills include Python, SQL, Machine Learning, Deep Learning, Statistics. Hybrid role with entry level experience requirements.",790000,5
JOB10741,Machine Learning Engineer,Google,Gurgaon,Australia,Mid Level,Internship,Remote,970000,1230000,INR,2026-02-05,IT Services,201-500,Yes,No,No,Yes,Yes,Yes,Yes,No,No,Yes,Yes,No,No,Yes,No,5,Master's,"Seeking a Machine Learning Engineer to support IT Services projects. Key skills include Python, Excel, Tableau, Machine Learning, Deep Learning, AWS, Azure. Remote role with mid level experience requirements.",1100000,8
JOB10751,Data Analyst,TCS,Gurgaon,Canada,Senior,Internship,Remote,660000,820000,INR,2025-03-23,IT Services,51-200,Yes,Yes,No,Yes,No,Yes,No,No,No,No,No,No,No,No,No,10,Master's,"Seeking a Data Analyst to support IT Services projects. Key skills include Python, SQL, Excel, Machine Learning. Remote role with senior experience requirements.",740000,4
JOB10742,Data Scientist,Capgemini,Hyderabad,India,Entry Level,Full Time,Remote,840000,1200000,INR,2025-08-29,Consulting,1000+,Yes,Yes,No,Yes,Yes,No,No,No,No,No,No,No,No,Yes,No,2,Master's,"Seeking a Data Scientist to support Consulting projects. Key skills include Python, SQL, Excel, Tableau, NLP. Remote role with entry level experience requirements.",1020000,5
JOB10831,Data Scientist,HCLTech,Delhi,India,Mid Level,Part Time,Remote,810000,1160000,INR,2025-09-25,IT Services,501-1000,Yes,Yes,No,No,No,No,No,No,No,No,No,No,Yes,No,No,4,Bachelor's,"Seeking a Data Scientist to support IT Services projects. Key skills include Python, SQL, Statistics. Remote role with mid level experience requirements.",985000,3
JOB11820,Machine Learning Engineer,Cisco,Bangalore,Germany,Entry Level,Full Time,On-site,730000,1120000,INR,2026-01-30,Healthcare,1000+,Yes,No,No,No,No,No,No,Yes,No,Yes,No,No,No,Yes,No,0,Master's,"Seeking a Machine Learning Engineer to support Healthcare projects. Key skills include Python, TensorFlow, AWS, NLP. On-site role with entry level experience requirements.",925000,4
JOB10048,Ai Engineer,Accenture,Chennai,India,Lead,Full Time,Remote,1570000,1980000,AUD,2025-09-08,Finance,501-1000,Yes,No,No,Yes,Yes,Yes,Yes,No,No,No,No,No,No,No,Yes,8,Bachelor's,"Seeking a AI Engineer to support Finance projects. Key skills include Python, Excel, Tableau, Machine Learning, Deep Learning, Generative AI. Remote role with lead experience requirements.",1775000,6
JOB10763,Data Scientist,Adobe,Bangalore,India,Senior,Full Time,Remote,960000,1300000,INR,2025-02-01,Healthcare,1000+,Yes,Yes,Yes,No,No,Yes,No,No,Yes,Yes,Yes,No,Yes,Yes,Yes,10,Master's,"Seeking a Data Scientist to support Healthcare projects. Key skills include Python, SQL, Power BI, Machine Learning, PyTorch, AWS, Azure. Remote role with senior experience requirements.",1130000,10
JOB10592,Data Engineer,HCLTech,Hyderabad,India,Mid Level,Contract,Remote,810000,1160000,AUD,2025-04-22,Manufacturing,51-200,Yes,Yes,Yes,Yes,No,No,No,No,No,No,Yes,No,Yes,No,No,2,Bachelor's,"Seeking a Data Engineer to support Manufacturing projects. Key skills include Python, SQL, Power BI, Excel, Azure, Statistics. Remote role with mid level experience requirements.",985000,6
JOB10808,Ai/Ml Intern,SAP,Hyderabad,India,Mid Level,Part Time,Hybrid,250000,390000,INR,2026-03-12,Finance,1-50,Yes,Yes,No,Yes,Yes,Yes,No,No,No,No,No,No,Yes,No,No,2,Master's,"Seeking a AI/ML Intern to support Finance projects. Key skills include Python, SQL, Excel, Tableau, Machine Learning, Statistics. Hybrid role with mid level experience requirements.",320000,6
JOB11084,Business Analyst,Deloitte,Delhi,Singapore,Mid Level,Full Time,On-site,510000,750000,CAD,2025-06-07,IT Services,1000+,Yes,Yes,Yes,No,No,No,No,No,No,Yes,Yes,No,No,No,No,3,Master's,"Seeking a Business Analyst to support IT Services projects. Key skills include Python, SQL, Power BI, AWS, Azure. On-site role with mid level experience requirements.",630000,5
JOB10506,Data Analyst,LTIMindtree,Delhi,India,Senior,Part Time,Hybrid,790000,930000,INR,2025-06-21,Finance,1000+,No,Yes,No,No,No,No,No,No,Yes,No,No,No,No,No,No,5,Bachelor's,"Seeking a Data Analyst to support Finance projects. Key skills include SQL, PyTorch. Hybrid role with senior experience requirements.",860000,2
JOB11045,Business Analyst,IBM,Chennai,USA,Senior,Full Time,On-site,750000,870000,USD,2026-04-08,Technology,201-500,No,Yes,No,No,No,Yes,No,Yes,No,No,No,No,Yes,No,No,9,Bachelor's,"Seeking a Business Analyst to support Technology projects. Key skills include SQL, Machine Learning, TensorFlow, Statistics. On-site role with senior experience requirements.",810000,4
JOB11993,Data Engineer,NVIDIA,Remote,UK,Senior,Full Time,Hybrid,940000,1200000,INR,2025-09-26,Healthcare,1000+,Yes,Yes,Yes,Yes,No,Yes,No,No,No,No,No,No,Yes,No,No,7,PhD,"Seeking a Data Engineer to support Healthcare projects. Key skills include Python, SQL, Power BI, Excel, Machine Learning, Statistics. Hybrid role with senior experience requirements.",1070000,6
JOB11449,Ai/Ml Intern,Accenture,Pune,USA,Mid Level,Full Time,Hybrid,340000,440000,GBP,2025-01-30,Healthcare,201-500,No,Yes,No,No,Yes,Yes,No,No,No,No,No,No,No,No,No,5,PhD,"Seeking a AI/ML Intern to support Healthcare projects. Key skills include SQL, Tableau, Machine Learning. Hybrid role with mid level experience requirements.",390000,3
JOB10653,Data Engineer,Bosch,Remote,India,Lead,Full Time,On-site,1020000,1200000,INR,2025-08-25,Finance,1-50,No,Yes,Yes,Yes,No,No,No,No,No,Yes,No,No,No,No,Yes,14,Bachelor's,"Seeking a Data Engineer to support Finance projects. Key skills include SQL, Power BI, Excel, AWS, Generative AI. On-site role with lead experience requirements.",1110000,5
JOB10193,Business Analyst,LTIMindtree,Bangalore,India,Mid Level,Contract,Hybrid,620000,790000,CAD,2025-05-21,Healthcare,1000+,Yes,Yes,Yes,Yes,No,No,No,No,No,Yes,No,No,No,Yes,No,2,Bachelor's,"Seeking a Business Analyst to support Healthcare projects. Key skills include Python, SQL, Power BI, Excel, AWS, NLP. Hybrid role with mid level experience requirements.",705000,6
JOB11667,Data Analyst,Siemens,Chennai,India,Mid Level,Full Time,On-site,580000,700000,INR,2025-12-09,IT Services,1000+,Yes,Yes,Yes,No,No,Yes,No,No,No,No,Yes,No,No,No,No,2,Bachelor's,"Seeking a Data Analyst to support IT Services projects. Key skills include Python, SQL, Power BI, Machine Learning, Azure. On-site role with mid level experience requirements.",640000,5
JOB11240,Data Analyst,HCLTech,Mumbai,USA,Mid Level,Full Time,Remote,510000,620000,INR,2025-12-07,Consulting,501-1000,No,Yes,No,No,No,No,No,No,No,No,No,No,Yes,Yes,No,4,Bachelor's,"Seeking a Data Analyst to support Consulting projects. Key skills include SQL, Statistics, NLP. Remote role with mid level experience requirements.",565000,3
JOB10245,Data Analyst,Amazon,Bangalore,UK,Entry Level,Full Time,On-site,360000,490000,GBP,2026-05-21,Finance,1-50,No,Yes,No,No,No,Yes,No,No,No,No,Yes,Yes,Yes,No,No,1,Master's,"Seeking a Data Analyst to support Finance projects. Key skills include SQL, Machine Learning, Azure, GCP, Statistics. On-site role with entry level experience requirements.",425000,5
JOB11388,Data Analyst,Infosys,Chennai,India,Senior,Full Time,Hybrid,590000,780000,INR,2026-07-04,Education,1-50,Yes,Yes,Yes,Yes,Yes,No,No,No,No,No,Yes,No,Yes,No,No,9,Diploma,"Seeking a Data Analyst to support Education projects. Key skills include Python, SQL, Power BI, Excel, Tableau, Azure, Statistics. Hybrid role with senior experience requirements.",685000,7
JOB10060,Data Scientist,Wipro,Chennai,India,Senior,Full Time,On-site,1300000,1630000,CAD,2026-07-07,IT Services,1000+,Yes,Yes,No,Yes,No,Yes,No,No,No,Yes,Yes,No,No,No,No,10,Master's,"Seeking a Data Scientist to support IT Services projects. Key skills include Python, SQL, Excel, Machine Learning, AWS, Azure. On-site role with senior experience requirements.",1465000,6
JOB11246,Data Engineer,IBM,Kolkata,USA,Senior,Full Time,Remote,850000,1110000,EUR,2025-03-23,Finance,1000+,Yes,Yes,No,No,Yes,Yes,No,No,No,Yes,Yes,No,Yes,No,No,6,Bachelor's,"Seeking a Data Engineer to support Finance projects. Key skills include Python, SQL, Power BI, Tableau, Machine Learning, AWS, Azure. Remote role with senior experience requirements.",980000,7
JOB10177,Bi Analyst,HCLTech,Delhi,India,Mid Level,Full Time,On-site,600000,740000,INR,2026-05-12,Consulting,201-500,Yes,Yes,Yes,Yes,Yes,Yes,No,No,No,No,Yes,No,No,No,Yes,4,Bachelor's,"Seeking a BI Analyst to support Consulting projects. Key skills include Python, SQL, Power BI, Excel, Tableau, Machine Learning, Azure. On-site role with mid level experience requirements.",670000,8
JOB10450,Data Analyst,LTIMindtree,Noida,India,Senior,Full Time,Remote,620000,760000,INR,2026-04-12,E-commerce,1-50,No,Yes,Yes,No,Yes,No,No,Yes,No,No,No,No,No,No,No,6,Bachelor's,"Seeking a Data Analyst to support E-commerce projects. Key skills include SQL, Power BI, Tableau, TensorFlow. Remote role with senior experience requirements.",690000,4
JOB10056,Ai/Ml Intern,NVIDIA,Mumbai,India,Senior,Full Time,On-site,350000,480000,INR,2026-05-27,IT Services,51-200,Yes,Yes,No,Yes,Yes,Yes,No,No,No,No,No,Yes,Yes,Yes,No,7,Bachelor's,"Seeking a AI/ML Intern to support IT Services projects. Key skills include Python, SQL, Excel, Tableau, Machine Learning, GCP, Statistics. On-site role with senior experience requirements.",415000,8
JOB11828,Nlp Engineer,JPMorgan Chase,Bangalore,Canada,Mid Level,Part Time,Hybrid,1080000,1460000,INR,2026-06-19,Technology,1-50,Yes,Yes,Yes,Yes,No,No,Yes,No,No,Yes,Yes,No,No,Yes,No,3,Master's,"Seeking a NLP Engineer to support Technology projects. Key skills include Python, SQL, Power BI, Excel, Deep Learning, AWS, Azure. Hybrid role with mid level experience requirements.",1270000,8
JOB11279,Data Analyst,IBM,Ahmedabad,India,Senior,Full Time,Hybrid,720000,900000,INR,2026-05-30,IT Services,51-200,No,Yes,No,Yes,No,No,Yes,No,No,Yes,No,No,No,No,No,9,MBA,"Seeking a Data Analyst to support IT Services projects. Key skills include SQL, Excel, Deep Learning, AWS. Hybrid role with senior experience requirements.",810000,4
JOB10920,Data Analyst,PERSISTENT SYSTEMS,Kolkata,India,Mid Level,Full Time,On-site,580000,760000,INR,2026-04-19,Technology,1-50,Yes,Yes,No,Yes,No,No,No,No,No,No,No,No,Yes,No,No,2,Master's,"Seeking a Data Analyst to support Technology projects. Key skills include Python, SQL, Excel, Statistics. On-site role with mid level experience requirements.",670000,4
JOB11410,Business Analyst,Tech Mahindra,Hyderabad,India,Senior,Internship,Hybrid,640000,780000,INR,2026-06-12,Technology,501-1000,Yes,Yes,Yes,No,No,Yes,No,No,No,Yes,Yes,Yes,Yes,No,No,8,Master's,"Seeking a Business Analyst to support Technology projects. Key skills include Python, SQL, Power BI, Machine Learning, AWS, Azure, GCP. Hybrid role with senior experience requirements.",710000,8
JOB11973,Data Scientist,Oracle,Chennai,India,Mid Level,Full Time,Hybrid,850000,1160000,INR,2025-01-12,Technology,501-1000,Yes,Yes,No,Yes,No,Yes,No,No,Yes,No,No,No,Yes,No,No,3,Diploma,"Seeking a Data Scientist to support Technology projects. Key skills include Python, SQL, Excel, Machine Learning, PyTorch, Statistics. Hybrid role with mid level experience requirements.",1005000,6
JOB11222,Data Analyst,JPMorgan Chase,Noida,India,Senior,Full Time,On-site,570000,770000,INR,2026-06-09,Technology,201-500,Yes,No,No,Yes,No,Yes,No,Yes,Yes,No,No,Yes,Yes,No,Yes,7,Master's,"Seeking a Data Analyst to support Technology projects. Key skills include Python, Excel, Machine Learning, TensorFlow, PyTorch, GCP, Statistics. On-site role with senior experience requirements.",670000,8
JOB11093,Data Engineer,NVIDIA,Hyderabad,India,Mid Level,Full Time,Hybrid,830000,1020000,INR,2026-02-25,Technology,1-50,Yes,No,Yes,No,No,No,No,No,No,Yes,No,No,No,Yes,No,3,Bachelor's,"Seeking a Data Engineer to support Technology projects. Key skills include Python, Power BI, AWS, NLP. Hybrid role with mid level experience requirements.",925000,4
JOB11747,Data Analyst,Capgemini,Delhi,India,Entry Level,Full Time,On-site,510000,720000,INR,2025-11-16,Technology,1000+,No,Yes,Yes,Yes,Yes,No,No,Yes,No,Yes,No,No,No,No,No,0,Bachelor's,"Seeking a Data Analyst to support Technology projects. Key skills include SQL, Power BI, Excel, Tableau, TensorFlow, AWS. On-site role with entry level experience requirements.",615000,6
JOB11769,Machine Learning Engineer,Infosys,Chennai,USA,Entry Level,Full Time,Hybrid,890000,1280000,INR,2025-03-16,Finance,501-1000,Yes,Yes,Yes,Yes,Yes,Yes,No,No,No,No,No,No,No,No,No,1,Master's,"Seeking a Machine Learning Engineer to support Finance projects. Key skills include Python, SQL, Power BI, Excel, Tableau, Machine Learning. Hybrid role with entry level experience requirements.",1085000,6
JOB11738,Data Analyst,Walmart Global Tech,Pune,India,Mid Level,Full Time,On-site,500000,620000,INR,2025-01-17,Technology,1000+,Yes,Yes,No,Yes,Yes,Yes,Yes,No,No,No,Yes,No,No,Yes,Yes,5,Bachelor's,"Seeking a Data Analyst to support Technology projects. Key skills include Python, SQL, Excel, Tableau, Machine Learning, Deep Learning, Azure. On-site role with mid level experience requirements.",560000,9
JOB11193,Data Scientist,Cisco,Gurgaon,UK,Lead,Full Time,On-site,1210000,1590000,AUD,2026-08-02,Education,51-200,Yes,No,Yes,Yes,No,Yes,No,No,Yes,No,No,No,No,No,No,10,Bachelor's,"Seeking a Data Scientist to support Education projects. Key skills include Python, Power BI, Excel, Machine Learning, PyTorch. On-site role with lead experience requirements.",1400000,5
JOB11210,Nlp Engineer,Bosch,Mumbai,India,Entry Level,Full Time,Remote,600000,910000,INR,2026-05-23,Finance,1000+,Yes,Yes,Yes,No,No,Yes,Yes,No,No,No,Yes,Yes,Yes,No,No,0,Diploma,"Seeking a NLP Engineer to support Finance projects. Key skills include Python, SQL, Power BI, Machine Learning, Deep Learning, Azure, GCP. Remote role with entry level experience requirements.",755000,8
JOB11060,Data Engineer,Cognizant,Bangalore,India,Mid Level,Full Time,Remote,770000,1000000,INR,2025-12-11,Technology,501-1000,Yes,Yes,Yes,Yes,No,No,No,No,No,No,Yes,Yes,No,No,No,2,Bachelor's,"Seeking a Data Engineer to support Technology projects. Key skills include Python, SQL, Power BI, Excel, Azure, GCP. Remote role with mid level experience requirements.",885000,6
JOB10642,Data Scientist,Persistent Systems,Remote,India,Entry Level,Full Time,Remote,700000,970000,INR,2025-06-14,Manufacturing,51-200,Yes,Yes,No,No,No,Yes,No,No,No,No,No,No,Yes,No,No,1,PhD,"Seeking a Data Scientist to support Manufacturing projects. Key skills include Python, SQL, Machine Learning, Statistics. Remote role with entry level experience requirements.",835000,4
